order_id,customer_id,order_date,status,channel,coupon_code,shipping_fee
2574,458,2024-01-02 15:40:38,delivered,mobile_app,,9.99
2404,407,2024-01-03 21:26:14,delivered,web,,7.99
2405,407,2024-01-07 18:05:19,shipped,mobile_app,,9.99
2066,312,2024-01-07 19:44:39,cancelled,web,,9.99
1466,140,2024-01-08 08:45:06,delivered,mobile_app,,7.99
2399,407,2024-01-13 10:17:28,delivered,web,LOYAL5,9.99
2422,410,2024-01-28 16:26:47,returned,mobile_app,,4.99
1561,161,2024-01-30 16:37:04,delivered,web,,4.99
2409,407,2024-01-31 18:16:14,delivered,web,,0
2376,396,2024-02-01 13:22:07,delivered,web,,4.99
1822,233,2024-02-07 22:32:16,returned,web,,0
1557,161,2024-02-08 10:26:48,delivered,mobile_app,,0
1169,68,2024-02-10 22:42:33,delivered,web,,0
2069,312,2024-02-11 14:19:54,delivered,mobile_app,,0
1430,132,2024-02-11 21:30:07,delivered,marketplace,,0
1197,71,2024-02-14 08:44:52,delivered,web,,9.99
1139,57,2024-02-14 10:20:28,delivered,mobile_app,,9.99
1192,71,2024-02-14 21:27:18,delivered,web,,0
2420,410,2024-02-15 09:10:03,delivered,web,,4.99
2245,357,2024-02-15 10:19:48,delivered,web,FREESHIP,0
1189,71,2024-02-17 08:26:32,delivered,web,,7.99
1840,241,2024-02-17 08:28:02,delivered,mobile_app,,7.99
1166,67,2024-02-17 22:46:04,delivered,web,WELCOME10,4.99
2575,458,2024-02-18 18:51:42,delivered,web,,9.99
1713,206,2024-02-22 09:22:08,returned,mobile_app,,7.99
2045,301,2024-02-22 10:31:39,delivered,web,,4.99
1200,71,2024-02-22 12:19:20,delivered,mobile_app,BLACKFRIDAY25,0
1555,161,2024-02-22 18:11:32,delivered,mobile_app,,0
2248,357,2024-02-24 18:26:50,delivered,web,,4.99
1558,161,2024-02-24 22:21:27,delivered,web,,9.99
2604,467,2024-02-25 17:02:13,delivered,web,,4.99
2605,467,2024-02-26 09:50:30,delivered,web,,0
1810,228,2024-02-27 12:28:36,delivered,marketplace,,4.99
2299,376,2024-02-28 16:44:07,delivered,mobile_app,LOYAL5,9.99
1266,89,2024-02-29 17:22:49,delivered,mobile_app,,9.99
2670,488,2024-03-01 14:40:29,delivered,mobile_app,,0
1664,187,2024-03-01 18:48:55,delivered,mobile_app,,9.99
1806,228,2024-03-03 18:49:08,delivered,mobile_app,,0
2806,517,2024-03-04 15:36:23,delivered,web,,9.99
1809,228,2024-03-04 19:09:05,delivered,web,,0
1195,71,2024-03-04 23:15:59,delivered,web,LOYAL5,0
1779,222,2024-03-06 12:14:01,delivered,mobile_app,,7.99
2350,389,2024-03-08 07:11:18,delivered,mobile_app,,7.99
1193,71,2024-03-09 09:46:12,delivered,web,,0
2608,467,2024-03-09 16:21:12,delivered,web,,4.99
1271,89,2024-03-11 12:22:55,delivered,mobile_app,,0
1126,53,2024-03-12 17:04:49,delivered,marketplace,,7.99
2247,357,2024-03-13 16:44:11,delivered,web,,7.99
1111,46,2024-03-13 20:42:56,delivered,mobile_app,,0
2805,517,2024-03-15 09:08:54,shipped,marketplace,,4.99
1202,71,2024-03-15 12:29:35,delivered,web,,0
2419,410,2024-03-16 17:08:36,delivered,web,,4.99
1434,132,2024-03-17 07:04:44,delivered,mobile_app,,7.99
1807,228,2024-03-17 11:18:03,cancelled,mobile_app,,0
2230,346,2024-03-17 19:09:54,delivered,web,,9.99
2246,357,2024-03-17 19:12:49,returned,mobile_app,,7.99
1812,228,2024-03-18 10:16:55,delivered,mobile_app,,7.99
2432,417,2024-03-18 16:17:24,delivered,mobile_app,,4.99
2400,407,2024-03-19 11:43:27,delivered,web,,4.99
2694,492,2024-03-20 10:17:58,delivered,web,,4.99
1441,136,2024-03-23 12:54:51,delivered,web,,4.99
2606,467,2024-03-23 18:48:42,delivered,mobile_app,,0
2576,458,2024-03-23 21:19:02,delivered,marketplace,,0
2955,563,2024-03-27 11:44:12,delivered,mobile_app,,0
2552,451,2024-03-27 23:25:24,delivered,web,,0
2089,319,2024-03-28 09:33:43,delivered,marketplace,,7.99
2362,392,2024-03-28 16:16:09,delivered,web,,9.99
2988,572,2024-03-29 20:00:56,delivered,web,,0
2511,439,2024-03-31 23:03:48,delivered,mobile_app,,0
1190,71,2024-04-01 13:29:13,delivered,web,SPRING15,0
1450,136,2024-04-01 21:39:28,delivered,marketplace,,7.99
2075,312,2024-04-01 22:52:39,delivered,web,,9.99
2804,517,2024-04-03 17:19:15,delivered,web,,0
1811,228,2024-04-04 12:13:26,delivered,web,FREESHIP,0
1399,124,2024-04-05 08:12:30,delivered,mobile_app,,9.99
1037,24,2024-04-07 14:50:54,delivered,web,,0
1138,57,2024-04-07 21:30:58,delivered,mobile_app,,0
2987,572,2024-04-07 22:41:51,delivered,marketplace,,4.99
2490,435,2024-04-08 16:31:23,delivered,web,,7.99
2456,419,2024-04-08 16:43:46,returned,mobile_app,,9.99
1203,71,2024-04-09 12:48:56,delivered,web,,0
2652,482,2024-04-10 22:24:17,delivered,web,,9.99
1131,53,2024-04-11 09:43:02,returned,mobile_app,,0
2993,573,2024-04-11 13:21:08,delivered,web,,4.99
2421,410,2024-04-11 13:55:21,delivered,web,,0
2918,550,2024-04-11 20:39:29,delivered,web,,4.99
2541,447,2024-04-11 23:21:03,delivered,web,,4.99
2464,421,2024-04-12 21:52:20,shipped,web,,9.99
2519,443,2024-04-13 15:21:34,delivered,mobile_app,SPRING15,0
1808,228,2024-04-13 23:44:14,delivered,web,,4.99
1087,38,2024-04-14 11:43:35,delivered,web,,0
2985,572,2024-04-14 13:00:24,returned,web,,0
1198,71,2024-04-14 20:31:29,delivered,mobile_app,,9.99
3011,581,2024-04-16 14:12:43,delivered,web,,4.99
1429,132,2024-04-17 15:33:55,delivered,web,,4.99
1132,53,2024-04-18 12:49:34,delivered,mobile_app,,0
2917,550,2024-04-18 14:46:37,delivered,marketplace,,4.99
2435,417,2024-04-20 17:59:59,delivered,mobile_app,FREESHIP,0
1136,55,2024-04-22 08:17:01,delivered,web,,7.99
2102,322,2024-04-22 15:28:38,delivered,mobile_app,,0
1228,80,2024-04-24 11:13:41,delivered,web,,0
2454,419,2024-04-24 11:18:11,shipped,mobile_app,,9.99
2986,572,2024-04-25 21:37:57,delivered,mobile_app,,9.99
1194,71,2024-04-26 18:08:13,delivered,web,LOYAL5,7.99
2544,449,2024-04-26 18:13:09,delivered,mobile_app,,4.99
2442,417,2024-04-26 22:43:11,returned,marketplace,WELCOME10,7.99
1201,71,2024-04-27 14:34:37,delivered,web,,0
1101,43,2024-04-28 19:49:44,delivered,web,,0
2374,396,2024-04-29 15:27:46,delivered,mobile_app,SPRING15,9.99
2418,410,2024-04-30 07:00:57,delivered,mobile_app,,4.99
1103,43,2024-04-30 10:30:06,delivered,mobile_app,,0
2451,419,2024-04-30 14:55:13,delivered,web,,0
1191,71,2024-05-01 16:10:05,delivered,web,,0
2715,498,2024-05-01 17:47:30,delivered,web,,9.99
1380,119,2024-05-04 09:08:44,delivered,marketplace,WELCOME10,4.99
1431,132,2024-05-05 17:38:43,cancelled,marketplace,,7.99
2851,536,2024-05-06 15:54:36,delivered,web,,0
2375,396,2024-05-06 21:50:42,delivered,mobile_app,,4.99
2760,505,2024-05-07 16:08:10,delivered,marketplace,FREESHIP,0
2853,538,2024-05-07 17:49:31,delivered,mobile_app,WELCOME10,0
1972,278,2024-05-08 12:40:14,delivered,web,,7.99
2671,488,2024-05-10 13:30:19,delivered,web,,0
2364,393,2024-05-11 12:07:58,delivered,mobile_app,,0
2137,328,2024-05-12 22:59:07,delivered,web,,0
1445,136,2024-05-14 17:18:15,delivered,mobile_app,,7.99
2920,550,2024-05-14 17:31:37,delivered,mobile_app,,9.99
1268,89,2024-05-17 14:08:35,shipped,web,,9.99
2651,482,2024-05-17 14:20:49,delivered,web,,4.99
1127,53,2024-05-17 17:32:47,delivered,web,,0
1706,204,2024-05-17 18:25:45,delivered,mobile_app,BLACKFRIDAY25,9.99
1129,53,2024-05-17 20:40:59,delivered,web,,9.99
1130,53,2024-05-18 07:02:26,delivered,mobile_app,,4.99
1698,204,2024-05-19 15:41:27,delivered,mobile_app,,0
2562,453,2024-05-20 11:24:28,delivered,marketplace,,4.99
2991,572,2024-05-20 15:21:37,delivered,mobile_app,,7.99
1114,47,2024-05-21 11:07:52,delivered,marketplace,,0
2609,467,2024-05-21 21:37:36,delivered,web,,9.99
2563,453,2024-05-23 13:44:04,delivered,marketplace,LOYAL5,4.99
2613,467,2024-05-23 13:49:07,delivered,web,,9.99
1140,57,2024-05-23 16:10:25,delivered,mobile_app,,0
1629,177,2024-05-23 21:14:10,delivered,web,FREESHIP,0
2990,572,2024-05-28 12:37:16,delivered,mobile_app,,7.99
2068,312,2024-05-28 23:52:31,delivered,web,,0
1176,68,2024-05-29 18:30:29,delivered,web,,4.99
1199,71,2024-05-30 08:57:35,delivered,web,,0
2919,550,2024-05-31 08:38:46,returned,web,,4.99
1560,161,2024-05-31 12:28:08,delivered,mobile_app,,0
2983,572,2024-06-01 19:53:48,delivered,web,,4.99
2984,572,2024-06-02 08:01:40,delivered,web,,0
1171,68,2024-06-02 18:59:21,cancelled,web,,0
2611,467,2024-06-02 22:05:53,delivered,web,,4.99
2669,488,2024-06-03 14:41:17,delivered,mobile_app,,9.99
1091,38,2024-06-04 16:07:26,delivered,mobile_app,,4.99
2280,371,2024-06-04 23:25:20,returned,marketplace,,0
2365,393,2024-06-05 12:43:33,shipped,web,,7.99
1556,161,2024-06-05 22:40:07,delivered,web,,0
2610,467,2024-06-07 14:42:00,delivered,mobile_app,,0
2695,492,2024-06-08 09:45:53,delivered,web,,0
2547,451,2024-06-08 11:37:12,delivered,web,,4.99
2657,484,2024-06-08 17:31:22,delivered,mobile_app,,0
2958,565,2024-06-08 22:55:06,delivered,mobile_app,,0
2989,572,2024-06-09 10:14:33,delivered,web,,0
2963,568,2024-06-09 21:58:11,delivered,web,,4.99
2942,560,2024-06-10 20:50:29,delivered,marketplace,,7.99
2449,419,2024-06-12 21:34:03,delivered,web,FREESHIP,0
1628,177,2024-06-16 09:39:13,delivered,mobile_app,,0
1697,204,2024-06-16 16:17:33,delivered,web,SPRING15,9.99
2921,550,2024-06-18 07:00:17,delivered,marketplace,,7.99
1756,215,2024-06-18 13:49:09,delivered,web,,0
1940,269,2024-06-20 21:23:16,delivered,mobile_app,,0
2059,306,2024-06-21 16:42:06,shipped,mobile_app,,9.99
2056,306,2024-06-21 18:09:53,delivered,web,LOYAL5,7.99
2543,449,2024-06-25 12:39:54,delivered,web,BLACKFRIDAY25,0
2431,417,2024-06-26 09:52:45,delivered,mobile_app,,4.99
2967,568,2024-06-27 09:13:07,returned,mobile_app,,7.99
1626,177,2024-06-27 13:47:25,delivered,web,WELCOME10,4.99
2968,568,2024-06-27 15:41:22,delivered,web,SPRING15,0
1947,269,2024-06-27 16:21:14,delivered,web,,7.99
2144,328,2024-06-28 11:31:27,delivered,web,,7.99
1687,201,2024-06-28 16:13:00,delivered,web,,7.99
2621,474,2024-06-28 20:22:30,delivered,mobile_app,,4.99
2373,396,2024-06-29 10:29:45,delivered,mobile_app,,9.99
3016,581,2024-06-29 18:06:03,returned,web,,0
2440,417,2024-06-29 18:38:30,delivered,web,,7.99
2377,396,2024-06-29 20:14:46,delivered,web,,0
2969,568,2024-07-01 09:01:35,delivered,marketplace,,4.99
1178,68,2024-07-02 14:29:03,delivered,web,,7.99
1476,143,2024-07-02 18:08:46,delivered,mobile_app,,9.99
1017,7,2024-07-03 14:16:46,delivered,mobile_app,,0
1704,204,2024-07-03 21:27:59,returned,web,,7.99
1243,83,2024-07-04 08:55:08,delivered,web,,7.99
2763,506,2024-07-06 10:18:01,delivered,marketplace,,7.99
2429,416,2024-07-07 13:16:19,delivered,mobile_app,,7.99
2498,437,2024-07-07 14:42:03,delivered,mobile_app,,9.99
3012,581,2024-07-08 09:50:28,delivered,web,,0
1820,233,2024-07-08 23:14:52,delivered,mobile_app,,4.99
1470,140,2024-07-08 23:28:23,delivered,web,,7.99
1038,24,2024-07-09 07:00:07,returned,web,,0
2607,467,2024-07-09 15:04:27,delivered,mobile_app,,9.99
1676,196,2024-07-09 16:28:50,delivered,web,,4.99
2578,460,2024-07-10 18:19:43,delivered,marketplace,,7.99
2352,389,2024-07-11 11:54:10,delivered,mobile_app,,4.99
1249,85,2024-07-11 15:13:37,delivered,mobile_app,,4.99
1402,124,2024-07-11 20:52:18,delivered,web,SPRING15,7.99
1694,201,2024-07-12 17:14:25,delivered,web,,0
2271,368,2024-07-12 18:16:34,delivered,web,,4.99
2439,417,2024-07-13 12:42:04,delivered,web,,7.99
1222,78,2024-07-14 18:08:43,cancelled,mobile_app,,0
1475,142,2024-07-15 19:14:50,cancelled,web,,0
3057,597,2024-07-16 07:36:39,delivered,web,,7.99
1695,201,2024-07-16 20:24:27,delivered,web,,4.99
1630,177,2024-07-16 22:29:09,delivered,mobile_app,,7.99
2966,568,2024-07-19 07:46:00,delivered,web,,9.99
1239,83,2024-07-19 12:11:08,shipped,web,,9.99
1102,43,2024-07-19 17:36:17,delivered,web,,0
2612,467,2024-07-20 08:03:54,delivered,mobile_app,,9.99
2270,368,2024-07-20 10:05:00,delivered,mobile_app,,7.99
2356,391,2024-07-20 16:33:07,delivered,mobile_app,,0
2566,453,2024-07-21 10:38:23,delivered,mobile_app,WELCOME10,0
1054,33,2024-07-21 15:14:24,delivered,web,,0
2766,508,2024-07-21 17:15:57,delivered,mobile_app,FREESHIP,0
1060,33,2024-07-21 19:54:53,delivered,mobile_app,,0
1406,126,2024-07-21 23:01:40,delivered,mobile_app,,4.99
2922,551,2024-07-22 11:48:57,delivered,web,,4.99
2351,389,2024-07-22 15:40:02,delivered,web,,9.99
1689,201,2024-07-23 09:51:20,delivered,web,,4.99
2632,478,2024-07-25 10:14:04,delivered,mobile_app,,0
2100,322,2024-07-25 19:30:44,cancelled,web,,4.99
1944,269,2024-07-26 09:15:46,cancelled,mobile_app,LOYAL5,7.99
2452,419,2024-07-26 23:10:17,delivered,web,,0
1702,204,2024-07-27 12:29:15,delivered,mobile_app,,0
1040,26,2024-07-28 23:22:59,delivered,web,,4.99
1962,275,2024-07-30 10:31:39,delivered,web,,7.99
1688,201,2024-07-30 22:30:44,delivered,mobile_app,,7.99
2085,318,2024-07-31 13:47:02,delivered,mobile_app,,4.99
1627,177,2024-08-01 11:48:01,delivered,web,,0
1632,179,2024-08-01 14:46:23,delivered,web,,7.99
1968,277,2024-08-01 18:33:07,delivered,web,,0
1958,275,2024-08-02 16:26:24,delivered,web,,7.99
2272,368,2024-08-02 16:44:29,delivered,marketplace,,0
2691,490,2024-08-03 09:36:18,delivered,mobile_app,,0
1942,269,2024-08-04 08:59:53,delivered,web,,0
1691,201,2024-08-04 17:37:24,delivered,web,,7.99
2478,429,2024-08-05 18:52:50,shipped,mobile_app,,0
2882,544,2024-08-07 12:00:19,delivered,mobile_app,,4.99
1234,81,2024-08-07 15:58:33,delivered,marketplace,,0
2689,490,2024-08-07 22:50:21,delivered,web,WELCOME10,4.99
2514,441,2024-08-08 12:53:43,delivered,web,,9.99
1883,256,2024-08-08 13:30:04,delivered,web,,4.99
1690,201,2024-08-08 13:49:26,returned,web,BLACKFRIDAY25,9.99
2491,435,2024-08-08 14:40:52,delivered,mobile_app,BLACKFRIDAY25,0
2957,565,2024-08-08 20:21:01,delivered,mobile_app,,0
1615,168,2024-08-09 19:02:00,delivered,web,,4.99
2780,511,2024-08-10 16:43:11,delivered,marketplace,,9.99
2992,573,2024-08-11 15:34:54,delivered,mobile_app,,0
2866,541,2024-08-11 16:03:50,delivered,web,,9.99
2413,408,2024-08-11 16:15:56,delivered,mobile_app,,9.99
1250,85,2024-08-14 13:42:23,delivered,marketplace,FREESHIP,0
1652,185,2024-08-14 18:31:44,delivered,web,,4.99
2493,435,2024-08-16 20:44:31,delivered,web,,4.99
2079,313,2024-08-17 10:24:40,delivered,web,,0
1408,127,2024-08-18 17:34:22,delivered,web,,9.99
2939,558,2024-08-18 23:46:28,delivered,web,,9.99
2965,568,2024-08-20 09:07:15,delivered,web,,0
2822,526,2024-08-20 19:31:40,delivered,marketplace,,0
2924,553,2024-08-21 08:13:31,delivered,web,WELCOME10,7.99
2496,437,2024-08-21 09:30:10,delivered,mobile_app,,9.99
1205,72,2024-08-21 17:58:22,delivered,mobile_app,,7.99
2565,453,2024-08-21 19:39:08,delivered,web,,7.99
2020,295,2024-08-22 07:01:31,delivered,web,,9.99
1536,155,2024-08-22 07:28:06,delivered,web,,9.99
2791,513,2024-08-22 08:24:36,delivered,mobile_app,,4.99
1677,197,2024-08-23 07:53:14,delivered,web,,7.99
2865,541,2024-08-23 08:12:58,delivered,mobile_app,FREESHIP,0
1967,277,2024-08-24 09:41:53,delivered,web,,0
2962,567,2024-08-25 12:48:08,delivered,marketplace,,0
2564,453,2024-08-26 09:52:28,delivered,marketplace,,4.99
1410,127,2024-08-26 19:00:45,delivered,mobile_app,WELCOME10,9.99
1714,206,2024-08-27 08:13:32,delivered,web,,0
1409,127,2024-08-27 11:32:10,delivered,mobile_app,,0
2098,321,2024-08-27 13:26:28,delivered,mobile_app,,0
1229,80,2024-08-27 20:35:47,delivered,web,,7.99
1105,43,2024-08-27 22:16:40,delivered,mobile_app,,9.99
1707,204,2024-08-28 09:52:16,delivered,web,,4.99
2254,361,2024-08-28 21:31:16,delivered,web,,9.99
1270,89,2024-08-29 10:02:33,delivered,mobile_app,,7.99
2788,513,2024-08-30 18:55:10,delivered,mobile_app,,9.99
3043,589,2024-08-31 09:23:22,delivered,mobile_app,,0
1119,50,2024-08-31 12:12:16,delivered,mobile_app,,7.99
2186,335,2024-09-01 09:56:52,delivered,web,,0
1006,4,2024-09-01 11:49:26,delivered,marketplace,,9.99
2445,417,2024-09-01 12:55:38,delivered,web,,9.99
1884,256,2024-09-02 12:08:43,delivered,mobile_app,,9.99
2430,416,2024-09-02 17:28:06,delivered,mobile_app,,0
2776,511,2024-09-03 14:46:34,delivered,web,WELCOME10,0
1372,119,2024-09-03 23:27:32,delivered,web,,9.99
2488,435,2024-09-04 13:21:12,delivered,mobile_app,,9.99
1696,204,2024-09-04 14:47:38,delivered,mobile_app,,9.99
2809,520,2024-09-05 07:35:23,shipped,web,,7.99
2438,417,2024-09-06 17:00:58,delivered,web,,9.99
1340,110,2024-09-07 13:36:20,delivered,mobile_app,,0
2259,362,2024-09-07 14:10:31,delivered,mobile_app,,7.99
2315,383,2024-09-07 23:22:13,delivered,web,,0
1337,108,2024-09-08 12:40:25,delivered,marketplace,FREESHIP,0
1537,155,2024-09-08 20:13:41,delivered,web,,7.99
2250,359,2024-09-09 22:57:22,delivered,mobile_app,,9.99
1371,119,2024-09-10 11:44:32,delivered,mobile_app,LOYAL5,9.99
1679,197,2024-09-10 20:32:35,delivered,marketplace,FREESHIP,0
2646,480,2024-09-11 08:23:26,delivered,web,LOYAL5,0
2516,441,2024-09-11 11:17:53,delivered,mobile_app,,0
2970,568,2024-09-11 12:38:36,delivered,web,,4.99
2209,339,2024-09-12 11:36:41,returned,mobile_app,,4.99
1179,68,2024-09-13 16:50:22,delivered,mobile_app,,9.99
1219,77,2024-09-13 17:14:57,delivered,mobile_app,,7.99
2288,375,2024-09-15 07:39:05,delivered,mobile_app,SPRING15,0
1778,221,2024-09-16 08:46:04,delivered,mobile_app,,9.99
2385,402,2024-09-16 20:02:20,delivered,web,,0
1310,101,2024-09-17 17:06:57,delivered,web,,4.99
3017,581,2024-09-20 20:36:04,delivered,mobile_app,,0
1175,68,2024-09-20 23:09:23,delivered,web,,0
2187,335,2024-09-21 10:01:03,delivered,web,,0
1886,256,2024-09-23 20:22:21,returned,marketplace,,0
2457,419,2024-09-25 10:15:37,delivered,web,BLACKFRIDAY25,0
1172,68,2024-09-25 23:59:54,returned,mobile_app,,7.99
1247,84,2024-09-26 08:05:57,delivered,web,,0
2391,402,2024-09-26 21:07:47,delivered,mobile_app,,9.99
3033,585,2024-09-27 12:02:51,delivered,web,,7.99
2644,480,2024-09-27 18:17:09,delivered,web,,7.99
2112,324,2024-09-29 07:46:40,delivered,marketplace,,7.99
2184,335,2024-09-29 09:40:07,delivered,mobile_app,,9.99
1348,110,2024-09-29 13:13:55,delivered,mobile_app,LOYAL5,0
3014,581,2024-09-30 10:34:18,delivered,web,,9.99
2024,295,2024-10-01 09:01:18,delivered,mobile_app,,4.99
1053,33,2024-10-01 12:39:22,delivered,mobile_app,,0
1538,155,2024-10-01 18:34:56,cancelled,web,,0
1902,261,2024-10-02 21:51:48,delivered,web,,4.99
2013,295,2024-10-03 13:40:49,shipped,marketplace,,4.99
1943,269,2024-10-04 13:21:11,delivered,web,,9.99
2790,513,2024-10-04 20:48:41,delivered,web,,0
1235,81,2024-10-05 08:16:46,delivered,marketplace,,4.99
1432,132,2024-10-08 08:48:41,delivered,marketplace,,0
2179,332,2024-10-08 16:25:56,delivered,mobile_app,,0
2353,389,2024-10-08 18:14:15,delivered,web,SPRING15,9.99
1312,101,2024-10-08 19:47:24,delivered,mobile_app,,9.99
2174,332,2024-10-09 21:57:54,delivered,web,,4.99
2171,332,2024-10-09 23:33:06,delivered,marketplace,,7.99
1349,111,2024-10-10 07:00:16,delivered,web,SPRING15,0
1386,120,2024-10-10 08:28:43,delivered,web,,0
2390,402,2024-10-10 10:32:45,delivered,mobile_app,,0
1678,197,2024-10-10 19:10:45,returned,web,,9.99
2692,490,2024-10-11 20:59:37,delivered,marketplace,FREESHIP,0
2787,513,2024-10-12 19:27:04,delivered,web,,0
2251,359,2024-10-12 21:34:21,shipped,web,,0
1699,204,2024-10-12 22:29:58,delivered,web,BLACKFRIDAY25,4.99
1951,272,2024-10-13 08:34:22,delivered,web,,9.99
2650,482,2024-10-13 23:29:25,delivered,marketplace,,0
1540,155,2024-10-14 16:13:21,delivered,web,,4.99
1829,234,2024-10-14 21:33:58,delivered,web,WELCOME10,0
2199,339,2024-10-15 11:15:13,delivered,web,,0
2434,417,2024-10-15 22:38:21,delivered,marketplace,,9.99
1237,83,2024-10-15 23:13:28,delivered,web,SPRING15,9.99
1666,189,2024-10-17 13:27:25,delivered,web,WELCOME10,9.99
2759,505,2024-10-17 18:22:57,delivered,web,LOYAL5,7.99
2177,332,2024-10-17 20:08:08,delivered,web,FREESHIP,0
1181,68,2024-10-18 21:48:06,delivered,mobile_app,,0
1891,256,2024-10-18 22:53:03,delivered,mobile_app,,7.99
1616,168,2024-10-19 10:30:42,cancelled,mobile_app,,9.99
2885,544,2024-10-19 18:47:52,delivered,mobile_app,,0
1682,197,2024-10-19 21:29:47,delivered,web,,7.99
2868,541,2024-10-19 22:32:08,delivered,web,,4.99
2961,567,2024-10-20 17:45:30,delivered,web,WELCOME10,0
1269,89,2024-10-21 10:22:27,delivered,web,FREESHIP,0
1174,68,2024-10-21 11:48:08,delivered,web,,4.99
3013,581,2024-10-21 21:53:40,delivered,marketplace,,0
2007,290,2024-10-22 22:53:52,delivered,web,,0
1281,93,2024-10-23 08:49:09,delivered,mobile_app,,9.99
2133,327,2024-10-23 23:33:32,returned,marketplace,,0
1322,101,2024-10-24 19:38:03,cancelled,mobile_app,,0
1161,67,2024-10-27 12:12:43,delivered,web,,9.99
2425,411,2024-10-28 09:24:55,delivered,web,,9.99
1317,101,2024-10-29 07:56:17,delivered,web,,0
2762,506,2024-10-29 09:58:42,delivered,web,,7.99
1338,108,2024-10-29 16:10:50,delivered,web,,9.99
1705,204,2024-10-29 19:03:11,delivered,web,,9.99
2465,421,2024-10-30 12:41:17,delivered,mobile_app,,0
2071,312,2024-10-31 19:55:14,delivered,web,FREESHIP,0
2854,538,2024-11-01 11:12:04,delivered,mobile_app,,0
2181,333,2024-11-01 14:46:02,delivered,mobile_app,,0
2301,377,2024-11-01 22:05:35,delivered,web,,0
1095,40,2024-11-02 07:12:57,delivered,web,,4.99
1395,124,2024-11-02 11:55:15,returned,web,,4.99
2173,332,2024-11-02 14:38:11,delivered,mobile_app,,7.99
1655,185,2024-11-02 16:44:25,delivered,mobile_app,,9.99
1709,204,2024-11-03 07:03:56,cancelled,web,,0
1488,147,2024-11-03 09:15:54,shipped,web,,4.99
2134,327,2024-11-03 12:17:08,delivered,marketplace,,9.99
1823,233,2024-11-03 20:35:43,delivered,web,,9.99
1613,168,2024-11-03 21:43:23,delivered,web,,4.99
1804,228,2024-11-04 08:05:30,delivered,web,,4.99
1113,47,2024-11-04 13:52:01,delivered,web,,0
2284,375,2024-11-05 08:19:45,delivered,mobile_app,,4.99
1221,78,2024-11-05 08:48:46,delivered,web,BLACKFRIDAY25,0
1825,234,2024-11-05 17:18:53,delivered,mobile_app,,4.99
2172,332,2024-11-05 17:44:38,delivered,mobile_app,,9.99
1863,250,2024-11-06 18:23:07,delivered,mobile_app,,0
1370,119,2024-11-06 22:43:18,delivered,marketplace,,7.99
1016,7,2024-11-06 23:54:04,returned,web,LOYAL5,4.99
1939,269,2024-11-07 07:28:35,delivered,marketplace,,7.99
1617,168,2024-11-07 14:51:00,delivered,web,,4.99
1180,68,2024-11-07 21:26:29,delivered,mobile_app,BLACKFRIDAY25,0
2016,295,2024-11-08 12:42:59,delivered,web,,9.99
2551,451,2024-11-08 14:54:51,delivered,mobile_app,,4.99
1693,201,2024-11-08 16:04:08,delivered,web,,0
2455,419,2024-11-08 21:07:51,delivered,mobile_app,,0
2043,300,2024-11-08 23:12:28,delivered,marketplace,,9.99
1196,71,2024-11-08 23:19:06,shipped,web,,0
2208,339,2024-11-09 18:40:47,delivered,mobile_app,,7.99
1490,147,2024-11-09 23:12:15,delivered,web,,0
1658,185,2024-11-10 11:32:28,delivered,web,,0
2372,395,2024-11-10 16:10:26,delivered,marketplace,,9.99
2870,541,2024-11-11 09:45:06,delivered,web,,4.99
2818,526,2024-11-11 11:48:49,delivered,marketplace,,9.99
2395,406,2024-11-11 14:56:45,delivered,web,,9.99
1692,201,2024-11-11 16:21:06,delivered,web,,4.99
2331,385,2024-11-11 18:14:29,delivered,mobile_app,,7.99
2289,375,2024-11-11 20:49:23,delivered,web,,4.99
1204,72,2024-11-12 07:51:14,cancelled,web,,0
2211,339,2024-11-12 09:39:07,delivered,web,,0
2004,290,2024-11-12 15:38:21,delivered,mobile_app,,7.99
2316,383,2024-11-12 18:55:16,delivered,mobile_app,BLACKFRIDAY25,4.99
2253,361,2024-11-12 19:09:48,delivered,web,,4.99
2001,290,2024-11-12 19:39:07,delivered,mobile_app,,0
2505,438,2024-11-12 19:50:29,delivered,mobile_app,,9.99
1142,60,2024-11-12 20:15:41,delivered,web,,0
2808,520,2024-11-13 07:55:03,delivered,web,,0
2080,313,2024-11-13 10:42:30,delivered,web,,0
1177,68,2024-11-13 12:32:29,delivered,marketplace,,9.99
2944,560,2024-11-13 13:52:06,delivered,web,SPRING15,0
1892,256,2024-11-13 14:18:50,delivered,web,,9.99
2279,370,2024-11-13 15:10:21,delivered,mobile_app,,9.99
1965,277,2024-11-13 18:46:09,delivered,web,,7.99
2175,332,2024-11-13 22:27:51,delivered,mobile_app,,4.99
1440,136,2024-11-13 22:29:56,cancelled,mobile_app,,0
2923,551,2024-11-14 07:31:16,delivered,web,,0
2550,451,2024-11-14 14:34:17,delivered,mobile_app,,7.99
2139,328,2024-11-14 14:57:28,delivered,web,,4.99
1805,228,2024-11-14 15:02:56,delivered,web,,9.99
2260,362,2024-11-15 10:00:58,returned,marketplace,,0
2947,561,2024-11-15 12:50:58,delivered,marketplace,,7.99
1299,96,2024-11-15 14:51:21,delivered,mobile_app,,9.99
2542,449,2024-11-15 15:03:10,delivered,web,FREESHIP,0
1267,89,2024-11-16 07:53:50,delivered,web,,0
2623,476,2024-11-16 08:38:53,delivered,web,BLACKFRIDAY25,7.99
1747,213,2024-11-16 11:26:07,cancelled,web,,4.99
1922,265,2024-11-16 20:53:13,delivered,web,,4.99
1639,181,2024-11-16 22:32:19,delivered,marketplace,SPRING15,9.99
2494,435,2024-11-17 10:57:44,delivered,mobile_app,,4.99
2734,500,2024-11-17 12:38:49,shipped,web,,0
2785,511,2024-11-17 18:40:10,delivered,web,,9.99
1128,53,2024-11-17 19:42:53,delivered,web,,0
2518,443,2024-11-18 12:01:56,delivered,web,,0
1063,33,2024-11-18 13:42:03,delivered,mobile_app,,0
2312,382,2024-11-18 15:19:10,delivered,web,,0
2058,306,2024-11-18 17:01:48,cancelled,web,LOYAL5,0
1614,168,2024-11-19 10:32:50,delivered,web,,0
1311,101,2024-11-19 11:53:42,delivered,web,,0
2789,513,2024-11-19 12:27:51,delivered,web,WELCOME10,7.99
2907,548,2024-11-19 13:02:52,delivered,mobile_app,SPRING15,0
2051,306,2024-11-19 23:09:20,delivered,marketplace,,4.99
1952,273,2024-11-20 12:44:56,delivered,mobile_app,,0
1347,110,2024-11-20 15:18:47,cancelled,web,,9.99
2512,439,2024-11-20 17:34:54,delivered,web,,7.99
1484,147,2024-11-20 17:40:58,delivered,marketplace,,4.99
1280,93,2024-11-20 17:49:02,delivered,web,,0
2358,391,2024-11-20 19:31:02,delivered,mobile_app,,9.99
1827,234,2024-11-20 19:34:27,delivered,web,LOYAL5,7.99
1031,19,2024-11-20 22:22:07,delivered,mobile_app,,4.99
2256,362,2024-11-21 18:53:20,cancelled,web,BLACKFRIDAY25,9.99
1373,119,2024-11-21 23:11:24,delivered,web,,9.99
1046,30,2024-11-22 10:08:58,delivered,mobile_app,,0
2602,465,2024-11-22 13:25:31,delivered,mobile_app,SPRING15,7.99
2510,439,2024-11-22 19:39:46,returned,marketplace,,4.99
1023,11,2024-11-23 07:02:27,delivered,web,,9.99
2185,335,2024-11-23 07:15:12,delivered,web,,0
2154,331,2024-11-23 10:01:40,delivered,web,,4.99
2235,352,2024-11-23 14:07:29,delivered,web,,0
2283,375,2024-11-23 18:36:02,delivered,mobile_app,,0
1442,136,2024-11-23 18:37:58,delivered,web,,0
2207,339,2024-11-24 17:33:32,delivered,web,BLACKFRIDAY25,7.99
1104,43,2024-11-24 23:08:26,delivered,mobile_app,,9.99
2964,568,2024-11-24 23:30:56,returned,marketplace,,0
1086,37,2024-11-25 11:34:55,delivered,marketplace,BLACKFRIDAY25,0
2718,498,2024-11-25 11:59:02,delivered,mobile_app,BLACKFRIDAY25,4.99
2645,480,2024-11-25 17:29:28,delivered,web,,0
1433,132,2024-11-25 23:42:03,delivered,web,BLACKFRIDAY25,0
1612,167,2024-11-26 18:49:53,delivered,web,,9.99
1365,115,2024-11-26 22:46:17,delivered,marketplace,,0
1341,110,2024-11-27 08:27:39,returned,web,BLACKFRIDAY25,7.99
1206,72,2024-11-27 08:27:41,delivered,web,,0
1656,185,2024-11-27 11:39:50,delivered,mobile_app,BLACKFRIDAY25,0
2436,417,2024-11-27 12:54:19,delivered,web,BLACKFRIDAY25,0
2386,402,2024-11-27 20:27:16,delivered,marketplace,BLACKFRIDAY25,9.99
1885,256,2024-11-27 22:46:58,delivered,web,FREESHIP,0
1665,188,2024-11-28 07:21:07,delivered,marketplace,BLACKFRIDAY25,4.99
2688,490,2024-11-28 09:37:41,delivered,web,,9.99
2189,335,2024-11-28 11:58:21,delivered,web,BLACKFRIDAY25,0
2614,468,2024-11-28 12:46:56,delivered,mobile_app,BLACKFRIDAY25,7.99
2286,375,2024-11-28 13:09:17,delivered,web,,9.99
1559,161,2024-11-28 13:26:53,cancelled,web,,7.99
1212,74,2024-11-28 18:45:28,delivered,web,BLACKFRIDAY25,7.99
2363,393,2024-11-29 15:14:00,delivered,mobile_app,BLACKFRIDAY25,9.99
2501,437,2024-11-30 10:03:38,delivered,web,,0
1836,239,2024-11-30 16:36:59,delivered,mobile_app,BLACKFRIDAY25,7.99
2443,417,2024-11-30 16:55:18,delivered,web,BLACKFRIDAY25,4.99
1265,89,2024-12-01 18:58:21,delivered,web,,7.99
2453,419,2024-12-01 21:45:10,delivered,mobile_app,,7.99
1297,96,2024-12-01 23:08:46,cancelled,web,,9.99
2005,290,2024-12-02 08:13:03,cancelled,mobile_app,,7.99
2508,439,2024-12-03 17:25:23,delivered,web,,7.99
2113,324,2024-12-03 18:32:58,delivered,web,,9.99
1489,147,2024-12-05 07:40:36,cancelled,web,,9.99
1401,124,2024-12-05 23:13:22,delivered,web,,7.99
1331,106,2024-12-07 20:26:31,delivered,web,,0
2000,290,2024-12-08 22:26:26,delivered,web,,7.99
2008,290,2024-12-09 13:51:38,returned,mobile_app,,7.99
2255,362,2024-12-09 18:24:07,delivered,marketplace,,4.99
2006,290,2024-12-10 07:36:38,delivered,web,,0
1173,68,2024-12-10 11:35:08,delivered,web,,4.99
1094,40,2024-12-10 12:24:19,delivered,web,BLACKFRIDAY25,0
1675,194,2024-12-10 19:07:51,delivered,marketplace,,0
2706,494,2024-12-10 20:43:36,shipped,mobile_app,,7.99
2107,324,2024-12-11 10:16:49,delivered,mobile_app,,0
2239,355,2024-12-11 15:51:47,delivered,mobile_app,,4.99
2021,295,2024-12-11 21:49:19,cancelled,web,,0
2509,439,2024-12-12 09:58:01,delivered,web,,4.99
2402,407,2024-12-12 16:49:10,delivered,mobile_app,,4.99
2643,480,2024-12-12 18:04:38,delivered,mobile_app,,4.99
1959,275,2024-12-13 22:51:12,delivered,web,,4.99
1846,243,2024-12-14 12:01:37,delivered,web,,0
1062,33,2024-12-14 23:37:26,delivered,mobile_app,,9.99
1167,67,2024-12-15 09:47:47,shipped,web,LOYAL5,0
1708,204,2024-12-16 07:10:00,delivered,web,,0
1894,257,2024-12-16 16:08:31,delivered,web,LOYAL5,0
1493,147,2024-12-16 21:32:36,delivered,web,,0
1216,77,2024-12-16 23:22:14,delivered,web,,9.99
1436,134,2024-12-17 17:41:15,delivered,marketplace,,4.99
2268,366,2024-12-18 13:29:32,delivered,web,,7.99
2361,392,2024-12-18 23:06:22,returned,mobile_app,,0
2003,290,2024-12-19 11:47:05,cancelled,web,,0
1088,38,2024-12-19 13:31:00,delivered,mobile_app,,4.99
2252,361,2024-12-19 17:42:51,delivered,web,,9.99
2188,335,2024-12-20 17:30:38,delivered,web,,0
2165,331,2024-12-20 18:49:43,delivered,marketplace,,9.99
2074,312,2024-12-20 21:04:41,delivered,marketplace,,9.99
2829,530,2024-12-21 08:11:35,delivered,mobile_app,,7.99
2545,451,2024-12-22 22:12:07,cancelled,web,,0
2050,305,2024-12-23 22:50:25,delivered,web,,7.99
1448,136,2024-12-24 08:40:57,delivered,web,,9.99
2504,438,2024-12-24 12:56:41,delivered,mobile_app,,9.99
2767,508,2024-12-24 15:10:45,delivered,mobile_app,,9.99
1835,238,2024-12-25 12:59:16,delivered,web,,7.99
1545,157,2024-12-25 20:06:01,delivered,web,,0
2761,506,2024-12-25 20:53:55,delivered,web,,9.99
1625,174,2024-12-25 23:34:31,delivered,mobile_app,WELCOME10,9.99
1296,96,2024-12-27 08:49:33,delivered,web,,0
1018,7,2024-12-27 09:49:17,delivered,mobile_app,,7.99
2360,392,2024-12-27 13:36:52,delivered,marketplace,,9.99
1352,111,2024-12-27 14:42:12,cancelled,marketplace,,0
1170,68,2024-12-27 16:17:39,delivered,web,,7.99
1333,107,2024-12-27 17:45:46,delivered,web,FREESHIP,0
1842,243,2024-12-28 13:58:13,delivered,web,,0
1553,160,2024-12-28 14:41:07,delivered,marketplace,,0
2206,339,2024-12-28 21:25:15,delivered,web,,9.99
2296,375,2024-12-29 09:20:34,delivered,web,,9.99
1923,266,2024-12-30 16:08:16,delivered,marketplace,LOYAL5,7.99
1231,81,2024-12-30 22:52:40,cancelled,marketplace,SPRING15,0
1833,238,2024-12-31 12:38:58,delivered,web,,4.99
1329,106,2024-12-31 21:33:41,delivered,mobile_app,WELCOME10,9.99
1868,253,2024-12-31 22:00:49,delivered,mobile_app,,0
2687,490,2025-01-01 07:19:21,delivered,web,,0
1821,233,2025-01-01 09:32:01,delivered,web,,0
1375,119,2025-01-01 12:19:58,delivered,mobile_app,,0
2178,332,2025-01-01 16:22:17,delivered,mobile_app,,4.99
2201,339,2025-01-01 21:46:13,cancelled,web,,7.99
2515,441,2025-01-02 14:41:23,delivered,web,,9.99
1059,33,2025-01-02 20:42:54,delivered,web,FREESHIP,0
1035,23,2025-01-03 07:20:25,delivered,web,,0
2411,408,2025-01-03 10:47:56,delivered,web,,4.99
1905,261,2025-01-03 11:43:20,delivered,mobile_app,,0
2954,562,2025-01-03 18:59:39,delivered,web,,7.99
2843,534,2025-01-03 19:19:26,delivered,web,,4.99
1934,266,2025-01-04 09:13:25,delivered,mobile_app,,0
2765,508,2025-01-04 09:30:43,returned,web,,7.99
1930,266,2025-01-04 12:58:01,returned,mobile_app,,7.99
2534,445,2025-01-04 16:47:05,delivered,marketplace,,9.99
1039,24,2025-01-05 22:59:35,delivered,web,,7.99
1824,233,2025-01-07 18:44:05,delivered,web,,0
1056,33,2025-01-07 23:26:14,cancelled,mobile_app,,4.99
1775,218,2025-01-08 13:25:54,cancelled,marketplace,,7.99
2774,511,2025-01-09 19:18:25,delivered,web,,0
2002,290,2025-01-10 09:56:59,delivered,mobile_app,,7.99
2428,413,2025-01-10 10:25:15,delivered,marketplace,WELCOME10,0
1282,93,2025-01-11 11:41:28,delivered,mobile_app,,9.99
1748,213,2025-01-11 15:10:41,delivered,web,,4.99
1640,182,2025-01-11 16:38:12,delivered,web,LOYAL5,9.99
1215,76,2025-01-11 16:52:07,shipped,web,,9.99
1716,206,2025-01-11 20:55:10,delivered,mobile_app,BLACKFRIDAY25,0
2450,419,2025-01-12 11:32:12,shipped,mobile_app,,0
1321,101,2025-01-12 11:58:02,delivered,marketplace,,0
2176,332,2025-01-12 14:34:56,delivered,web,,0
2857,539,2025-01-12 16:45:14,delivered,web,,7.99
2441,417,2025-01-12 20:41:01,delivered,marketplace,,7.99
1381,119,2025-01-14 16:45:08,delivered,web,,0
2717,498,2025-01-15 08:17:38,delivered,web,,0
1535,155,2025-01-15 13:48:23,shipped,mobile_app,,7.99
2503,437,2025-01-15 18:50:02,delivered,web,WELCOME10,7.99
2778,511,2025-01-15 19:51:05,delivered,marketplace,,7.99
1383,119,2025-01-15 21:57:01,delivered,marketplace,LOYAL5,9.99
1482,146,2025-01-15 23:06:52,delivered,mobile_app,,9.99
1755,215,2025-01-16 11:54:52,delivered,web,,0
2325,385,2025-01-16 13:44:54,delivered,web,,0
1931,266,2025-01-16 15:34:56,cancelled,web,,9.99
2729,500,2025-01-16 21:22:44,delivered,mobile_app,,0
2049,305,2025-01-16 21:48:00,delivered,mobile_app,BLACKFRIDAY25,7.99
1844,243,2025-01-16 22:54:30,delivered,web,,7.99
1015,7,2025-01-17 09:24:20,delivered,mobile_app,,7.99
2517,441,2025-01-17 11:35:58,delivered,web,SPRING15,9.99
2300,377,2025-01-18 15:37:49,delivered,mobile_app,,9.99
1941,269,2025-01-18 16:45:30,delivered,mobile_app,,7.99
2849,534,2025-01-18 22:24:24,delivered,mobile_app,,0
1650,184,2025-01-19 07:14:06,delivered,web,,4.99
1326,105,2025-01-19 10:04:04,shipped,web,,0
1274,92,2025-01-19 17:36:34,delivered,web,,7.99
2164,331,2025-01-19 18:13:57,delivered,mobile_app,,0
1586,165,2025-01-19 19:11:29,delivered,mobile_app,,4.99
2105,324,2025-01-19 20:38:20,returned,web,FREESHIP,0
2960,565,2025-01-19 23:13:56,delivered,web,,0
1027,17,2025-01-20 09:21:15,delivered,web,,0
1244,83,2025-01-20 15:45:53,delivered,mobile_app,,0
2639,480,2025-01-21 08:19:47,delivered,web,,7.99
1330,106,2025-01-21 08:38:28,delivered,web,,0
1710,204,2025-01-21 08:48:53,delivered,mobile_app,,9.99
2837,534,2025-01-21 12:19:40,delivered,web,,7.99
1928,266,2025-01-21 18:45:31,delivered,mobile_app,LOYAL5,0
1223,78,2025-01-21 20:45:42,shipped,mobile_app,,4.99
2322,385,2025-01-22 12:19:56,delivered,web,,9.99
1932,266,2025-01-22 16:12:41,delivered,marketplace,,0
2826,530,2025-01-22 23:45:08,delivered,web,,9.99
2198,337,2025-01-23 07:13:48,delivered,web,,9.99
2633,478,2025-01-23 13:12:10,delivered,mobile_app,,0
2764,506,2025-01-23 13:13:01,delivered,web,,4.99
1246,83,2025-01-24 12:35:04,delivered,web,,4.99
2109,324,2025-01-24 18:46:46,delivered,web,,4.99
2108,324,2025-01-25 12:19:16,delivered,web,,4.99
1328,105,2025-01-25 19:01:18,returned,web,,0
1248,85,2025-01-26 08:42:29,delivered,web,,4.99
1096,40,2025-01-26 15:12:29,cancelled,mobile_app,,9.99
1843,243,2025-01-26 17:33:47,delivered,mobile_app,,7.99
1220,78,2025-01-26 23:15:32,delivered,web,,7.99
2407,407,2025-01-27 11:04:04,delivered,mobile_app,SPRING15,0
1469,140,2025-01-27 22:51:43,delivered,web,WELCOME10,9.99
1924,266,2025-01-28 19:41:46,delivered,web,,0
2624,476,2025-01-29 16:53:33,returned,web,,0
1701,204,2025-01-29 23:54:32,delivered,web,,9.99
1070,35,2025-01-30 07:53:31,delivered,mobile_app,WELCOME10,0
2118,324,2025-01-31 12:57:49,delivered,web,,0
2092,319,2025-01-31 14:50:16,delivered,mobile_app,,0
2712,496,2025-01-31 21:43:16,delivered,mobile_app,,4.99
3065,600,2025-02-01 18:59:22,delivered,web,,9.99
2848,534,2025-02-02 15:29:10,delivered,mobile_app,LOYAL5,7.99
2617,470,2025-02-02 16:35:52,delivered,web,,7.99
2117,324,2025-02-02 17:53:43,delivered,mobile_app,,0
2803,516,2025-02-03 14:03:04,delivered,web,,9.99
1404,126,2025-02-03 18:20:55,delivered,mobile_app,,9.99
2046,303,2025-02-04 07:15:13,returned,mobile_app,,0
1541,155,2025-02-04 09:32:36,delivered,web,,0
1542,155,2025-02-04 14:03:06,delivered,mobile_app,SPRING15,7.99
1929,266,2025-02-04 17:57:47,delivered,mobile_app,,0
1927,266,2025-02-04 23:42:27,delivered,mobile_app,WELCOME10,7.99
2709,496,2025-02-05 19:04:35,returned,mobile_app,,9.99
2202,339,2025-02-06 07:55:09,delivered,web,,0
3061,600,2025-02-06 12:36:58,delivered,web,,0
2668,487,2025-02-06 13:58:21,returned,mobile_app,,0
2642,480,2025-02-06 15:10:45,delivered,mobile_app,,4.99
2444,417,2025-02-06 21:43:05,delivered,web,,0
1950,272,2025-02-07 23:31:29,delivered,mobile_app,,4.99
2842,534,2025-02-08 08:00:33,delivered,mobile_app,,4.99
1405,126,2025-02-08 13:35:44,delivered,marketplace,SPRING15,0
2530,445,2025-02-08 16:40:19,delivered,marketplace,,7.99
2401,407,2025-02-08 18:00:18,delivered,web,,0
2329,385,2025-02-09 23:20:42,delivered,mobile_app,,7.99
1236,81,2025-02-10 10:24:53,delivered,mobile_app,,4.99
1225,79,2025-02-10 14:53:03,delivered,mobile_app,,9.99
2690,490,2025-02-10 17:09:34,delivered,web,,7.99
2070,312,2025-02-10 22:37:41,delivered,web,,9.99
2846,534,2025-02-11 11:39:38,delivered,web,,0
2775,511,2025-02-11 19:09:15,delivered,mobile_app,,7.99
1336,107,2025-02-11 19:41:34,delivered,web,,9.99
1933,266,2025-02-11 20:21:21,delivered,mobile_app,,9.99
1717,206,2025-02-11 21:35:26,shipped,mobile_app,,9.99
1802,227,2025-02-12 16:51:35,delivered,web,WELCOME10,9.99
1644,182,2025-02-12 21:46:42,delivered,mobile_app,,9.99
1591,165,2025-02-12 21:47:21,delivered,web,,0
2548,451,2025-02-13 22:19:34,delivered,mobile_app,,0
1935,266,2025-02-15 13:11:42,delivered,web,,9.99
1899,261,2025-02-15 18:15:49,delivered,web,,0
1491,147,2025-02-16 11:32:39,delivered,web,,4.99
3034,585,2025-02-17 09:01:13,delivered,mobile_app,,0
1327,105,2025-02-18 09:15:05,cancelled,marketplace,,4.99
2779,511,2025-02-18 14:02:23,delivered,web,,0
1428,131,2025-02-18 19:56:31,delivered,mobile_app,,0
1750,213,2025-02-19 09:46:29,delivered,marketplace,,9.99
1384,119,2025-02-19 16:07:40,delivered,mobile_app,,0
2847,534,2025-02-19 17:14:59,delivered,web,LOYAL5,7.99
1641,182,2025-02-20 09:04:32,delivered,web,BLACKFRIDAY25,0
2521,445,2025-02-20 18:25:24,delivered,mobile_app,,7.99
1926,266,2025-02-22 07:48:54,delivered,marketplace,,0
1936,266,2025-02-22 11:37:27,delivered,mobile_app,,0
1904,261,2025-02-22 15:35:50,delivered,web,,0
2155,331,2025-02-22 19:13:19,delivered,marketplace,,7.99
1188,70,2025-02-22 22:55:48,delivered,mobile_app,,4.99
2769,510,2025-02-24 20:33:40,delivered,web,,7.99
2232,349,2025-02-24 22:39:03,delivered,web,,0
1332,107,2025-02-25 12:04:29,cancelled,marketplace,,0
1284,94,2025-02-25 19:06:49,delivered,web,,4.99
2474,426,2025-02-26 13:52:13,delivered,web,,4.99
1819,232,2025-02-26 21:15:34,delivered,mobile_app,,9.99
1901,261,2025-02-26 21:54:10,delivered,marketplace,,0
2281,373,2025-02-27 14:31:56,returned,web,,9.99
2044,301,2025-02-27 14:50:55,delivered,web,,0
2078,313,2025-02-27 22:15:45,cancelled,web,,7.99
1801,227,2025-02-28 17:19:46,delivered,web,,0
2210,339,2025-02-28 20:36:18,shipped,web,,0
3059,599,2025-02-28 23:33:21,delivered,web,,0
2142,328,2025-03-01 18:48:02,delivered,web,,9.99
2196,337,2025-03-02 13:17:57,delivered,marketplace,,7.99
2323,385,2025-03-02 16:23:34,delivered,web,,9.99
1350,111,2025-03-02 16:38:25,delivered,web,,9.99
2213,339,2025-03-02 19:00:03,delivered,marketplace,,0
2825,530,2025-03-02 19:08:59,delivered,web,,7.99
1971,277,2025-03-03 08:10:19,delivered,web,,0
1468,140,2025-03-03 15:26:31,delivered,web,,4.99
1906,261,2025-03-03 22:57:15,delivered,web,,4.99
1065,33,2025-03-04 11:44:44,delivered,mobile_app,,9.99
1700,204,2025-03-05 09:58:54,delivered,web,,4.99
2827,530,2025-03-07 17:35:53,delivered,web,,4.99
2162,331,2025-03-07 22:10:05,delivered,web,,9.99
1302,98,2025-03-07 22:48:46,delivered,mobile_app,,0
1115,49,2025-03-08 15:32:53,delivered,web,,9.99
2387,402,2025-03-09 19:31:19,cancelled,web,BLACKFRIDAY25,0
3064,600,2025-03-09 22:31:49,delivered,web,,0
2647,481,2025-03-10 14:30:00,delivered,web,,7.99
2884,544,2025-03-11 10:39:32,delivered,mobile_app,,0
1803,227,2025-03-11 11:52:08,returned,web,,0
2214,340,2025-03-11 12:08:21,delivered,mobile_app,,0
2159,331,2025-03-12 18:07:59,delivered,web,,7.99
1182,69,2025-03-12 18:50:29,delivered,web,,4.99
2314,383,2025-03-12 22:27:56,delivered,marketplace,,0
1567,162,2025-03-13 16:05:53,delivered,mobile_app,,0
2840,534,2025-03-13 22:08:16,cancelled,web,,0
2845,534,2025-03-14 17:04:36,delivered,web,,7.99
1918,264,2025-03-15 12:49:44,delivered,web,FREESHIP,0
2197,337,2025-03-15 16:08:34,delivered,web,,4.99
1008,5,2025-03-15 18:48:42,delivered,web,,0
2838,534,2025-03-15 19:25:28,delivered,web,,7.99
2828,530,2025-03-15 22:43:31,delivered,mobile_app,,9.99
2839,534,2025-03-16 10:03:32,cancelled,web,,4.99
2119,324,2025-03-16 15:51:33,delivered,mobile_app,,0
1719,206,2025-03-16 17:41:20,delivered,web,,4.99
2437,417,2025-03-16 23:07:56,returned,web,,4.99
2297,375,2025-03-17 14:54:13,delivered,marketplace,BLACKFRIDAY25,0
1066,33,2025-03-17 15:45:19,delivered,mobile_app,WELCOME10,9.99
1659,185,2025-03-17 19:18:28,delivered,web,,7.99
2180,333,2025-03-18 13:59:37,delivered,web,,0
1633,179,2025-03-18 15:55:07,delivered,web,,9.99
3040,586,2025-03-19 17:20:54,delivered,web,,0
1598,165,2025-03-19 19:00:44,delivered,mobile_app,,0
1481,146,2025-03-20 12:40:40,delivered,mobile_app,,0
2506,438,2025-03-20 14:58:47,delivered,web,FREESHIP,0
2123,326,2025-03-20 20:08:15,delivered,web,BLACKFRIDAY25,0
1355,112,2025-03-21 22:23:28,delivered,web,,4.99
1116,49,2025-03-22 10:35:12,delivered,mobile_app,,9.99
2881,544,2025-03-22 10:47:37,delivered,marketplace,,7.99
2573,458,2025-03-22 11:59:09,delivered,mobile_app,,9.99
2682,489,2025-03-22 18:06:46,delivered,mobile_app,,9.99
2680,489,2025-03-23 08:15:20,delivered,web,,4.99
1238,83,2025-03-23 08:18:58,delivered,marketplace,BLACKFRIDAY25,9.99
1551,160,2025-03-23 11:34:44,delivered,web,SPRING15,4.99
2526,445,2025-03-24 13:26:25,delivered,web,,0
1815,230,2025-03-24 21:39:03,delivered,web,,9.99
2446,417,2025-03-25 11:35:08,delivered,mobile_app,,0
1361,112,2025-03-25 18:22:53,delivered,web,,7.99
1183,69,2025-03-26 08:12:23,delivered,web,,7.99
1743,212,2025-03-26 20:10:51,delivered,web,,4.99
2473,426,2025-03-27 08:58:07,delivered,marketplace,,0
1799,225,2025-03-27 11:38:12,delivered,web,,0
1351,111,2025-03-27 19:57:04,delivered,web,,4.99
1831,237,2025-03-27 22:15:20,delivered,marketplace,,0
1572,162,2025-03-28 09:09:41,delivered,mobile_app,,7.99
1217,77,2025-03-28 10:53:51,delivered,web,,4.99
2388,402,2025-03-28 20:01:31,delivered,mobile_app,,4.99
1814,230,2025-03-29 09:05:05,delivered,web,,7.99
2626,476,2025-03-29 15:55:08,delivered,mobile_app,,9.99
1080,36,2025-03-30 16:38:52,cancelled,web,,7.99
2596,464,2025-03-30 23:16:17,delivered,mobile_app,,0
1757,215,2025-03-31 10:18:40,delivered,web,,0
2294,375,2025-03-31 13:25:54,delivered,web,,4.99
1120,51,2025-03-31 16:53:17,delivered,web,,0
1938,269,2025-04-01 09:49:24,cancelled,mobile_app,FREESHIP,0
1907,262,2025-04-01 16:00:39,returned,web,,9.99
2956,564,2025-04-01 16:48:52,delivered,web,,9.99
1569,162,2025-04-01 17:49:41,returned,web,,4.99
2593,462,2025-04-01 19:32:54,delivered,web,BLACKFRIDAY25,9.99
3044,590,2025-04-01 20:33:58,delivered,web,,7.99
2447,418,2025-04-01 21:51:59,delivered,web,,7.99
1075,36,2025-04-02 20:44:04,delivered,mobile_app,,7.99
1425,129,2025-04-02 23:11:21,delivered,web,,0
2711,496,2025-04-03 09:31:23,delivered,web,,0
2278,370,2025-04-03 10:23:39,delivered,marketplace,,0
1254,85,2025-04-03 15:32:21,cancelled,web,,4.99
2677,489,2025-04-03 16:00:25,delivered,web,,4.99
1121,51,2025-04-03 22:32:04,delivered,mobile_app,,0
1345,110,2025-04-04 14:44:41,delivered,marketplace,,0
2240,355,2025-04-04 20:16:35,delivered,mobile_app,,0
2086,319,2025-04-05 08:20:48,delivered,mobile_app,WELCOME10,4.99
2577,459,2025-04-05 19:17:37,delivered,mobile_app,FREESHIP,0
1623,173,2025-04-06 08:07:23,delivered,web,FREESHIP,0
1413,129,2025-04-06 08:57:01,delivered,mobile_app,,0
1784,223,2025-04-06 11:54:18,delivered,mobile_app,,0
1909,263,2025-04-06 14:15:19,delivered,web,,9.99
2618,471,2025-04-06 16:54:40,delivered,mobile_app,,0
1596,165,2025-04-07 09:00:04,delivered,marketplace,,4.99
2130,327,2025-04-07 10:30:13,delivered,mobile_app,,0
2389,402,2025-04-07 11:52:20,returned,web,,7.99
2601,464,2025-04-08 09:18:32,delivered,mobile_app,,7.99
1898,261,2025-04-08 10:39:57,delivered,web,,4.99
1163,67,2025-04-08 13:44:49,delivered,mobile_app,,7.99
2492,435,2025-04-10 11:00:12,delivered,mobile_app,,7.99
2867,541,2025-04-10 11:19:26,delivered,web,,4.99
2380,400,2025-04-10 18:55:57,cancelled,mobile_app,,0
2410,407,2025-04-11 16:15:39,delivered,mobile_app,,7.99
2730,500,2025-04-12 09:51:47,cancelled,mobile_app,SPRING15,9.99
1335,107,2025-04-12 14:35:44,delivered,web,WELCOME10,9.99
1417,129,2025-04-12 21:12:26,delivered,web,,0
1871,254,2025-04-12 23:34:00,delivered,web,,4.99
2082,314,2025-04-13 11:09:42,delivered,web,,0
3038,585,2025-04-13 17:49:14,delivered,mobile_app,SPRING15,9.99
2599,464,2025-04-13 20:59:39,delivered,mobile_app,,0
2783,511,2025-04-13 21:19:22,delivered,web,SPRING15,0
1544,157,2025-04-14 12:58:29,delivered,web,,9.99
1398,124,2025-04-14 17:14:23,delivered,web,,4.99
1897,259,2025-04-15 19:14:48,delivered,web,,7.99
2999,575,2025-04-15 20:38:26,delivered,web,,7.99
1387,120,2025-04-16 10:33:44,delivered,mobile_app,,4.99
2396,406,2025-04-16 14:42:18,delivered,mobile_app,FREESHIP,0
3046,590,2025-04-16 14:59:16,delivered,web,FREESHIP,0
2261,363,2025-04-16 17:11:19,delivered,web,FREESHIP,0
2747,502,2025-04-16 22:27:22,delivered,web,,0
2707,495,2025-04-17 10:29:28,shipped,web,WELCOME10,0
1845,243,2025-04-17 12:18:30,delivered,web,FREESHIP,0
2238,354,2025-04-17 16:15:15,delivered,web,,0
1285,94,2025-04-17 17:57:57,delivered,mobile_app,,7.99
1726,207,2025-04-18 19:50:55,delivered,web,,0
1224,78,2025-04-19 18:39:01,delivered,marketplace,,9.99
2755,502,2025-04-19 20:32:06,delivered,marketplace,SPRING15,9.99
1107,45,2025-04-21 08:53:14,shipped,web,,9.99
2115,324,2025-04-22 14:01:02,delivered,web,,4.99
1359,112,2025-04-22 14:37:00,delivered,web,,0
1084,36,2025-04-22 14:50:04,delivered,web,,0
2308,381,2025-04-22 20:11:53,cancelled,web,,0
2480,429,2025-04-22 21:03:45,delivered,mobile_app,FREESHIP,0
1264,88,2025-04-23 20:44:02,delivered,mobile_app,,0
1594,165,2025-04-24 13:28:10,delivered,web,,9.99
1854,249,2025-04-24 15:48:45,delivered,web,,9.99
1873,254,2025-04-25 13:22:44,delivered,web,,4.99
1912,264,2025-04-25 21:46:44,delivered,mobile_app,,9.99
2810,521,2025-04-26 17:23:12,delivered,marketplace,SPRING15,4.99
2683,489,2025-04-27 07:56:53,delivered,web,,0
1036,23,2025-04-27 10:13:43,returned,web,,7.99
2475,428,2025-04-27 15:23:24,delivered,marketplace,,9.99
1589,165,2025-04-27 16:44:36,delivered,web,,4.99
1872,254,2025-04-28 08:54:48,delivered,mobile_app,,9.99
1019,8,2025-04-28 15:38:48,delivered,marketplace,,7.99
1455,139,2025-04-28 22:31:47,delivered,mobile_app,,0
1921,264,2025-04-29 15:46:15,delivered,web,LOYAL5,7.99
1420,129,2025-04-29 20:22:46,delivered,mobile_app,LOYAL5,0
2135,328,2025-04-29 22:34:03,delivered,web,SPRING15,4.99
1137,56,2025-04-30 09:30:46,delivered,mobile_app,,0
1357,112,2025-05-01 11:00:11,delivered,web,,0
2379,398,2025-05-01 16:37:59,delivered,web,,0
2076,313,2025-05-03 18:11:10,delivered,marketplace,,0
1890,256,2025-05-04 10:19:52,delivered,web,,0
2121,326,2025-05-04 18:35:34,delivered,web,,0
2679,489,2025-05-04 18:47:04,delivered,mobile_app,,0
1920,264,2025-05-04 19:38:30,delivered,web,,0
1653,185,2025-05-04 20:26:39,delivered,web,,0
2406,407,2025-05-04 23:00:59,delivered,web,,0
1082,36,2025-05-04 23:29:00,delivered,web,,0
2183,334,2025-05-05 19:49:16,delivered,marketplace,WELCOME10,0
2282,374,2025-05-05 22:26:15,delivered,web,FREESHIP,0
1483,147,2025-05-06 15:31:52,delivered,mobile_app,,9.99
1595,165,2025-05-06 16:21:15,delivered,mobile_app,,0
2215,340,2025-05-06 17:13:44,delivered,web,BLACKFRIDAY25,4.99
2310,381,2025-05-06 18:34:12,delivered,mobile_app,FREESHIP,0
1447,136,2025-05-06 23:29:41,delivered,web,WELCOME10,7.99
2104,322,2025-05-07 18:37:44,delivered,web,,0
2237,353,2025-05-07 21:11:25,delivered,web,,4.99
1590,165,2025-05-08 07:29:06,returned,web,,9.99
1856,249,2025-05-08 09:45:18,returned,web,,0
1585,164,2025-05-08 13:08:22,delivered,marketplace,,0
2675,489,2025-05-08 13:09:53,returned,web,SPRING15,4.99
2204,339,2025-05-09 17:09:33,delivered,web,,7.99
2588,462,2025-05-10 13:39:16,delivered,mobile_app,,0
3060,599,2025-05-10 17:20:52,delivered,web,,4.99
1422,129,2025-05-11 18:51:43,delivered,web,,7.99
1592,165,2025-05-12 07:54:39,delivered,web,,9.99
2749,502,2025-05-12 08:22:16,delivered,mobile_app,,4.99
2141,328,2025-05-12 10:42:33,cancelled,web,,0
2590,462,2025-05-12 12:33:22,delivered,mobile_app,,0
1495,148,2025-05-12 18:21:32,delivered,marketplace,FREESHIP,0
1870,254,2025-05-12 21:17:49,delivered,mobile_app,,0
1098,42,2025-05-13 14:02:27,delivered,web,LOYAL5,9.99
1864,250,2025-05-14 10:24:12,cancelled,mobile_app,,9.99
1564,162,2025-05-14 10:49:51,cancelled,mobile_app,,7.99
2423,411,2025-05-14 18:03:26,delivered,web,,0
2053,306,2025-05-15 07:42:10,delivered,web,,0
2871,541,2025-05-15 10:47:37,returned,mobile_app,,0
1125,52,2025-05-15 18:55:28,delivered,mobile_app,,0
2163,331,2025-05-15 20:12:10,delivered,marketplace,,7.99
1889,256,2025-05-17 08:36:54,delivered,web,BLACKFRIDAY25,0
2538,446,2025-05-17 09:25:00,delivered,mobile_app,,4.99
1723,207,2025-05-17 09:42:15,delivered,web,LOYAL5,9.99
2686,490,2025-05-17 16:46:01,delivered,mobile_app,,0
2581,462,2025-05-18 09:39:54,delivered,mobile_app,,9.99
2156,331,2025-05-18 11:15:24,returned,mobile_app,,9.99
2110,324,2025-05-18 14:00:36,delivered,mobile_app,LOYAL5,0
1415,129,2025-05-18 17:27:00,delivered,web,,9.99
1841,242,2025-05-19 10:05:49,delivered,mobile_app,,4.99
1011,5,2025-05-19 22:03:02,shipped,web,BLACKFRIDAY25,4.99
1382,119,2025-05-20 09:51:57,delivered,mobile_app,BLACKFRIDAY25,0
1851,249,2025-05-21 09:27:36,delivered,web,LOYAL5,7.99
2015,295,2025-05-21 17:33:27,delivered,web,,0
1648,183,2025-05-22 14:00:31,delivered,web,,4.99
2874,542,2025-05-23 16:02:39,delivered,web,,7.99
2876,542,2025-05-23 22:19:54,delivered,web,,0
2403,407,2025-05-24 19:29:15,delivered,web,,9.99
2943,560,2025-05-25 09:51:19,delivered,mobile_app,FREESHIP,0
2472,426,2025-05-25 12:10:16,delivered,marketplace,,0
1996,284,2025-05-25 15:39:39,delivered,web,,0
1474,141,2025-05-25 17:24:00,delivered,web,,4.99
1364,114,2025-05-25 21:27:25,delivered,web,,0
2065,309,2025-05-25 23:42:51,delivered,mobile_app,,7.99
1378,119,2025-05-26 11:56:47,delivered,web,,4.99
1966,277,2025-05-26 22:52:18,delivered,web,,0
1240,83,2025-05-27 09:07:45,delivered,web,,4.99
1642,182,2025-05-27 11:23:16,delivered,web,,4.99
1620,170,2025-05-27 13:36:00,delivered,mobile_app,,0
2546,451,2025-05-27 14:32:03,delivered,web,,0
1782,223,2025-05-27 16:37:07,delivered,web,,9.99
2861,541,2025-05-28 15:31:00,delivered,web,,4.99
2641,480,2025-05-28 20:41:50,delivered,web,,9.99
2681,489,2025-05-28 23:55:46,returned,marketplace,SPRING15,9.99
1164,67,2025-05-30 12:39:50,shipped,web,,0
1289,94,2025-05-30 19:23:52,delivered,mobile_app,,0
1290,95,2025-05-30 20:43:19,delivered,web,FREESHIP,0
1021,8,2025-05-31 08:17:09,returned,mobile_app,,0
2328,385,2025-05-31 10:17:54,delivered,web,,7.99
1937,268,2025-05-31 21:28:09,delivered,web,,0
2025,295,2025-06-01 13:41:18,delivered,mobile_app,,9.99
1339,109,2025-06-02 07:12:14,delivered,web,,0
1539,155,2025-06-03 13:57:10,delivered,mobile_app,,0
2583,462,2025-06-03 15:54:09,delivered,web,,0
2672,489,2025-06-04 20:56:52,delivered,mobile_app,,4.99
1276,92,2025-06-05 07:40:40,delivered,mobile_app,SPRING15,9.99
2291,375,2025-06-05 10:52:45,delivered,mobile_app,FREESHIP,0
1416,129,2025-06-05 15:13:54,delivered,marketplace,,4.99
2662,486,2025-06-05 16:38:22,cancelled,mobile_app,,9.99
1588,165,2025-06-06 09:21:26,delivered,web,,0
2461,420,2025-06-06 13:31:09,delivered,marketplace,,0
1737,210,2025-06-07 12:57:34,delivered,mobile_app,,7.99
2663,486,2025-06-07 15:10:28,delivered,mobile_app,,7.99
1214,75,2025-06-07 16:52:50,delivered,web,,9.99
1781,223,2025-06-08 08:05:53,delivered,mobile_app,,9.99
1828,234,2025-06-08 20:04:20,delivered,web,LOYAL5,4.99
1346,110,2025-06-08 20:19:24,delivered,web,,0
1501,148,2025-06-09 09:37:42,delivered,mobile_app,,0
1459,139,2025-06-09 12:25:01,delivered,web,,0
2463,420,2025-06-10 11:40:40,delivered,web,,4.99
1090,38,2025-06-10 17:39:29,delivered,mobile_app,,0
2756,502,2025-06-10 19:59:33,delivered,web,,0
1318,101,2025-06-11 09:46:41,delivered,mobile_app,SPRING15,0
1773,217,2025-06-11 15:04:01,delivered,web,,4.99
1869,254,2025-06-12 11:54:28,delivered,mobile_app,,0
2616,469,2025-06-12 12:43:54,delivered,mobile_app,WELCOME10,7.99
2346,388,2025-06-13 10:22:49,delivered,mobile_app,,7.99
1072,36,2025-06-13 19:22:14,delivered,mobile_app,,0
1112,46,2025-06-13 19:33:43,delivered,web,,0
2533,445,2025-06-13 19:44:05,delivered,web,,0
2147,329,2025-06-13 19:45:00,delivered,mobile_app,,9.99
1729,207,2025-06-13 20:30:31,delivered,mobile_app,,7.99
2217,342,2025-06-13 22:33:43,delivered,web,,0
2048,304,2025-06-14 07:21:24,delivered,mobile_app,,7.99
1414,129,2025-06-14 16:32:47,delivered,mobile_app,WELCOME10,0
2786,511,2025-06-14 16:57:47,cancelled,web,,9.99
1427,131,2025-06-14 18:05:31,delivered,web,,7.99
1133,54,2025-06-14 20:27:09,delivered,web,BLACKFRIDAY25,7.99
2047,304,2025-06-14 21:58:08,delivered,web,,0
2693,490,2025-06-15 08:03:44,cancelled,web,,7.99
1732,207,2025-06-15 20:20:21,delivered,web,,4.99
3022,582,2025-06-16 08:35:48,delivered,mobile_app,FREESHIP,0
1187,70,2025-06-16 21:42:41,delivered,web,,9.99
1047,31,2025-06-17 09:25:45,delivered,mobile_app,FREESHIP,0
1294,95,2025-06-17 16:52:30,delivered,web,,7.99
3018,582,2025-06-18 12:10:56,delivered,web,,0
1412,129,2025-06-18 15:22:46,delivered,mobile_app,,9.99
2582,462,2025-06-19 13:18:42,delivered,web,,7.99
2580,462,2025-06-19 16:35:55,delivered,web,,9.99
2660,486,2025-06-19 18:07:32,returned,web,,7.99
2381,400,2025-06-20 10:25:49,delivered,web,,4.99
2088,319,2025-06-20 18:42:12,delivered,web,,9.99
1751,213,2025-06-21 07:53:00,delivered,marketplace,,0
1955,275,2025-06-21 10:12:01,cancelled,mobile_app,,0
1772,217,2025-06-21 10:59:34,delivered,web,,0
1251,85,2025-06-22 07:00:23,delivered,web,,4.99
1565,162,2025-06-22 21:30:43,delivered,mobile_app,,0
2241,355,2025-06-23 10:13:10,delivered,web,,0
1777,220,2025-06-23 14:10:59,delivered,web,,7.99
1725,207,2025-06-24 07:49:33,delivered,mobile_app,,9.99
1485,147,2025-06-24 09:27:33,returned,mobile_app,,4.99
2497,437,2025-06-24 18:16:07,delivered,web,BLACKFRIDAY25,0
1162,67,2025-06-25 12:13:43,delivered,web,,7.99
1089,38,2025-06-25 17:58:56,delivered,web,,4.99
2077,313,2025-06-25 18:53:29,cancelled,web,,9.99
1857,249,2025-06-26 08:35:54,delivered,web,,0
1733,207,2025-06-26 22:31:38,delivered,mobile_app,,7.99
2205,339,2025-06-27 12:36:59,returned,marketplace,,0
1358,112,2025-06-27 12:37:26,delivered,web,,4.99
3039,585,2025-06-27 13:46:13,delivered,web,FREESHIP,0
1435,133,2025-06-27 17:33:29,delivered,web,LOYAL5,7.99
1262,86,2025-06-27 17:53:36,delivered,marketplace,,7.99
2941,560,2025-06-27 20:53:01,delivered,web,,0
1893,257,2025-06-28 12:09:02,delivered,web,BLACKFRIDAY25,0
3063,600,2025-06-28 19:32:37,delivered,mobile_app,,7.99
1915,264,2025-06-28 23:40:48,delivered,web,,0
2585,462,2025-06-29 08:22:53,delivered,web,,7.99
1010,5,2025-06-29 13:12:47,delivered,mobile_app,,7.99
2309,381,2025-06-30 08:13:43,delivered,web,,7.99
1680,197,2025-07-01 22:53:51,delivered,mobile_app,,9.99
1509,149,2025-07-02 11:12:25,delivered,web,FREESHIP,0
1686,199,2025-07-02 12:04:22,delivered,mobile_app,,9.99
2101,322,2025-07-02 18:39:41,delivered,mobile_app,,7.99
1619,170,2025-07-03 07:17:01,delivered,web,,4.99
1275,92,2025-07-04 11:08:19,delivered,web,,0
1097,42,2025-07-04 12:26:20,delivered,mobile_app,,4.99
2064,309,2025-07-04 16:01:17,delivered,web,,4.99
1862,250,2025-07-04 20:03:48,delivered,mobile_app,,0
1637,180,2025-07-04 23:56:16,delivered,web,,9.99
1919,264,2025-07-05 08:39:24,delivered,mobile_app,,0
1028,18,2025-07-05 15:33:34,delivered,web,,9.99
1964,277,2025-07-06 08:06:13,returned,mobile_app,,7.99
2561,452,2025-07-06 12:04:20,delivered,web,BLACKFRIDAY25,0
1461,139,2025-07-06 15:56:15,delivered,web,,0
2097,321,2025-07-06 17:26:32,delivered,web,,9.99
1500,148,2025-07-07 09:36:46,delivered,mobile_app,,9.99
2010,292,2025-07-07 11:13:45,delivered,web,,4.99
1076,36,2025-07-07 17:50:43,delivered,mobile_app,,9.99
2757,503,2025-07-07 22:10:48,delivered,web,WELCOME10,0
2378,398,2025-07-09 09:36:03,delivered,marketplace,LOYAL5,4.99
2527,445,2025-07-09 11:32:59,delivered,mobile_app,,0
1397,124,2025-07-09 19:26:14,delivered,web,,4.99
2467,421,2025-07-09 21:26:55,delivered,web,,4.99
1462,139,2025-07-10 09:36:12,delivered,web,,7.99
1124,52,2025-07-10 12:08:34,delivered,marketplace,,4.99
2945,560,2025-07-10 21:36:38,delivered,mobile_app,FREESHIP,0
2684,489,2025-07-11 07:40:05,delivered,mobile_app,,0
1146,61,2025-07-11 19:50:00,delivered,marketplace,,7.99
2557,452,2025-07-11 20:43:04,delivered,web,,4.99
1110,45,2025-07-12 09:46:53,delivered,web,SPRING15,4.99
1458,139,2025-07-12 13:54:51,cancelled,web,,0
1900,261,2025-07-12 15:13:56,delivered,marketplace,FREESHIP,0
1647,183,2025-07-13 09:50:01,delivered,web,,7.99
2382,400,2025-07-13 12:35:20,delivered,mobile_app,,7.99
1963,277,2025-07-13 15:42:35,delivered,marketplace,SPRING15,4.99
1456,139,2025-07-13 18:15:47,delivered,mobile_app,,9.99
1067,35,2025-07-13 18:51:01,delivered,web,,0
2598,464,2025-07-14 12:11:27,delivered,web,,4.99
3009,579,2025-07-14 14:05:15,delivered,marketplace,,9.99
2393,405,2025-07-14 17:00:54,delivered,web,,4.99
1013,6,2025-07-14 19:53:01,delivered,marketplace,,9.99
1731,207,2025-07-14 20:44:47,delivered,web,SPRING15,4.99
2911,549,2025-07-14 21:59:48,delivered,web,,7.99
1730,207,2025-07-15 08:59:46,delivered,mobile_app,,0
3024,583,2025-07-15 16:29:58,delivered,mobile_app,,0
1597,165,2025-07-15 17:16:54,delivered,mobile_app,,7.99
2584,462,2025-07-16 08:39:03,returned,mobile_app,,0
1460,139,2025-07-17 20:07:26,delivered,web,,7.99
1278,92,2025-07-17 20:25:10,delivered,web,FREESHIP,0
2594,464,2025-07-17 22:54:37,delivered,web,,0
2908,549,2025-07-17 23:37:48,delivered,mobile_app,LOYAL5,0
3025,583,2025-07-18 17:50:18,returned,mobile_app,,7.99
2571,456,2025-07-18 21:52:00,delivered,mobile_app,,0
2146,329,2025-07-19 09:28:24,delivered,web,FREESHIP,0
2586,462,2025-07-19 12:13:19,delivered,web,,7.99
1286,94,2025-07-19 16:45:31,delivered,marketplace,,0
1313,101,2025-07-19 18:25:09,delivered,mobile_app,,0
2336,386,2025-07-20 11:20:14,delivered,web,SPRING15,9.99
1917,264,2025-07-20 12:19:42,delivered,mobile_app,LOYAL5,7.99
1293,95,2025-07-20 15:51:20,delivered,mobile_app,,0
2014,295,2025-07-20 16:16:28,delivered,web,,7.99
1421,129,2025-07-20 16:57:44,delivered,web,,7.99
2150,329,2025-07-20 20:20:51,cancelled,web,,4.99
2906,547,2025-07-21 15:04:26,delivered,mobile_app,,4.99
2703,493,2025-07-22 08:31:48,delivered,web,,0
1749,213,2025-07-22 11:16:52,delivered,mobile_app,,0
1745,213,2025-07-22 14:08:07,returned,web,,0
2094,320,2025-07-22 18:14:26,delivered,web,,0
3056,596,2025-07-23 12:52:14,delivered,marketplace,WELCOME10,9.99
1118,50,2025-07-23 15:12:03,delivered,web,,9.99
2666,486,2025-07-24 14:16:52,delivered,mobile_app,,4.99
1774,217,2025-07-25 10:14:25,delivered,marketplace,,7.99
2220,343,2025-07-25 12:35:47,delivered,web,,0
1418,129,2025-07-25 20:52:44,returned,web,,9.99
2892,547,2025-07-25 21:07:34,delivered,web,,0
2916,549,2025-07-25 21:13:24,delivered,web,,9.99
2269,367,2025-07-26 10:28:06,delivered,web,,0
2902,547,2025-07-26 12:22:18,delivered,marketplace,,4.99
1449,136,2025-07-26 14:00:15,delivered,web,,9.99
2553,452,2025-07-26 19:13:26,delivered,web,,0
1309,101,2025-07-26 21:43:06,delivered,web,,0
2417,409,2025-07-26 23:54:42,delivered,web,,7.99
2468,422,2025-07-27 11:06:45,shipped,mobile_app,,4.99
1100,42,2025-07-27 14:27:24,delivered,marketplace,,9.99
2333,386,2025-07-27 16:47:20,delivered,mobile_app,,4.99
1227,79,2025-07-27 17:18:26,delivered,web,,0
2904,547,2025-07-27 20:49:37,returned,marketplace,,0
2661,486,2025-07-28 10:01:30,delivered,marketplace,FREESHIP,0
2200,339,2025-07-28 14:46:58,delivered,web,SPRING15,4.99
1068,35,2025-07-28 22:53:09,delivered,web,,9.99
1273,91,2025-07-29 17:38:14,delivered,mobile_app,,4.99
1444,136,2025-07-29 20:42:12,delivered,web,,4.99
2027,297,2025-07-29 22:19:50,delivered,web,,4.99
2549,451,2025-07-30 15:06:46,delivered,web,,7.99
1030,18,2025-07-30 17:44:52,delivered,web,,9.99
2161,331,2025-07-31 10:41:21,delivered,web,,0
1168,67,2025-07-31 16:52:18,delivered,web,,0
1184,69,2025-08-01 20:16:12,delivered,web,,0
2203,339,2025-08-02 13:58:33,delivered,web,,9.99
2125,326,2025-08-02 15:54:31,delivered,web,,0
2084,317,2025-08-02 16:31:37,delivered,marketplace,,4.99
2807,519,2025-08-02 20:19:24,delivered,web,,0
1887,256,2025-08-02 23:05:07,delivered,web,,0
2523,445,2025-08-03 08:06:45,delivered,marketplace,SPRING15,9.99
1424,129,2025-08-03 10:01:19,delivered,web,,0
1908,263,2025-08-04 17:58:34,delivered,web,,9.99
2940,559,2025-08-05 09:29:33,returned,web,,0
2124,326,2025-08-05 14:59:35,delivered,web,,7.99
2721,499,2025-08-06 14:09:11,returned,mobile_app,,0
1533,152,2025-08-06 14:53:46,delivered,web,,0
2905,547,2025-08-06 15:51:35,delivered,web,,0
1048,31,2025-08-06 23:02:05,delivered,mobile_app,SPRING15,0
1213,75,2025-08-07 09:47:44,delivered,web,,0
1910,264,2025-08-07 10:51:44,delivered,web,,4.99
2022,295,2025-08-07 21:10:39,delivered,web,BLACKFRIDAY25,0
2746,502,2025-08-08 08:05:32,delivered,mobile_app,,7.99
1722,207,2025-08-08 08:09:12,delivered,web,,4.99
1393,121,2025-08-08 08:22:07,delivered,mobile_app,SPRING15,0
1742,211,2025-08-08 09:04:05,delivered,web,,7.99
1739,210,2025-08-08 16:27:16,delivered,mobile_app,,9.99
2528,445,2025-08-08 22:29:35,delivered,mobile_app,,4.99
1029,18,2025-08-08 23:46:19,delivered,web,,7.99
2741,501,2025-08-09 08:04:59,delivered,web,,0
2627,477,2025-08-09 15:57:33,delivered,web,,7.99
2720,499,2025-08-09 18:14:19,returned,mobile_app,,4.99
2700,493,2025-08-09 20:05:15,delivered,web,SPRING15,7.99
3049,592,2025-08-09 21:17:07,returned,mobile_app,,7.99
2190,336,2025-08-09 21:21:56,delivered,mobile_app,,4.99
2909,549,2025-08-10 08:44:03,delivered,mobile_app,,9.99
1486,147,2025-08-10 14:05:24,shipped,mobile_app,,0
2244,356,2025-08-10 16:46:19,delivered,web,,7.99
1323,103,2025-08-10 16:53:39,delivered,web,,0
1403,125,2025-08-10 23:33:06,delivered,mobile_app,FREESHIP,0
1506,149,2025-08-11 08:54:24,delivered,web,,7.99
2886,544,2025-08-11 09:55:54,delivered,web,,4.99
1109,45,2025-08-11 13:05:39,delivered,web,,4.99
1643,182,2025-08-11 15:59:35,delivered,mobile_app,,0
2698,493,2025-08-11 22:48:34,delivered,mobile_app,,7.99
2726,499,2025-08-11 23:16:56,delivered,mobile_app,,9.99
1754,215,2025-08-12 08:31:14,delivered,web,,9.99
1855,249,2025-08-12 14:00:51,delivered,web,,0
1148,61,2025-08-12 14:55:52,cancelled,mobile_app,,0
2416,409,2025-08-12 16:12:35,delivered,mobile_app,,0
1288,94,2025-08-12 16:20:54,shipped,mobile_app,,7.99
1724,207,2025-08-12 18:34:06,delivered,web,,0
2339,387,2025-08-12 21:46:31,delivered,mobile_app,,9.99
1850,248,2025-08-12 22:13:44,delivered,web,,7.99
2713,497,2025-08-12 23:18:02,delivered,mobile_app,,4.99
1226,79,2025-08-13 15:57:25,delivered,mobile_app,,4.99
2733,500,2025-08-13 16:36:33,delivered,web,,0
1300,97,2025-08-14 07:35:21,delivered,web,,7.99
2424,411,2025-08-14 15:34:44,delivered,mobile_app,,4.99
2850,535,2025-08-14 18:04:23,delivered,web,,0
2998,575,2025-08-14 19:47:24,shipped,mobile_app,,9.99
2697,493,2025-08-15 08:35:17,delivered,mobile_app,,9.99
2535,445,2025-08-15 10:27:23,delivered,mobile_app,,9.99
2093,319,2025-08-15 11:30:41,delivered,web,,7.99
1646,182,2025-08-15 15:11:58,delivered,web,LOYAL5,4.99
1257,86,2025-08-15 16:59:11,delivered,marketplace,FREESHIP,0
2685,489,2025-08-15 23:54:31,delivered,mobile_app,,0
1093,40,2025-08-16 07:55:39,delivered,web,,0
2170,331,2025-08-16 12:23:03,delivered,web,SPRING15,7.99
2591,462,2025-08-17 13:55:29,delivered,web,,0
2893,547,2025-08-17 18:26:16,delivered,mobile_app,WELCOME10,4.99
2012,295,2025-08-17 20:49:52,delivered,web,,7.99
2019,295,2025-08-17 22:54:13,delivered,marketplace,,4.99
1298,96,2025-08-18 14:29:34,cancelled,mobile_app,,0
1986,281,2025-08-19 07:12:45,delivered,web,,4.99
2674,489,2025-08-19 12:08:01,delivered,mobile_app,,0
1849,246,2025-08-19 13:11:46,delivered,web,SPRING15,9.99
2145,329,2025-08-19 18:06:25,delivered,mobile_app,SPRING15,0
2731,500,2025-08-19 21:25:26,delivered,web,,9.99
1454,139,2025-08-19 23:17:20,delivered,web,,0
2342,388,2025-08-20 08:44:14,delivered,marketplace,,0
2898,547,2025-08-20 08:52:02,delivered,web,,9.99
2856,538,2025-08-20 13:17:20,delivered,marketplace,,0
1083,36,2025-08-20 16:22:57,delivered,mobile_app,,9.99
2347,388,2025-08-20 20:46:50,delivered,mobile_app,,9.99
1353,112,2025-08-20 23:57:47,shipped,mobile_app,,0
2883,544,2025-08-21 15:41:44,delivered,web,,0
2160,331,2025-08-21 17:04:35,delivered,web,FREESHIP,0
1981,280,2025-08-21 19:35:18,delivered,mobile_app,,7.99
1980,280,2025-08-22 07:22:12,delivered,web,,0
2338,386,2025-08-22 09:50:53,delivered,web,FREESHIP,0
2665,486,2025-08-22 15:09:25,delivered,mobile_app,,7.99
1009,5,2025-08-22 20:36:51,delivered,web,,9.99
2337,386,2025-08-22 21:33:02,delivered,mobile_app,WELCOME10,0
2009,291,2025-08-23 07:08:20,cancelled,web,,0
2354,389,2025-08-23 20:13:48,delivered,mobile_app,,9.99
1437,134,2025-08-24 07:26:49,delivered,web,,9.99
2317,384,2025-08-24 14:36:59,delivered,marketplace,,7.99
1141,58,2025-08-24 16:36:24,delivered,mobile_app,,9.99
2579,462,2025-08-25 08:28:15,delivered,web,,4.99
1081,36,2025-08-25 10:55:10,delivered,web,,4.99
1880,255,2025-08-25 13:56:07,cancelled,web,,4.99
1554,160,2025-08-25 19:55:42,delivered,mobile_app,,7.99
1315,101,2025-08-26 08:01:05,delivered,web,,9.99
2138,328,2025-08-26 08:42:37,delivered,web,,0
2292,375,2025-08-26 11:06:09,delivered,web,,9.99
2277,369,2025-08-26 11:48:33,delivered,web,,9.99
2676,489,2025-08-26 13:44:52,delivered,mobile_app,,4.99
2091,319,2025-08-26 23:46:30,delivered,web,,4.99
2344,388,2025-08-26 23:47:20,cancelled,web,,0
2950,561,2025-08-27 07:27:08,delivered,mobile_app,,0
2335,386,2025-08-27 07:46:07,cancelled,mobile_app,,4.99
2151,329,2025-08-27 09:21:03,returned,web,LOYAL5,7.99
3045,590,2025-08-27 21:37:28,returned,web,,4.99
1504,149,2025-08-27 22:50:05,delivered,mobile_app,,7.99
2710,496,2025-08-28 07:21:55,delivered,web,,4.99
2556,452,2025-08-28 10:17:24,delivered,web,,9.99
1354,112,2025-08-28 10:56:10,returned,web,,4.99
2023,295,2025-08-28 14:45:31,delivered,web,,4.99
2477,429,2025-08-28 15:51:55,delivered,web,FREESHIP,0
2913,549,2025-08-28 23:05:09,delivered,marketplace,,0
1645,182,2025-08-29 10:34:52,delivered,web,,9.99
1464,139,2025-08-29 11:53:19,returned,mobile_app,,0
2067,312,2025-08-29 18:31:58,delivered,marketplace,,0
2570,456,2025-08-29 18:46:05,delivered,mobile_app,,9.99
2773,511,2025-08-29 19:46:29,delivered,web,,7.99
2772,511,2025-08-30 08:32:05,delivered,web,,4.99
2630,477,2025-08-30 18:52:58,cancelled,web,FREESHIP,0
1024,12,2025-08-30 22:51:31,delivered,mobile_app,,0
2536,446,2025-08-30 23:06:50,delivered,web,,0
1817,232,2025-08-31 14:13:59,delivered,web,,0
2597,464,2025-08-31 19:53:16,delivered,mobile_app,FREESHIP,0
1507,149,2025-08-31 19:58:41,delivered,web,LOYAL5,9.99
1025,16,2025-09-01 07:27:27,delivered,mobile_app,,0
2872,541,2025-09-01 09:19:15,delivered,web,,7.99
1396,124,2025-09-01 11:42:19,delivered,marketplace,,9.99
1865,251,2025-09-01 12:55:22,cancelled,web,,0
1320,101,2025-09-01 14:12:40,delivered,marketplace,,4.99
1185,69,2025-09-01 14:38:51,delivered,web,,4.99
1654,185,2025-09-01 15:46:20,delivered,mobile_app,,0
2821,526,2025-09-02 10:03:20,returned,mobile_app,FREESHIP,0
1882,255,2025-09-02 12:27:33,returned,web,,0
2724,499,2025-09-02 18:43:58,delivered,web,,0
1753,215,2025-09-03 10:23:43,delivered,web,,0
1362,112,2025-09-03 15:28:26,delivered,mobile_app,LOYAL5,0
1487,147,2025-09-03 19:11:00,returned,mobile_app,,7.99
2273,369,2025-09-03 21:04:42,cancelled,marketplace,,4.99
1744,212,2025-09-03 22:50:47,delivered,web,,7.99
2926,554,2025-09-04 11:21:24,delivered,web,,9.99
1263,86,2025-09-04 11:33:13,delivered,web,,0
1978,280,2025-09-04 19:09:38,delivered,web,,9.99
1525,152,2025-09-04 19:17:55,cancelled,web,,0
1379,119,2025-09-05 07:25:49,delivered,web,,9.99
1108,45,2025-09-05 08:11:27,delivered,web,,4.99
1256,86,2025-09-05 13:40:34,delivered,mobile_app,,4.99
2131,327,2025-09-05 16:25:11,delivered,mobile_app,,7.99
1848,245,2025-09-05 20:19:19,delivered,web,,4.99
1858,249,2025-09-06 07:18:30,delivered,mobile_app,,7.99
1134,54,2025-09-06 09:09:25,delivered,mobile_app,,9.99
2218,342,2025-09-06 14:40:34,delivered,mobile_app,,7.99
1563,162,2025-09-06 15:37:41,delivered,web,LOYAL5,9.99
1241,83,2025-09-06 20:52:15,delivered,mobile_app,,0
2332,386,2025-09-07 16:29:18,delivered,web,,0
1852,249,2025-09-07 19:33:38,delivered,web,WELCOME10,7.99
1969,277,2025-09-07 22:52:35,delivered,web,,0
1896,259,2025-09-07 23:29:56,cancelled,mobile_app,,4.99
2860,541,2025-09-08 08:56:07,delivered,mobile_app,,7.99
1979,280,2025-09-08 21:50:30,cancelled,mobile_app,,0
2880,543,2025-09-08 23:27:48,delivered,web,,0
2796,514,2025-09-09 07:42:34,delivered,web,,0
1945,269,2025-09-09 10:51:23,returned,mobile_app,,7.99
2466,421,2025-09-09 10:56:48,delivered,web,,9.99
1451,136,2025-09-09 20:22:10,delivered,web,,9.99
2126,326,2025-09-09 22:42:47,delivered,web,,0
1800,226,2025-09-09 23:30:10,delivered,web,FREESHIP,0
2798,514,2025-09-10 10:18:53,delivered,web,,9.99
1073,36,2025-09-10 11:19:21,delivered,web,,9.99
1895,258,2025-09-10 18:22:40,delivered,web,,7.99
1497,148,2025-09-10 22:30:07,delivered,web,,0
1523,151,2025-09-10 23:41:59,delivered,marketplace,,7.99
1291,95,2025-09-11 08:31:52,delivered,mobile_app,,0
1057,33,2025-09-11 08:51:46,delivered,web,,9.99
2901,547,2025-09-11 10:32:04,delivered,mobile_app,,0
2659,485,2025-09-11 14:52:58,delivered,mobile_app,,0
2750,502,2025-09-11 19:13:45,delivered,web,,7.99
2195,337,2025-09-12 14:27:48,delivered,web,,0
1344,110,2025-09-12 21:02:31,delivered,web,,0
2096,320,2025-09-13 09:17:23,delivered,mobile_app,LOYAL5,0
2090,319,2025-09-13 11:12:52,delivered,web,,7.99
2812,521,2025-09-13 20:01:28,delivered,web,,9.99
1994,284,2025-09-14 07:00:40,delivered,mobile_app,,0
1766,216,2025-09-14 08:29:07,delivered,marketplace,,0
2236,353,2025-09-14 10:51:17,delivered,mobile_app,,0
2656,483,2025-09-14 13:06:22,delivered,web,LOYAL5,0
1391,121,2025-09-14 18:57:31,delivered,mobile_app,WELCOME10,0
1618,169,2025-09-14 21:05:53,delivered,web,,0
2899,547,2025-09-14 23:59:32,cancelled,mobile_app,,9.99
1069,35,2025-09-15 10:19:34,cancelled,mobile_app,,7.99
2742,501,2025-09-15 13:27:25,delivered,web,FREESHIP,0
1975,280,2025-09-15 14:18:18,delivered,web,,0
1521,151,2025-09-15 17:39:44,delivered,mobile_app,,7.99
2149,329,2025-09-17 19:00:11,delivered,web,FREESHIP,0
1143,60,2025-09-18 15:08:01,delivered,web,,4.99
1005,3,2025-09-18 15:35:46,delivered,web,,0
3021,582,2025-09-18 16:51:13,delivered,web,,0
1503,149,2025-09-18 22:22:39,delivered,mobile_app,SPRING15,4.99
2875,542,2025-09-18 23:22:55,delivered,web,WELCOME10,9.99
1832,238,2025-09-19 07:15:32,delivered,mobile_app,,0
1771,217,2025-09-19 13:59:55,delivered,web,,9.99
2479,429,2025-09-20 19:04:36,delivered,web,,4.99
1913,264,2025-09-21 09:50:11,delivered,web,,7.99
2864,541,2025-09-21 13:48:38,delivered,marketplace,,0
2863,541,2025-09-21 18:42:25,delivered,web,,9.99
2891,547,2025-09-21 19:43:46,delivered,web,,7.99
2313,382,2025-09-21 20:24:04,delivered,web,,9.99
1043,27,2025-09-21 21:31:27,cancelled,web,,9.99
2228,345,2025-09-22 07:09:02,delivered,web,,0
3047,590,2025-09-22 11:47:27,delivered,web,,0
1394,123,2025-09-22 16:15:06,delivered,mobile_app,,4.99
1651,185,2025-09-23 08:36:00,delivered,mobile_app,BLACKFRIDAY25,0
1877,255,2025-09-23 13:00:40,delivered,mobile_app,SPRING15,9.99
2878,543,2025-09-23 15:35:11,delivered,mobile_app,FREESHIP,0
2708,496,2025-09-23 23:46:02,delivered,web,,4.99
2221,344,2025-09-24 07:50:14,delivered,mobile_app,,7.99
2784,511,2025-09-24 12:30:00,delivered,mobile_app,,4.99
1995,284,2025-09-24 16:31:43,delivered,mobile_app,,7.99
1473,141,2025-09-24 19:23:31,delivered,web,,0
2263,364,2025-09-24 23:17:26,delivered,mobile_app,,4.99
2567,454,2025-09-25 15:27:26,delivered,mobile_app,,0
3007,579,2025-09-26 14:27:08,delivered,mobile_app,,0
2340,388,2025-09-26 15:02:52,delivered,mobile_app,,9.99
2039,299,2025-09-26 22:06:12,delivered,marketplace,,7.99
1715,206,2025-09-27 10:29:33,delivered,web,,0
2011,295,2025-09-27 15:13:32,delivered,web,SPRING15,9.99
1987,282,2025-09-27 17:24:35,delivered,mobile_app,BLACKFRIDAY25,0
1526,152,2025-09-27 23:02:40,delivered,mobile_app,,0
2152,329,2025-09-28 11:28:36,delivered,mobile_app,,0
1478,146,2025-09-28 16:29:09,delivered,web,,9.99
1999,288,2025-09-28 20:32:04,delivered,mobile_app,,9.99
2081,313,2025-09-29 07:59:32,delivered,web,FREESHIP,0
2052,306,2025-09-29 11:41:21,delivered,web,,9.99
2258,362,2025-09-29 15:43:59,delivered,mobile_app,FREESHIP,0
2722,499,2025-09-29 18:20:00,cancelled,web,,7.99
2800,514,2025-09-29 22:50:35,delivered,marketplace,,9.99
1740,210,2025-09-30 09:33:20,delivered,mobile_app,,0
2714,497,2025-09-30 09:40:18,delivered,mobile_app,,9.99
1721,207,2025-09-30 21:04:36,delivered,mobile_app,BLACKFRIDAY25,4.99
1001,2,2025-09-30 21:22:04,delivered,web,,7.99
2073,312,2025-10-01 14:44:29,delivered,web,SPRING15,0
1443,136,2025-10-02 07:11:51,delivered,web,,0
1026,16,2025-10-02 08:01:36,delivered,web,,0
2736,501,2025-10-02 09:03:43,delivered,web,,0
1776,219,2025-10-02 12:10:16,delivered,mobile_app,,0
2896,547,2025-10-02 15:37:44,delivered,mobile_app,,0
2414,409,2025-10-02 18:59:34,delivered,web,LOYAL5,0
2193,336,2025-10-03 08:00:58,delivered,web,,7.99
1272,90,2025-10-03 11:06:11,delivered,web,,0
1515,151,2025-10-03 13:13:42,returned,web,,7.99
3006,579,2025-10-03 15:18:53,delivered,web,,9.99
1734,207,2025-10-03 20:57:27,delivered,web,,4.99
2858,540,2025-10-03 23:17:31,delivered,web,,7.99
1657,185,2025-10-04 07:59:58,delivered,web,,7.99
1508,149,2025-10-04 12:03:48,delivered,mobile_app,,7.99
2264,364,2025-10-04 14:31:44,delivered,web,,0
2758,505,2025-10-04 16:39:25,delivered,mobile_app,,0
2343,388,2025-10-04 17:55:30,delivered,marketplace,,4.99
2951,562,2025-10-04 23:52:59,delivered,web,,0
2739,501,2025-10-05 12:12:24,delivered,mobile_app,FREESHIP,0
2862,541,2025-10-05 12:17:10,delivered,web,,4.99
2167,331,2025-10-05 22:26:19,delivered,web,SPRING15,4.99
1002,2,2025-10-06 17:05:24,delivered,web,,4.99
1258,86,2025-10-07 09:07:16,delivered,web,FREESHIP,0
2914,549,2025-10-07 17:01:34,cancelled,marketplace,,0
3003,579,2025-10-07 17:33:22,delivered,web,,4.99
1520,151,2025-10-07 19:03:19,delivered,marketplace,,0
2737,501,2025-10-07 21:09:52,delivered,web,,0
3050,593,2025-10-07 23:30:23,delivered,web,,7.99
1993,284,2025-10-07 23:50:26,delivered,web,,9.99
1044,28,2025-10-08 18:45:23,delivered,web,,0
2635,479,2025-10-09 08:25:37,delivered,marketplace,,0
2143,328,2025-10-09 08:36:25,returned,web,,9.99
1077,36,2025-10-09 10:23:35,delivered,web,,9.99
1261,86,2025-10-09 11:56:37,delivered,mobile_app,,0
1759,216,2025-10-09 15:08:13,delivered,mobile_app,,0
2525,445,2025-10-09 22:21:58,delivered,marketplace,,7.99
1502,148,2025-10-09 23:41:52,returned,web,,4.99
2223,344,2025-10-10 12:33:27,delivered,web,,9.99
1736,208,2025-10-10 16:12:16,delivered,mobile_app,,4.99
2894,547,2025-10-10 18:43:08,delivered,marketplace,,4.99
1494,148,2025-10-10 18:51:01,returned,mobile_app,,0
3052,595,2025-10-10 22:10:34,delivered,mobile_app,,0
2636,479,2025-10-11 07:53:07,delivered,web,,9.99
2348,388,2025-10-11 09:36:50,delivered,marketplace,FREESHIP,0
3019,582,2025-10-11 09:47:42,delivered,web,,0
2458,420,2025-10-11 11:24:47,delivered,web,BLACKFRIDAY25,4.99
2116,324,2025-10-11 14:43:35,delivered,mobile_app,,7.99
2166,331,2025-10-11 19:09:47,delivered,web,,9.99
3053,596,2025-10-11 23:07:16,delivered,mobile_app,,9.99
1837,240,2025-10-12 07:57:02,returned,web,,0
3001,576,2025-10-12 08:30:15,delivered,mobile_app,,0
1255,86,2025-10-12 08:38:37,shipped,marketplace,,0
1669,191,2025-10-12 15:15:57,delivered,web,WELCOME10,0
2603,466,2025-10-13 08:04:51,delivered,web,,0
2321,384,2025-10-13 14:33:28,delivered,web,,4.99
1004,2,2025-10-13 18:18:49,delivered,web,,0
2952,562,2025-10-13 22:26:52,shipped,mobile_app,,0
2227,345,2025-10-14 07:21:38,delivered,web,,0
1042,27,2025-10-14 12:43:36,returned,marketplace,,9.99
1135,54,2025-10-14 13:39:45,delivered,web,,9.99
1343,110,2025-10-14 13:56:25,delivered,marketplace,,0
2083,316,2025-10-14 21:15:16,delivered,web,SPRING15,9.99
2777,511,2025-10-15 09:27:32,delivered,web,,0
1513,151,2025-10-15 09:31:47,delivered,web,,0
2487,433,2025-10-15 15:36:15,shipped,marketplace,,9.99
1867,252,2025-10-15 16:27:17,delivered,mobile_app,SPRING15,0
2392,404,2025-10-15 16:51:24,delivered,marketplace,,4.99
2257,362,2025-10-15 23:17:36,delivered,web,BLACKFRIDAY25,9.99
2169,331,2025-10-16 07:32:38,delivered,web,,0
2817,524,2025-10-16 20:31:28,delivered,web,,9.99
1411,128,2025-10-16 21:55:51,delivered,web,,0
1638,180,2025-10-17 22:51:26,delivered,web,,0
2234,351,2025-10-18 07:15:37,delivered,web,,0
2500,437,2025-10-18 10:00:02,cancelled,mobile_app,,9.99
1158,64,2025-10-18 14:16:55,delivered,mobile_app,,0
1874,255,2025-10-19 11:47:58,delivered,mobile_app,,4.99
2383,400,2025-10-19 16:47:16,delivered,web,,0
1049,32,2025-10-19 18:28:40,delivered,mobile_app,,4.99
1160,65,2025-10-19 21:55:29,delivered,web,SPRING15,0
2222,344,2025-10-19 22:26:15,delivered,mobile_app,,0
1746,213,2025-10-19 23:13:28,delivered,mobile_app,,0
3020,582,2025-10-20 08:59:05,delivered,web,WELCOME10,0
2158,331,2025-10-20 16:35:13,shipped,web,,0
2900,547,2025-10-20 20:56:05,delivered,mobile_app,,7.99
1562,162,2025-10-21 08:33:14,delivered,web,,0
2495,435,2025-10-21 19:00:10,delivered,web,,4.99
2813,523,2025-10-21 19:36:13,delivered,web,,4.99
2287,375,2025-10-22 11:56:05,delivered,web,,0
2972,569,2025-10-22 12:42:04,delivered,mobile_app,,4.99
1761,216,2025-10-22 14:50:15,delivered,web,,0
1970,277,2025-10-22 17:22:06,delivered,marketplace,,9.99
2836,533,2025-10-22 19:15:18,delivered,mobile_app,,0
2507,439,2025-10-23 07:33:25,cancelled,mobile_app,,9.99
1770,217,2025-10-23 08:14:45,delivered,web,,4.99
2745,502,2025-10-23 13:52:32,delivered,mobile_app,SPRING15,0
2127,326,2025-10-24 07:06:26,delivered,web,,4.99
2398,407,2025-10-24 09:25:17,delivered,web,,9.99
2592,462,2025-10-24 10:01:01,returned,marketplace,,9.99
2994,573,2025-10-24 12:21:21,shipped,web,FREESHIP,0
1074,36,2025-10-24 18:01:09,delivered,web,,4.99
1342,110,2025-10-24 19:18:38,cancelled,web,,0
2459,420,2025-10-25 07:28:19,delivered,mobile_app,BLACKFRIDAY25,0
2357,391,2025-10-25 08:13:26,returned,web,,0
1866,252,2025-10-25 10:34:56,delivered,web,,7.99
2063,308,2025-10-25 19:44:21,delivered,web,,7.99
1684,198,2025-10-25 20:40:22,delivered,mobile_app,,4.99
2795,514,2025-10-25 22:41:52,delivered,mobile_app,FREESHIP,0
1363,113,2025-10-26 12:36:44,delivered,web,,9.99
3005,579,2025-10-26 16:25:13,delivered,web,,0
1207,73,2025-10-26 16:37:18,delivered,web,,7.99
2638,479,2025-10-26 22:56:14,delivered,mobile_app,,0
2359,392,2025-10-27 15:31:40,delivered,mobile_app,,9.99
1147,61,2025-10-27 15:34:28,delivered,web,LOYAL5,0
3004,579,2025-10-27 17:07:53,delivered,marketplace,,7.99
1764,216,2025-10-27 19:57:07,delivered,web,,9.99
2326,385,2025-10-27 21:05:43,delivered,web,,0
1830,236,2025-10-28 07:29:09,delivered,web,,9.99
1983,280,2025-10-28 13:08:19,delivered,mobile_app,,4.99
2216,341,2025-10-28 14:03:51,cancelled,mobile_app,,9.99
1552,160,2025-10-28 14:32:54,delivered,web,,0
2696,493,2025-10-28 14:53:15,delivered,web,LOYAL5,0
1548,158,2025-10-28 14:55:47,delivered,web,,4.99
1543,156,2025-10-28 18:28:30,delivered,web,,7.99
2716,498,2025-10-28 20:09:13,delivered,mobile_app,,7.99
2936,556,2025-10-29 13:47:41,delivered,web,SPRING15,9.99
1465,139,2025-10-29 13:48:54,delivered,mobile_app,,0
2738,501,2025-10-29 16:01:36,delivered,web,,4.99
3031,584,2025-10-29 22:06:35,delivered,web,,0
1973,279,2025-10-29 22:18:55,delivered,web,FREESHIP,0
2997,575,2025-10-30 09:40:35,delivered,mobile_app,,0
2653,483,2025-10-30 16:48:34,delivered,web,,0
3026,583,2025-10-30 18:03:04,delivered,mobile_app,,4.99
1876,255,2025-10-30 19:17:25,delivered,web,,0
1974,279,2025-10-31 11:40:00,delivered,web,WELCOME10,0
2111,324,2025-10-31 15:19:05,delivered,mobile_app,,0
1319,101,2025-10-31 20:22:10,delivered,web,,7.99
1211,73,2025-11-01 07:33:25,delivered,mobile_app,,0
1003,2,2025-11-01 07:44:15,delivered,mobile_app,,4.99
2140,328,2025-11-01 09:26:18,delivered,web,,0
2752,502,2025-11-01 09:35:26,delivered,web,,9.99
1512,151,2025-11-01 10:19:19,delivered,web,WELCOME10,7.99
3028,584,2025-11-01 11:09:41,delivered,web,,0
2589,462,2025-11-01 11:30:08,cancelled,web,,0
1467,140,2025-11-01 12:13:41,delivered,web,,0
1463,139,2025-11-01 16:08:55,delivered,marketplace,,9.99
1477,144,2025-11-01 20:28:09,delivered,mobile_app,BLACKFRIDAY25,0
1517,151,2025-11-01 21:03:58,delivered,mobile_app,,0
1117,50,2025-11-01 22:51:06,delivered,marketplace,,0
2484,430,2025-11-01 23:14:20,delivered,marketplace,,7.99
2157,331,2025-11-01 23:21:10,delivered,web,,9.99
3000,576,2025-11-02 07:08:42,delivered,mobile_app,,7.99
1374,119,2025-11-02 07:22:50,delivered,mobile_app,,9.99
2103,322,2025-11-02 07:51:23,delivered,web,,4.99
2903,547,2025-11-02 07:52:39,delivered,web,,9.99
1532,152,2025-11-02 14:31:55,delivered,web,,9.99
2887,545,2025-11-02 17:47:35,delivered,mobile_app,,0
2540,447,2025-11-02 18:02:42,delivered,web,,7.99
2743,501,2025-11-02 20:50:38,delivered,mobile_app,,9.99
2640,480,2025-11-03 08:09:59,delivered,mobile_app,,4.99
2869,541,2025-11-03 08:51:02,cancelled,mobile_app,,7.99
2305,378,2025-11-03 16:47:02,delivered,web,SPRING15,4.99
3037,585,2025-11-03 16:59:45,delivered,marketplace,,0
2524,445,2025-11-03 19:35:57,delivered,mobile_app,,0
1209,73,2025-11-03 20:03:11,delivered,mobile_app,,0
2522,445,2025-11-04 08:38:50,delivered,web,,0
1438,134,2025-11-04 09:23:37,delivered,web,,7.99
1953,274,2025-11-04 09:28:12,delivered,mobile_app,WELCOME10,0
1783,223,2025-11-04 10:02:40,delivered,mobile_app,,7.99
2226,345,2025-11-04 11:03:33,delivered,mobile_app,,7.99
2649,481,2025-11-04 11:15:44,delivered,web,BLACKFRIDAY25,0
1711,205,2025-11-04 12:26:45,delivered,mobile_app,,7.99
3041,587,2025-11-04 12:27:34,delivered,web,,7.99
1145,61,2025-11-04 13:28:37,delivered,web,,9.99
3030,584,2025-11-04 15:16:10,delivered,web,,0
1946,269,2025-11-04 17:51:50,delivered,mobile_app,,7.99
2728,500,2025-11-04 23:52:16,delivered,marketplace,,7.99
1911,264,2025-11-05 13:03:16,delivered,mobile_app,,7.99
1758,216,2025-11-05 18:44:46,delivered,marketplace,,9.99
1305,99,2025-11-05 19:09:22,delivered,web,,0
1000,1,2025-11-05 19:55:39,delivered,web,,4.99
1985,280,2025-11-05 19:57:11,delivered,web,,0
2262,364,2025-11-05 20:25:30,delivered,web,,7.99
2233,350,2025-11-05 21:27:24,delivered,web,LOYAL5,4.99
2727,499,2025-11-05 22:13:49,delivered,mobile_app,FREESHIP,0
1765,216,2025-11-05 23:03:16,delivered,mobile_app,,0
1165,67,2025-11-06 08:22:47,delivered,mobile_app,BLACKFRIDAY25,7.99
2276,369,2025-11-06 09:08:45,delivered,mobile_app,,4.99
1419,129,2025-11-06 09:59:10,delivered,web,,0
1624,173,2025-11-06 10:14:00,delivered,web,,0
2532,445,2025-11-06 12:12:02,delivered,mobile_app,,0
1078,36,2025-11-06 13:18:00,shipped,web,,9.99
1144,61,2025-11-06 14:43:06,delivered,web,,9.99
2311,381,2025-11-06 18:40:16,delivered,web,,9.99
2555,452,2025-11-06 19:05:44,delivered,mobile_app,,9.99
2531,445,2025-11-06 20:12:18,delivered,mobile_app,BLACKFRIDAY25,0
2873,541,2025-11-06 20:39:37,delivered,web,,0
1670,191,2025-11-06 21:38:39,delivered,mobile_app,WELCOME10,7.99
1547,158,2025-11-06 22:53:38,delivered,web,,0
2770,510,2025-11-06 23:10:03,delivered,web,,4.99
2529,445,2025-11-06 23:18:20,delivered,web,BLACKFRIDAY25,7.99
1961,275,2025-11-07 07:35:19,delivered,web,,4.99
2318,384,2025-11-07 09:07:43,cancelled,web,,0
1681,197,2025-11-07 11:57:55,returned,marketplace,SPRING15,4.99
2476,429,2025-11-07 13:28:42,delivered,web,,9.99
2334,386,2025-11-07 14:05:03,delivered,web,,0
1308,101,2025-11-07 14:12:37,delivered,mobile_app,,4.99
3008,579,2025-11-07 14:39:08,delivered,mobile_app,,7.99
2041,299,2025-11-07 15:41:05,delivered,web,WELCOME10,0
1426,131,2025-11-07 16:30:09,delivered,mobile_app,LOYAL5,4.99
2802,514,2025-11-07 20:38:34,delivered,web,LOYAL5,9.99
2568,455,2025-11-07 22:18:56,delivered,web,,0
2725,499,2025-11-07 23:27:21,delivered,web,,7.99
1839,240,2025-11-08 07:14:39,delivered,mobile_app,,0
2295,375,2025-11-08 08:32:53,delivered,mobile_app,,4.99
1122,51,2025-11-08 08:50:27,delivered,mobile_app,,7.99
1566,162,2025-11-08 08:59:04,delivered,mobile_app,,4.99
2824,530,2025-11-08 10:15:38,delivered,web,,4.99
2192,336,2025-11-08 10:44:31,delivered,web,SPRING15,0
2298,375,2025-11-08 11:15:26,delivered,web,,0
2781,511,2025-11-08 11:22:54,delivered,mobile_app,,0
3029,584,2025-11-08 17:11:54,delivered,mobile_app,,7.99
2929,555,2025-11-08 17:24:17,delivered,web,,7.99
2502,437,2025-11-08 18:19:16,delivered,web,,9.99
2243,356,2025-11-08 18:52:34,returned,mobile_app,,4.99
2054,306,2025-11-08 22:03:56,delivered,web,BLACKFRIDAY25,9.99
2471,425,2025-11-08 23:08:52,delivered,mobile_app,,7.99
2625,476,2025-11-09 08:30:00,delivered,web,,7.99
2841,534,2025-11-09 10:25:41,delivered,mobile_app,,7.99
2415,409,2025-11-09 11:32:56,delivered,mobile_app,,0
1208,73,2025-11-09 11:51:46,delivered,marketplace,,0
2974,571,2025-11-09 12:40:16,delivered,web,,9.99
1514,151,2025-11-09 13:11:13,delivered,mobile_app,,0
2664,486,2025-11-09 17:02:55,delivered,web,,0
2816,524,2025-11-09 17:28:30,delivered,marketplace,,0
2128,326,2025-11-09 19:10:31,delivered,web,,0
2327,385,2025-11-09 19:24:52,delivered,web,,9.99
2897,547,2025-11-09 20:03:52,cancelled,web,,9.99
2930,555,2025-11-09 20:30:05,cancelled,web,,7.99
2072,312,2025-11-09 21:52:43,delivered,web,WELCOME10,0
1861,249,2025-11-10 08:17:59,delivered,mobile_app,WELCOME10,0
1549,158,2025-11-10 08:21:48,delivered,mobile_app,,4.99
2723,499,2025-11-10 08:36:18,delivered,marketplace,,0
2274,369,2025-11-10 09:54:05,delivered,web,WELCOME10,9.99
1457,139,2025-11-10 10:17:55,delivered,web,,0
1635,180,2025-11-10 12:11:13,delivered,web,BLACKFRIDAY25,0
2061,308,2025-11-10 13:03:58,delivered,marketplace,SPRING15,7.99
2324,385,2025-11-10 15:05:46,delivered,marketplace,,0
2751,502,2025-11-10 17:14:18,delivered,mobile_app,,7.99
2673,489,2025-11-10 17:40:29,delivered,marketplace,,9.99
3051,594,2025-11-10 17:45:42,delivered,web,,4.99
1718,206,2025-11-10 18:02:02,returned,web,,0
1976,280,2025-11-10 19:07:46,delivered,web,,0
2153,330,2025-11-10 19:34:43,delivered,web,,0
2168,331,2025-11-10 22:32:48,delivered,marketplace,,9.99
1316,101,2025-11-10 22:43:54,cancelled,web,FREESHIP,0
1218,77,2025-11-10 23:47:23,delivered,mobile_app,,9.99
2191,336,2025-11-11 07:22:44,delivered,mobile_app,WELCOME10,9.99
1599,166,2025-11-11 07:53:53,delivered,mobile_app,,9.99
2927,555,2025-11-11 09:07:51,delivered,web,,4.99
1998,284,2025-11-11 09:22:51,delivered,web,,0
1499,148,2025-11-11 15:56:01,delivered,web,BLACKFRIDAY25,4.99
2559,452,2025-11-11 19:52:05,delivered,marketplace,,0
2266,364,2025-11-11 20:11:15,delivered,web,,0
1728,207,2025-11-11 20:48:34,delivered,web,,0
1903,261,2025-11-11 21:12:48,cancelled,marketplace,,7.99
2560,452,2025-11-11 21:17:32,shipped,mobile_app,,4.99
2740,501,2025-11-12 08:01:22,delivered,web,,9.99
1984,280,2025-11-12 08:30:39,delivered,web,,9.99
1916,264,2025-11-12 08:45:30,delivered,mobile_app,,9.99
2959,565,2025-11-12 10:14:08,cancelled,web,,7.99
2349,388,2025-11-12 14:05:59,returned,marketplace,,4.99
2394,405,2025-11-12 16:12:22,delivered,mobile_app,,9.99
1439,135,2025-11-12 17:11:46,delivered,web,,0
1159,64,2025-11-12 22:24:54,delivered,web,,4.99
2629,477,2025-11-12 22:50:07,delivered,web,,0
3032,584,2025-11-13 08:25:22,delivered,web,,0
2704,494,2025-11-13 08:25:35,delivered,web,,0
3015,581,2025-11-13 10:19:07,delivered,mobile_app,SPRING15,9.99
1587,165,2025-11-13 11:19:24,delivered,web,,0
1997,284,2025-11-13 11:21:11,delivered,mobile_app,,0
2948,561,2025-11-13 13:30:10,returned,mobile_app,,9.99
1186,69,2025-11-13 14:11:03,delivered,web,,0
2996,574,2025-11-13 18:22:07,delivered,web,,7.99
2483,430,2025-11-13 18:55:57,shipped,web,,0
2265,364,2025-11-13 21:26:03,delivered,mobile_app,,0
1528,152,2025-11-13 22:11:44,delivered,mobile_app,,9.99
1977,280,2025-11-14 07:15:04,delivered,mobile_app,,4.99
2485,430,2025-11-14 08:17:33,delivered,web,,9.99
1471,141,2025-11-14 08:58:59,delivered,web,,4.99
1153,62,2025-11-14 11:17:29,delivered,web,,4.99
2748,502,2025-11-14 13:29:15,delivered,mobile_app,,0
1259,86,2025-11-14 15:46:14,delivered,web,LOYAL5,0
2932,555,2025-11-14 16:44:15,delivered,mobile_app,,9.99
2844,534,2025-11-14 17:19:35,delivered,marketplace,,9.99
2267,365,2025-11-14 18:51:28,cancelled,web,,0
1061,33,2025-11-14 19:27:47,delivered,web,,9.99
3062,600,2025-11-14 21:30:53,delivered,web,,0
2219,343,2025-11-14 22:15:53,delivered,web,,0
1366,115,2025-11-14 22:39:10,delivered,mobile_app,FREESHIP,0
3035,585,2025-11-14 23:01:48,delivered,web,,9.99
1671,191,2025-11-15 09:28:13,delivered,web,,0
2482,430,2025-11-15 09:48:06,delivered,web,,0
1480,146,2025-11-15 11:46:10,delivered,web,SPRING15,0
1303,99,2025-11-15 11:47:38,delivered,web,,9.99
1859,249,2025-11-15 12:28:23,returned,mobile_app,,9.99
2925,554,2025-11-15 14:03:50,delivered,mobile_app,,9.99
2275,369,2025-11-15 18:32:34,delivered,web,SPRING15,0
2935,556,2025-11-15 19:26:36,delivered,web,,4.99
2572,457,2025-11-15 21:37:44,delivered,marketplace,,4.99
2242,356,2025-11-15 22:00:07,delivered,web,,9.99
1356,112,2025-11-15 22:15:53,delivered,marketplace,,9.99
1496,148,2025-11-16 08:03:52,delivered,mobile_app,,0
2302,378,2025-11-16 11:25:41,delivered,web,,4.99
1524,151,2025-11-16 11:26:42,delivered,mobile_app,LOYAL5,0
1956,275,2025-11-16 14:57:11,delivered,web,,9.99
2384,402,2025-11-16 16:08:42,delivered,web,,7.99
1601,166,2025-11-16 18:03:36,delivered,web,LOYAL5,9.99
1925,266,2025-11-16 21:59:28,delivered,web,,0
2648,481,2025-11-16 22:03:55,delivered,marketplace,,4.99
2426,411,2025-11-16 23:31:01,delivered,web,,0
2486,433,2025-11-17 07:58:53,delivered,mobile_app,,9.99
2106,324,2025-11-17 12:38:49,delivered,marketplace,LOYAL5,0
1703,204,2025-11-17 14:26:04,delivered,mobile_app,,9.99
1622,172,2025-11-17 14:44:46,delivered,mobile_app,,7.99
1287,94,2025-11-17 15:08:39,delivered,web,BLACKFRIDAY25,4.99
2231,348,2025-11-17 20:15:01,delivered,web,,0
1960,275,2025-11-17 21:38:50,cancelled,web,,0
2637,479,2025-11-17 21:46:13,delivered,mobile_app,,4.99
2224,344,2025-11-17 22:16:28,delivered,mobile_app,,4.99
1853,249,2025-11-18 09:06:31,delivered,mobile_app,,7.99
2448,418,2025-11-18 09:08:37,delivered,mobile_app,,9.99
1055,33,2025-11-18 11:05:18,delivered,web,,4.99
2397,406,2025-11-18 11:52:39,delivered,web,,0
1064,33,2025-11-18 15:49:31,delivered,web,,0
2855,538,2025-11-18 15:54:44,delivered,web,FREESHIP,0
2981,571,2025-11-18 17:21:34,delivered,mobile_app,,4.99
2462,420,2025-11-19 07:34:51,delivered,web,,0
2792,514,2025-11-19 10:44:35,delivered,mobile_app,,9.99
1154,62,2025-11-19 14:50:14,returned,web,,7.99
2095,320,2025-11-19 15:33:42,delivered,web,,7.99
2433,417,2025-11-19 16:12:07,delivered,web,,9.99
1834,238,2025-11-19 16:35:53,delivered,web,,4.99
2815,524,2025-11-19 16:55:00,delivered,marketplace,,4.99
1106,45,2025-11-19 19:26:48,shipped,mobile_app,,9.99
1957,275,2025-11-19 19:29:06,delivered,web,,7.99
1334,107,2025-11-19 19:30:30,delivered,web,,4.99
1992,284,2025-11-19 22:05:19,delivered,web,LOYAL5,0
1888,256,2025-11-19 23:03:29,delivered,web,,7.99
2859,540,2025-11-19 23:45:45,delivered,mobile_app,,0
2114,324,2025-11-20 10:26:42,delivered,mobile_app,,0
2469,423,2025-11-20 13:52:32,delivered,mobile_app,SPRING15,7.99
2303,378,2025-11-20 14:03:43,delivered,mobile_app,,9.99
2793,514,2025-11-20 15:40:18,delivered,web,,0
2615,469,2025-11-20 17:30:23,delivered,marketplace,,4.99
2036,298,2025-11-20 17:58:52,delivered,web,LOYAL5,7.99
1847,243,2025-11-20 18:25:33,delivered,web,SPRING15,4.99
1301,97,2025-11-20 18:35:04,delivered,mobile_app,,0
1685,198,2025-11-20 20:13:00,shipped,web,FREESHIP,0
2619,472,2025-11-20 23:16:31,delivered,web,,9.99
1058,33,2025-11-21 07:26:36,delivered,mobile_app,FREESHIP,0
2719,498,2025-11-21 07:54:04,delivered,web,,0
1593,165,2025-11-21 09:57:13,delivered,web,,0
1762,216,2025-11-21 10:45:43,delivered,web,,0
1022,10,2025-11-21 11:00:10,delivered,mobile_app,,0
2938,557,2025-11-21 11:34:25,delivered,web,,0
2569,455,2025-11-21 13:22:31,delivered,web,,0
1667,189,2025-11-21 13:39:03,delivered,mobile_app,,0
1123,52,2025-11-21 13:49:51,shipped,mobile_app,,4.99
1527,152,2025-11-21 15:20:36,delivered,web,,0
1606,166,2025-11-21 18:33:31,cancelled,mobile_app,,0
1020,8,2025-11-21 18:58:33,delivered,web,,0
1388,121,2025-11-21 22:27:17,delivered,web,,0
1045,29,2025-11-21 23:51:53,delivered,mobile_app,,7.99
2249,358,2025-11-22 08:03:40,delivered,web,,9.99
2928,555,2025-11-22 08:36:12,delivered,mobile_app,,4.99
2949,561,2025-11-22 11:30:17,shipped,marketplace,SPRING15,0
1780,223,2025-11-22 12:19:17,delivered,web,,9.99
1295,96,2025-11-22 13:07:27,delivered,web,,9.99
1479,146,2025-11-22 13:26:06,delivered,web,,4.99
2782,511,2025-11-22 15:52:41,returned,mobile_app,,0
1149,62,2025-11-22 17:52:12,delivered,marketplace,,0
2055,306,2025-11-22 19:45:15,delivered,mobile_app,,9.99
2558,452,2025-11-22 20:06:27,delivered,web,,4.99
2018,295,2025-11-22 21:16:01,delivered,marketplace,,9.99
2212,339,2025-11-22 21:36:23,delivered,mobile_app,,0
1768,216,2025-11-23 08:46:50,delivered,web,,9.99
2028,298,2025-11-23 14:09:41,delivered,web,,9.99
1813,229,2025-11-23 16:59:16,delivered,mobile_app,,9.99
2032,298,2025-11-23 17:33:27,delivered,web,,0
1051,32,2025-11-23 18:29:17,shipped,mobile_app,BLACKFRIDAY25,0
1283,94,2025-11-23 22:10:44,delivered,web,,0
1794,224,2025-11-24 08:09:03,delivered,web,BLACKFRIDAY25,7.99
1071,36,2025-11-24 11:14:24,delivered,web,BLACKFRIDAY25,9.99
1252,85,2025-11-24 12:23:00,shipped,mobile_app,BLACKFRIDAY25,0
1602,166,2025-11-24 14:19:13,delivered,mobile_app,BLACKFRIDAY25,7.99
1033,22,2025-11-24 14:40:58,delivered,mobile_app,BLACKFRIDAY25,4.99
1649,183,2025-11-24 14:45:25,cancelled,mobile_app,SPRING15,0
2537,446,2025-11-24 15:46:40,delivered,web,BLACKFRIDAY25,0
2470,424,2025-11-24 16:17:16,returned,web,BLACKFRIDAY25,9.99
2753,502,2025-11-24 16:43:13,delivered,mobile_app,BLACKFRIDAY25,9.99
1518,151,2025-11-24 19:24:11,delivered,web,BLACKFRIDAY25,4.99
2037,298,2025-11-24 20:08:32,delivered,mobile_app,BLACKFRIDAY25,0
1360,112,2025-11-24 23:16:30,delivered,web,BLACKFRIDAY25,0
2820,526,2025-11-25 08:08:27,delivered,web,BLACKFRIDAY25,0
2631,478,2025-11-25 08:28:09,delivered,marketplace,BLACKFRIDAY25,7.99
1400,124,2025-11-25 08:52:22,delivered,mobile_app,BLACKFRIDAY25,0
2946,561,2025-11-25 11:08:10,delivered,web,BLACKFRIDAY25,9.99
2520,444,2025-11-25 12:40:39,cancelled,web,BLACKFRIDAY25,9.99
3027,584,2025-11-25 13:03:32,shipped,mobile_app,BLACKFRIDAY25,0
1668,191,2025-11-25 13:58:22,delivered,mobile_app,,0
1151,62,2025-11-25 15:28:18,delivered,marketplace,,4.99
1610,166,2025-11-25 17:37:48,delivered,web,BLACKFRIDAY25,0
1498,148,2025-11-25 17:59:48,delivered,web,BLACKFRIDAY25,0
1621,171,2025-11-25 19:14:44,delivered,mobile_app,BLACKFRIDAY25,9.99
2460,420,2025-11-25 20:18:12,delivered,mobile_app,SPRING15,0
1157,63,2025-11-25 20:18:44,delivered,web,,9.99
3058,598,2025-11-25 20:47:01,cancelled,web,BLACKFRIDAY25,4.99
1735,208,2025-11-25 22:31:52,delivered,marketplace,BLACKFRIDAY25,0
2539,447,2025-11-26 07:35:14,delivered,mobile_app,BLACKFRIDAY25,0
1530,152,2025-11-26 08:44:18,delivered,web,BLACKFRIDAY25,7.99
1492,147,2025-11-26 12:03:10,delivered,web,,9.99
1012,5,2025-11-26 13:00:20,delivered,web,LOYAL5,0
2229,346,2025-11-26 13:29:49,delivered,web,BLACKFRIDAY25,0
1786,224,2025-11-26 15:01:10,delivered,web,BLACKFRIDAY25,9.99
2554,452,2025-11-26 15:31:31,cancelled,mobile_app,SPRING15,9.99
2087,319,2025-11-26 15:38:40,delivered,web,,9.99
2830,531,2025-11-26 16:44:51,delivered,web,BLACKFRIDAY25,7.99
2060,307,2025-11-26 17:26:11,delivered,mobile_app,,0
2628,477,2025-11-26 19:17:17,delivered,web,,9.99
1860,249,2025-11-26 20:36:12,delivered,web,BLACKFRIDAY25,0
2307,380,2025-11-26 20:58:43,cancelled,mobile_app,BLACKFRIDAY25,9.99
2427,412,2025-11-26 22:03:36,delivered,mobile_app,BLACKFRIDAY25,0
1662,186,2025-11-26 22:11:49,delivered,web,,4.99
2823,527,2025-11-26 22:42:37,delivered,mobile_app,BLACKFRIDAY25,0
1085,36,2025-11-26 22:50:04,delivered,marketplace,BLACKFRIDAY25,9.99
1720,206,2025-11-26 23:27:37,cancelled,marketplace,BLACKFRIDAY25,4.99
2910,549,2025-11-27 07:37:40,delivered,mobile_app,,0
1914,264,2025-11-27 08:45:30,delivered,web,,9.99
1099,42,2025-11-27 10:30:53,delivered,web,,4.99
2819,526,2025-11-27 11:26:23,cancelled,web,,0
1510,149,2025-11-27 16:56:45,shipped,mobile_app,BLACKFRIDAY25,4.99
1423,129,2025-11-27 18:09:40,cancelled,web,BLACKFRIDAY25,0
1407,126,2025-11-27 21:47:27,delivered,mobile_app,,0
2182,334,2025-11-27 21:50:26,delivered,mobile_app,BLACKFRIDAY25,9.99
3048,591,2025-11-27 22:59:40,delivered,mobile_app,BLACKFRIDAY25,7.99
2290,375,2025-11-28 08:21:26,returned,marketplace,BLACKFRIDAY25,9.99
1376,119,2025-11-28 09:30:42,delivered,web,BLACKFRIDAY25,7.99
2194,337,2025-11-28 09:34:59,delivered,web,BLACKFRIDAY25,0
2038,299,2025-11-28 12:44:17,cancelled,web,WELCOME10,4.99
1663,186,2025-11-28 13:17:06,delivered,mobile_app,BLACKFRIDAY25,9.99
2600,464,2025-11-28 13:46:10,cancelled,web,BLACKFRIDAY25,9.99
1570,162,2025-11-28 14:28:43,delivered,web,BLACKFRIDAY25,7.99
1611,166,2025-11-28 15:21:53,delivered,web,FREESHIP,0
1797,224,2025-11-28 15:57:03,delivered,mobile_app,,0
2513,440,2025-11-28 17:56:05,delivered,marketplace,,0
1233,81,2025-11-28 18:51:06,shipped,web,,0
2890,546,2025-11-28 19:55:30,delivered,marketplace,BLACKFRIDAY25,7.99
1672,191,2025-11-28 19:56:20,delivered,mobile_app,,0
1516,151,2025-11-28 22:27:59,delivered,marketplace,,7.99
1769,216,2025-11-28 23:27:34,delivered,mobile_app,,7.99
2980,571,2025-11-29 09:44:55,returned,web,,4.99
2042,299,2025-11-29 09:52:09,delivered,web,,0
2832,531,2025-11-29 10:32:33,delivered,mobile_app,BLACKFRIDAY25,4.99
2995,573,2025-11-29 11:19:37,delivered,mobile_app,BLACKFRIDAY25,9.99
2225,344,2025-11-29 12:25:00,delivered,mobile_app,BLACKFRIDAY25,7.99
1577,163,2025-11-29 13:58:53,delivered,web,,0
1152,62,2025-11-29 14:06:04,delivered,mobile_app,BLACKFRIDAY25,7.99
1369,118,2025-11-29 14:21:25,delivered,mobile_app,BLACKFRIDAY25,0
2355,389,2025-11-29 16:21:41,cancelled,web,BLACKFRIDAY25,4.99
1738,210,2025-11-29 19:06:06,delivered,web,BLACKFRIDAY25,0
1052,33,2025-11-29 19:51:11,delivered,web,BLACKFRIDAY25,0
2499,437,2025-11-29 23:43:37,delivered,web,BLACKFRIDAY25,0
2915,549,2025-11-30 08:21:39,delivered,web,,0
2744,501,2025-11-30 08:49:32,delivered,mobile_app,BLACKFRIDAY25,0
1529,152,2025-11-30 10:24:59,delivered,mobile_app,BLACKFRIDAY25,0
2934,555,2025-11-30 10:33:02,delivered,mobile_app,BLACKFRIDAY25,4.99
2026,296,2025-11-30 10:45:08,delivered,mobile_app,BLACKFRIDAY25,9.99
1377,119,2025-11-30 10:57:35,delivered,web,BLACKFRIDAY25,0
1575,163,2025-11-30 14:22:39,delivered,web,BLACKFRIDAY25,0
2099,321,2025-11-30 15:23:48,delivered,mobile_app,BLACKFRIDAY25,0
1079,36,2025-11-30 18:00:43,delivered,web,,9.99
1796,224,2025-11-30 20:51:19,delivered,marketplace,BLACKFRIDAY25,9.99
2040,299,2025-11-30 21:04:34,delivered,web,FREESHIP,0
1752,214,2025-12-01 12:15:45,delivered,marketplace,,9.99
1604,166,2025-12-01 12:53:30,delivered,mobile_app,,0
2595,464,2025-12-01 15:24:13,delivered,web,,9.99
2132,327,2025-12-01 15:46:25,delivered,mobile_app,,0
2029,298,2025-12-02 08:26:39,delivered,web,,0
2366,394,2025-12-02 09:59:17,delivered,mobile_app,,7.99
2933,555,2025-12-02 10:54:44,delivered,mobile_app,,4.99
1579,163,2025-12-02 16:46:30,delivered,web,,0
1582,163,2025-12-02 21:25:30,delivered,mobile_app,LOYAL5,9.99
1534,154,2025-12-03 07:17:54,delivered,mobile_app,,0
1838,240,2025-12-03 11:52:54,delivered,web,,0
1741,210,2025-12-03 12:25:19,returned,web,,0
1991,283,2025-12-03 13:39:36,returned,mobile_app,,4.99
2701,493,2025-12-03 14:11:34,delivered,web,LOYAL5,0
1790,224,2025-12-03 16:36:50,returned,marketplace,,9.99
1816,231,2025-12-03 16:44:14,delivered,web,,0
1826,234,2025-12-03 17:29:30,delivered,web,,9.99
1385,119,2025-12-03 17:53:39,delivered,web,,9.99
1631,178,2025-12-03 21:44:49,delivered,web,,0
2369,394,2025-12-03 22:30:31,delivered,mobile_app,,0
1605,166,2025-12-04 13:24:59,delivered,mobile_app,,9.99
2320,384,2025-12-04 16:29:10,delivered,web,,0
2705,494,2025-12-04 16:50:56,delivered,web,,4.99
2136,328,2025-12-04 20:17:36,delivered,mobile_app,,9.99
1785,224,2025-12-04 23:10:18,delivered,mobile_app,,0
1232,81,2025-12-04 23:38:27,delivered,web,,4.99
1767,216,2025-12-05 12:29:36,delivered,web,,4.99
2129,326,2025-12-05 16:20:59,delivered,web,,9.99
2319,384,2025-12-05 18:53:30,delivered,web,,4.99
2699,493,2025-12-05 20:48:08,delivered,mobile_app,,0
2285,375,2025-12-06 07:33:09,delivered,web,,0
2345,388,2025-12-06 12:14:23,delivered,web,FREESHIP,0
1578,163,2025-12-06 15:55:59,delivered,mobile_app,,0
2877,543,2025-12-06 17:19:55,returned,web,FREESHIP,0
1505,149,2025-12-06 20:01:59,delivered,web,,0
1277,92,2025-12-06 20:52:37,delivered,mobile_app,,0
1727,207,2025-12-06 22:20:18,delivered,web,,7.99
1789,224,2025-12-07 12:37:48,delivered,web,,0
2489,435,2025-12-07 13:05:46,delivered,mobile_app,,0
1760,216,2025-12-07 13:58:03,delivered,web,,7.99
1608,166,2025-12-07 17:14:49,delivered,mobile_app,,9.99
3010,580,2025-12-07 17:34:08,delivered,mobile_app,BLACKFRIDAY25,0
1324,104,2025-12-07 17:45:05,delivered,web,,9.99
1306,99,2025-12-07 19:08:56,delivered,marketplace,,0
1636,180,2025-12-07 21:04:28,cancelled,mobile_app,,4.99
1954,274,2025-12-07 21:31:56,delivered,web,,9.99
1712,205,2025-12-07 21:59:39,delivered,web,,0
2034,298,2025-12-07 22:03:24,shipped,web,,7.99
2148,329,2025-12-07 22:42:15,delivered,web,,0
2368,394,2025-12-08 16:42:36,returned,web,,7.99
1325,104,2025-12-08 21:37:00,delivered,mobile_app,,0
1788,224,2025-12-09 07:36:10,delivered,web,FREESHIP,0
1368,117,2025-12-09 08:32:10,delivered,web,,7.99
1603,166,2025-12-09 21:23:35,delivered,mobile_app,WELCOME10,9.99
1574,163,2025-12-09 22:26:44,shipped,web,,0
2587,462,2025-12-10 08:40:54,shipped,web,,7.99
1795,224,2025-12-10 09:24:46,delivered,web,,9.99
2654,483,2025-12-10 11:11:41,delivered,web,,4.99
2481,430,2025-12-10 11:13:40,delivered,web,,0
2293,375,2025-12-11 10:09:08,delivered,web,,0
1576,163,2025-12-11 10:45:59,delivered,mobile_app,,9.99
2879,543,2025-12-11 11:39:33,delivered,web,,9.99
1763,216,2025-12-11 12:57:58,delivered,web,,9.99
1798,224,2025-12-11 16:55:29,delivered,mobile_app,,0
1580,163,2025-12-11 20:29:59,delivered,mobile_app,LOYAL5,9.99
1389,121,2025-12-12 07:49:05,delivered,mobile_app,LOYAL5,9.99
1878,255,2025-12-12 10:23:34,delivered,web,,7.99
2835,532,2025-12-12 10:54:17,delivered,marketplace,,0
3054,596,2025-12-12 11:31:14,cancelled,mobile_app,,0
2408,407,2025-12-12 18:16:54,delivered,mobile_app,,9.99
1307,99,2025-12-12 18:44:23,delivered,mobile_app,,9.99
1948,270,2025-12-12 22:40:51,cancelled,mobile_app,,7.99
2811,521,2025-12-13 09:08:41,delivered,web,,9.99
2622,475,2025-12-13 10:10:15,cancelled,mobile_app,,4.99
2412,408,2025-12-13 18:12:54,delivered,web,,4.99
1304,99,2025-12-13 21:47:43,delivered,web,,0
1581,163,2025-12-13 22:48:24,delivered,mobile_app,FREESHIP,0
1674,192,2025-12-14 07:50:14,delivered,web,,7.99
1660,186,2025-12-14 08:24:00,delivered,marketplace,,7.99
1661,186,2025-12-14 09:04:31,delivered,web,SPRING15,4.99
2655,483,2025-12-14 14:22:50,cancelled,web,,0
2978,571,2025-12-14 15:25:22,delivered,web,,0
1242,83,2025-12-14 16:05:00,delivered,web,,9.99
1446,136,2025-12-15 13:12:59,delivered,web,,0
2330,385,2025-12-15 15:19:13,delivered,mobile_app,,0
2889,546,2025-12-15 17:27:51,delivered,web,,0
1683,198,2025-12-15 18:27:11,delivered,mobile_app,,9.99
2953,562,2025-12-15 18:46:49,delivered,mobile_app,,0
2030,298,2025-12-15 22:50:16,shipped,mobile_app,,0
1230,81,2025-12-16 08:38:19,delivered,web,,7.99
2931,555,2025-12-16 14:50:40,delivered,mobile_app,,7.99
2371,394,2025-12-16 15:37:11,delivered,web,,7.99
1792,224,2025-12-16 16:22:09,delivered,web,,4.99
2768,509,2025-12-16 19:02:40,delivered,web,,0
2732,500,2025-12-16 22:31:44,delivered,mobile_app,,9.99
1949,272,2025-12-16 23:01:48,delivered,mobile_app,,4.99
1609,166,2025-12-16 23:17:54,delivered,web,,0
1519,151,2025-12-17 07:28:23,delivered,mobile_app,,0
1155,62,2025-12-17 07:37:48,delivered,web,,0
2895,547,2025-12-17 08:04:41,delivered,mobile_app,,0
1511,150,2025-12-17 09:35:55,delivered,marketplace,WELCOME10,9.99
1989,283,2025-12-17 10:41:19,delivered,marketplace,,7.99
1990,283,2025-12-17 11:33:15,delivered,web,,9.99
2678,489,2025-12-17 15:55:25,shipped,web,,7.99
2975,571,2025-12-17 16:06:24,delivered,web,,0
1793,224,2025-12-17 16:38:44,delivered,web,,7.99
2801,514,2025-12-17 20:24:53,delivered,web,,0
1531,152,2025-12-17 20:43:39,shipped,web,,9.99
1260,86,2025-12-17 20:57:31,delivered,web,,4.99
2794,514,2025-12-17 23:24:02,delivered,web,,7.99
1472,141,2025-12-17 23:32:36,delivered,mobile_app,,9.99
1879,255,2025-12-18 08:32:42,delivered,web,,0
1583,163,2025-12-18 14:13:39,delivered,mobile_app,WELCOME10,7.99
1032,21,2025-12-18 14:15:53,cancelled,mobile_app,,9.99
1522,151,2025-12-18 15:42:40,delivered,mobile_app,,9.99
1875,255,2025-12-18 16:04:21,delivered,mobile_app,,9.99
1092,39,2025-12-18 16:33:13,delivered,web,,0
2702,493,2025-12-18 19:44:48,delivered,web,,7.99
1607,166,2025-12-18 22:54:50,delivered,web,,4.99
1041,27,2025-12-19 08:16:28,cancelled,mobile_app,,4.99
2977,571,2025-12-19 11:14:27,delivered,web,,0
1568,162,2025-12-19 14:06:36,delivered,web,,0
1881,255,2025-12-19 15:05:15,delivered,web,,4.99
2033,298,2025-12-19 18:07:30,delivered,marketplace,,0
1453,138,2025-12-19 19:06:03,returned,web,WELCOME10,0
2831,531,2025-12-19 19:39:20,cancelled,mobile_app,,4.99
3002,576,2025-12-19 21:05:44,delivered,marketplace,,9.99
2834,531,2025-12-19 21:23:05,delivered,marketplace,,7.99
1014,6,2025-12-19 22:54:24,delivered,web,,4.99
1787,224,2025-12-19 23:46:13,delivered,mobile_app,,4.99
1584,164,2025-12-20 09:59:10,delivered,marketplace,,7.99
1210,73,2025-12-20 12:18:54,delivered,web,,4.99
1791,224,2025-12-20 16:05:01,delivered,web,,0
1392,121,2025-12-20 19:50:49,delivered,mobile_app,SPRING15,4.99
1034,22,2025-12-20 22:26:15,delivered,marketplace,,0
2035,298,2025-12-21 09:25:33,delivered,web,,9.99
2771,511,2025-12-21 10:01:14,delivered,web,,0
2634,479,2025-12-21 10:02:42,delivered,web,,0
2799,514,2025-12-21 18:35:43,delivered,web,,0
2852,537,2025-12-21 23:08:06,delivered,mobile_app,,9.99
2971,569,2025-12-22 09:38:30,delivered,marketplace,,7.99
2814,523,2025-12-22 09:44:50,delivered,marketplace,,7.99
2754,502,2025-12-22 09:45:51,delivered,web,BLACKFRIDAY25,0
1390,121,2025-12-22 23:21:22,delivered,marketplace,,4.99
1573,163,2025-12-22 23:26:44,delivered,web,,0
1007,4,2025-12-23 09:07:03,delivered,web,,7.99
2667,487,2025-12-23 10:11:26,shipped,mobile_app,FREESHIP,0
3023,583,2025-12-23 14:50:10,delivered,web,,9.99
1982,280,2025-12-23 16:50:54,delivered,web,,9.99
1050,32,2025-12-23 22:03:30,shipped,web,,4.99
2833,531,2025-12-24 07:14:53,delivered,mobile_app,,0
1156,62,2025-12-24 15:43:11,returned,web,,0
1988,283,2025-12-24 20:14:00,delivered,mobile_app,,9.99
1634,180,2025-12-24 20:32:13,delivered,marketplace,,9.99
2976,571,2025-12-24 21:41:01,delivered,web,WELCOME10,9.99
2620,473,2025-12-25 09:01:10,shipped,web,,4.99
1150,62,2025-12-25 09:33:20,processing,mobile_app,,9.99
1600,166,2025-12-25 11:50:22,processing,mobile_app,,9.99
2888,546,2025-12-25 15:09:09,processing,mobile_app,,9.99
1452,137,2025-12-25 17:40:23,processing,mobile_app,,0
2370,394,2025-12-25 17:46:27,shipped,web,WELCOME10,4.99
2304,378,2025-12-25 21:22:11,shipped,web,,4.99
2341,388,2025-12-25 22:08:56,processing,web,,4.99
1546,158,2025-12-25 22:27:56,shipped,web,,7.99
1253,85,2025-12-25 23:16:14,shipped,web,,4.99
2982,571,2025-12-26 08:16:19,shipped,mobile_app,FREESHIP,0
3055,596,2025-12-26 19:47:59,processing,web,,9.99
1292,95,2025-12-26 21:55:55,processing,marketplace,,4.99
2057,306,2025-12-27 07:44:35,shipped,web,,0
1279,92,2025-12-27 11:55:31,processing,web,SPRING15,9.99
2120,325,2025-12-27 12:33:47,processing,marketplace,,0
2912,549,2025-12-27 18:28:53,processing,marketplace,,4.99
2062,308,2025-12-27 19:02:22,processing,mobile_app,,9.99
2797,514,2025-12-27 21:17:43,shipped,web,SPRING15,7.99
2306,378,2025-12-27 22:36:25,processing,mobile_app,,0
2367,394,2025-12-28 09:01:14,processing,marketplace,,0
2937,557,2025-12-28 10:15:16,processing,web,WELCOME10,0
1245,83,2025-12-28 10:50:50,shipped,web,SPRING15,7.99
2658,485,2025-12-28 16:15:23,processing,web,,0
3036,585,2025-12-28 20:24:02,processing,web,,0
3042,588,2025-12-28 21:52:25,shipped,web,,7.99
2979,571,2025-12-28 23:59:32,shipped,web,LOYAL5,9.99
2031,298,2025-12-29 09:39:45,shipped,web,,0
1673,192,2025-12-29 10:01:56,processing,web,,0
1314,101,2025-12-29 11:17:34,shipped,web,,0
1571,162,2025-12-29 12:11:13,processing,web,,9.99
1367,116,2025-12-29 14:01:49,processing,mobile_app,,7.99
1818,232,2025-12-29 18:58:01,shipped,mobile_app,,9.99
2973,569,2025-12-29 21:03:32,processing,web,,9.99
2122,326,2025-12-29 21:45:15,processing,mobile_app,SPRING15,9.99
1550,160,2025-12-29 23:36:26,processing,mobile_app,,7.99
2735,500,2025-12-30 13:47:22,shipped,mobile_app,,7.99
2017,295,2025-12-30 21:19:03,processing,web,,7.99
