session_id,customer_id,started_at,source,device,pages_viewed,added_to_cart,purchased
1,503,2024-01-01 18:41:37,paid_search,desktop,1,0,0
2,,2024-01-01 22:53:25,organic,desktop,10,0,0
3,,2024-01-02 08:58:28,organic,desktop,1,0,0
4,283,2024-01-02 10:02:40,direct,desktop,1,0,0
5,258,2024-01-02 22:05:36,paid_search,desktop,1,1,1
6,,2024-01-03 12:53:26,organic,mobile,3,0,0
7,,2024-01-03 15:30:44,referral,mobile,5,0,0
8,3,2024-01-04 02:13:04,organic,desktop,1,0,0
9,,2024-01-04 05:24:43,organic,mobile,1,0,0
10,190,2024-01-04 05:45:23,organic,mobile,7,0,0
11,,2024-01-04 21:42:51,direct,mobile,2,0,0
12,,2024-01-05 06:15:45,social,desktop,3,0,0
13,,2024-01-05 14:55:01,social,mobile,2,0,0
14,,2024-01-05 20:17:20,social,desktop,12,1,1
15,,2024-01-06 02:53:17,social,tablet,3,0,0
16,359,2024-01-06 11:35:07,organic,mobile,2,0,0
17,388,2024-01-06 18:12:26,paid_search,desktop,1,0,0
18,,2024-01-06 23:42:24,organic,mobile,4,0,0
19,144,2024-01-07 01:26:45,paid_search,desktop,3,0,0
20,458,2024-01-07 08:29:18,paid_search,mobile,1,0,0
21,,2024-01-07 08:53:39,organic,desktop,4,0,0
22,123,2024-01-07 10:52:37,paid_search,tablet,3,0,0
23,494,2024-01-07 16:24:10,organic,mobile,1,0,0
24,343,2024-01-07 17:50:20,organic,mobile,4,0,0
25,,2024-01-07 20:58:43,paid_search,desktop,15,0,0
26,375,2024-01-08 02:25:11,organic,mobile,1,0,0
27,,2024-01-08 02:56:55,email,desktop,7,1,0
28,,2024-01-08 10:32:54,organic,mobile,1,0,0
29,,2024-01-08 16:11:57,direct,mobile,1,0,0
30,,2024-01-08 17:13:04,direct,desktop,1,0,0
31,391,2024-01-08 22:56:15,social,desktop,15,0,0
32,204,2024-01-08 23:41:03,paid_search,desktop,1,1,0
33,,2024-01-09 14:24:12,social,mobile,1,0,0
34,,2024-01-09 16:22:47,organic,mobile,4,0,0
35,137,2024-01-09 18:28:31,paid_search,desktop,13,1,0
36,,2024-01-09 21:00:21,direct,mobile,2,0,0
37,,2024-01-09 23:25:07,paid_search,mobile,1,0,0
38,90,2024-01-10 00:51:16,paid_search,mobile,1,0,0
39,,2024-01-10 01:55:38,organic,tablet,2,0,0
40,,2024-01-10 02:15:20,referral,mobile,3,0,0
41,,2024-01-10 08:54:40,organic,mobile,4,0,0
42,56,2024-01-10 13:35:09,referral,mobile,2,0,0
43,,2024-01-11 09:56:21,social,mobile,2,0,0
44,,2024-01-11 12:39:58,email,mobile,1,0,0
45,590,2024-01-11 13:10:06,organic,mobile,16,1,1
46,,2024-01-11 14:49:03,organic,desktop,21,1,0
47,58,2024-01-11 17:20:21,social,mobile,1,0,0
48,,2024-01-11 19:35:33,organic,tablet,6,0,0
49,104,2024-01-11 21:59:20,email,desktop,2,0,0
50,294,2024-01-12 01:35:06,organic,mobile,1,0,0
51,586,2024-01-12 03:26:23,direct,mobile,2,0,0
52,,2024-01-12 15:21:19,email,desktop,2,0,0
53,280,2024-01-12 17:01:37,organic,desktop,1,0,0
54,,2024-01-12 21:43:29,social,desktop,1,0,0
55,472,2024-01-13 01:47:41,social,mobile,7,0,0
56,,2024-01-13 17:13:29,paid_search,mobile,2,0,0
57,283,2024-01-13 21:58:12,social,desktop,5,0,0
58,71,2024-01-13 22:34:46,direct,mobile,1,0,0
59,,2024-01-14 06:47:38,social,desktop,1,0,0
60,,2024-01-14 07:06:13,referral,tablet,1,0,0
61,,2024-01-14 15:04:48,social,mobile,9,1,0
62,,2024-01-14 18:29:41,organic,tablet,1,0,0
63,340,2024-01-15 05:49:49,social,desktop,3,0,0
64,,2024-01-15 05:53:02,organic,mobile,6,0,0
65,,2024-01-15 07:20:52,organic,mobile,4,0,0
66,,2024-01-15 08:08:47,email,mobile,4,0,0
67,479,2024-01-15 13:18:20,organic,mobile,1,0,0
68,148,2024-01-15 14:33:55,direct,desktop,8,0,0
69,418,2024-01-15 14:55:44,email,mobile,3,0,0
70,69,2024-01-16 04:34:38,paid_search,desktop,10,0,0
71,,2024-01-16 05:36:55,paid_search,desktop,8,0,0
72,,2024-01-16 12:18:10,organic,mobile,1,0,0
73,358,2024-01-17 03:37:25,organic,mobile,1,0,0
74,,2024-01-17 11:18:59,email,mobile,2,0,0
75,41,2024-01-17 12:19:40,organic,desktop,6,0,0
76,,2024-01-17 14:25:35,email,desktop,1,0,0
77,196,2024-01-17 23:59:09,organic,mobile,2,0,0
78,69,2024-01-18 05:15:28,paid_search,mobile,11,0,0
79,,2024-01-18 05:29:54,organic,mobile,1,0,0
80,,2024-01-18 05:58:36,organic,desktop,5,0,0
81,,2024-01-18 13:53:11,referral,mobile,1,0,0
82,399,2024-01-18 15:15:44,paid_search,mobile,1,0,0
83,58,2024-01-18 17:39:39,organic,mobile,2,0,0
84,,2024-01-19 11:52:27,direct,mobile,1,0,0
85,248,2024-01-20 02:33:26,paid_search,desktop,2,0,0
86,,2024-01-20 03:38:21,organic,tablet,2,0,0
87,,2024-01-20 08:22:40,social,desktop,2,0,0
88,,2024-01-20 11:16:34,email,desktop,2,0,0
89,590,2024-01-20 13:01:28,organic,mobile,7,0,0
90,,2024-01-20 14:01:56,paid_search,mobile,1,1,0
91,,2024-01-20 21:06:09,direct,mobile,3,1,0
92,,2024-01-21 09:21:11,email,mobile,4,1,0
93,110,2024-01-21 15:08:26,organic,mobile,2,0,0
94,145,2024-01-21 22:27:39,social,desktop,5,0,0
95,,2024-01-22 12:34:26,social,mobile,19,1,1
96,,2024-01-23 00:42:05,direct,tablet,3,0,0
97,,2024-01-23 07:48:16,social,mobile,4,1,1
98,398,2024-01-24 02:00:28,paid_search,mobile,6,1,0
99,320,2024-01-24 06:05:32,email,desktop,9,1,1
100,541,2024-01-24 11:25:51,organic,desktop,5,0,0
101,290,2024-01-24 15:02:56,paid_search,desktop,3,0,0
102,189,2024-01-24 18:14:35,paid_search,mobile,8,0,0
103,528,2024-01-24 21:17:02,organic,desktop,1,1,1
104,,2024-01-24 22:00:00,referral,mobile,2,0,0
105,,2024-01-25 06:29:18,direct,mobile,1,0,0
106,,2024-01-25 17:03:11,direct,desktop,2,0,0
107,,2024-01-25 22:50:19,organic,desktop,2,0,0
108,556,2024-01-25 23:19:47,referral,desktop,1,0,0
109,,2024-01-26 03:19:43,organic,mobile,1,0,0
110,,2024-01-26 05:44:24,email,desktop,1,0,0
111,16,2024-01-26 13:13:32,organic,mobile,1,0,0
112,44,2024-01-26 17:21:19,direct,mobile,1,0,0
113,,2024-01-26 18:29:46,social,desktop,4,0,0
114,,2024-01-27 00:05:26,organic,mobile,1,0,0
115,366,2024-01-27 00:11:06,email,mobile,4,0,0
116,,2024-01-27 02:51:33,social,mobile,3,0,0
117,238,2024-01-27 08:10:50,direct,mobile,7,0,0
118,,2024-01-27 10:29:07,organic,desktop,1,0,0
119,,2024-01-27 20:41:12,direct,mobile,1,0,0
120,394,2024-01-28 01:36:22,paid_search,desktop,8,0,0
121,,2024-01-28 07:44:33,organic,desktop,1,0,0
122,,2024-01-28 07:53:59,social,mobile,3,0,0
123,264,2024-01-28 22:09:57,organic,mobile,1,0,0
124,242,2024-01-29 00:48:24,organic,desktop,19,1,0
125,,2024-01-29 02:58:32,organic,desktop,9,0,0
126,,2024-01-29 18:37:02,paid_search,desktop,3,0,0
127,,2024-01-29 19:55:27,organic,mobile,1,0,0
128,390,2024-01-30 02:43:25,social,mobile,2,1,1
129,,2024-01-30 05:54:06,social,tablet,1,0,0
130,587,2024-01-30 12:32:07,paid_search,desktop,3,0,0
131,,2024-01-30 15:45:28,paid_search,mobile,2,0,0
132,,2024-01-30 15:51:00,social,mobile,9,0,0
133,,2024-01-30 17:29:36,social,mobile,3,0,0
134,440,2024-01-31 01:06:27,paid_search,mobile,3,1,0
135,26,2024-01-31 08:57:26,social,desktop,4,0,0
136,,2024-01-31 15:24:08,organic,mobile,6,0,0
137,469,2024-02-01 01:31:58,social,mobile,1,0,0
138,302,2024-02-01 03:55:03,referral,mobile,1,0,0
139,,2024-02-01 04:34:57,email,mobile,10,1,1
140,57,2024-02-01 08:34:16,paid_search,mobile,3,0,0
141,,2024-02-01 20:48:31,referral,mobile,1,0,0
142,552,2024-02-01 23:41:33,social,desktop,14,0,0
143,,2024-02-02 01:10:51,paid_search,mobile,1,0,0
144,149,2024-02-02 06:52:33,organic,mobile,1,1,1
145,,2024-02-02 07:25:03,social,mobile,5,0,0
146,339,2024-02-02 14:31:18,organic,mobile,22,1,1
147,282,2024-02-02 18:55:55,organic,mobile,1,0,0
148,205,2024-02-03 02:29:45,paid_search,mobile,1,0,0
149,,2024-02-03 06:48:00,social,mobile,10,0,0
150,,2024-02-03 09:13:39,organic,tablet,2,1,0
151,,2024-02-03 11:31:48,direct,tablet,1,0,0
152,,2024-02-03 11:50:39,paid_search,mobile,1,0,0
153,532,2024-02-03 13:07:18,organic,desktop,2,0,0
154,,2024-02-03 23:00:40,email,mobile,1,0,0
155,,2024-02-04 07:27:42,organic,mobile,9,0,0
156,473,2024-02-04 17:32:55,paid_search,mobile,3,1,0
157,,2024-02-04 17:35:25,referral,mobile,10,1,1
158,,2024-02-04 19:13:41,social,desktop,5,0,0
159,460,2024-02-04 21:27:58,direct,mobile,1,0,0
160,539,2024-02-05 01:08:09,organic,tablet,2,0,0
161,,2024-02-05 01:55:51,organic,desktop,1,0,0
162,,2024-02-05 11:13:03,social,mobile,1,0,0
163,99,2024-02-05 14:10:23,organic,desktop,2,0,0
164,455,2024-02-05 14:44:29,direct,desktop,1,0,0
165,,2024-02-05 14:54:24,direct,desktop,1,0,0
166,,2024-02-05 18:38:32,social,desktop,6,1,1
167,,2024-02-05 23:45:51,organic,mobile,1,1,0
168,,2024-02-06 00:54:53,social,mobile,1,0,0
169,,2024-02-06 03:15:22,organic,mobile,1,0,0
170,171,2024-02-06 13:12:01,social,mobile,3,0,0
171,,2024-02-06 21:03:31,direct,mobile,2,0,0
172,186,2024-02-06 21:11:10,paid_search,tablet,1,0,0
173,,2024-02-07 01:26:25,email,desktop,7,0,0
174,,2024-02-07 06:34:57,paid_search,desktop,1,0,0
175,,2024-02-07 08:30:03,organic,mobile,9,0,0
176,,2024-02-07 13:15:16,organic,mobile,3,0,0
177,556,2024-02-07 18:24:04,organic,mobile,5,0,0
178,458,2024-02-08 04:33:22,paid_search,desktop,6,0,0
179,,2024-02-08 05:19:45,direct,tablet,3,1,0
180,96,2024-02-08 06:23:34,organic,mobile,9,0,0
181,,2024-02-08 10:33:45,direct,desktop,9,1,1
182,571,2024-02-08 19:16:29,referral,mobile,4,1,0
183,,2024-02-09 02:53:04,organic,mobile,1,0,0
184,,2024-02-09 05:22:57,organic,desktop,1,0,0
185,272,2024-02-09 07:13:22,direct,desktop,14,1,0
186,,2024-02-09 09:47:52,email,desktop,4,0,0
187,,2024-02-09 10:14:30,direct,desktop,5,0,0
188,85,2024-02-09 11:21:30,organic,mobile,2,0,0
189,486,2024-02-09 20:57:39,organic,mobile,6,0,0
190,224,2024-02-10 03:45:08,paid_search,desktop,6,0,0
191,299,2024-02-10 04:14:39,paid_search,desktop,3,1,0
192,,2024-02-10 04:24:40,organic,mobile,2,0,0
193,100,2024-02-10 09:03:05,email,mobile,1,0,0
194,600,2024-02-10 19:11:53,organic,mobile,4,0,0
195,334,2024-02-10 22:50:24,organic,mobile,1,0,0
196,,2024-02-10 23:24:24,organic,mobile,3,0,0
197,526,2024-02-10 23:50:17,social,mobile,6,1,0
198,535,2024-02-11 00:34:06,social,mobile,1,0,0
199,,2024-02-11 03:39:03,paid_search,desktop,1,0,0
200,10,2024-02-11 03:59:24,direct,desktop,2,0,0
201,,2024-02-11 04:21:58,organic,tablet,3,0,0
202,462,2024-02-11 08:56:14,social,desktop,9,0,0
203,511,2024-02-11 15:09:43,email,desktop,1,1,0
204,430,2024-02-11 18:01:46,organic,desktop,10,1,0
205,,2024-02-11 18:48:33,organic,mobile,1,0,0
206,,2024-02-12 00:39:00,social,desktop,8,1,1
207,,2024-02-12 01:30:33,email,desktop,1,0,0
208,,2024-02-12 01:31:44,paid_search,mobile,3,1,0
209,,2024-02-12 03:37:19,organic,mobile,2,0,0
210,514,2024-02-12 11:29:01,organic,mobile,1,0,0
211,,2024-02-12 18:00:52,organic,desktop,3,0,0
212,,2024-02-13 03:05:45,paid_search,desktop,4,0,0
213,,2024-02-13 18:16:47,referral,mobile,5,0,0
214,129,2024-02-14 00:04:53,social,desktop,16,1,1
215,302,2024-02-14 02:09:43,social,mobile,7,0,0
216,,2024-02-14 02:20:44,social,mobile,8,1,0
217,90,2024-02-14 21:14:13,organic,mobile,13,0,0
218,,2024-02-14 22:37:36,paid_search,desktop,1,0,0
219,79,2024-02-15 06:03:01,social,desktop,11,0,0
220,,2024-02-15 12:05:43,email,desktop,5,0,0
221,,2024-02-15 16:49:39,referral,mobile,1,0,0
222,449,2024-02-15 19:35:38,organic,mobile,1,0,0
223,316,2024-02-15 22:17:42,paid_search,mobile,8,0,0
224,513,2024-02-15 23:22:57,organic,desktop,2,0,0
225,,2024-02-16 15:04:32,organic,desktop,4,1,1
226,420,2024-02-16 21:16:47,organic,mobile,8,0,0
227,,2024-02-17 00:34:04,direct,mobile,6,0,0
228,,2024-02-17 03:45:07,paid_search,mobile,2,0,0
229,,2024-02-17 13:49:14,paid_search,mobile,2,0,0
230,529,2024-02-17 15:52:04,email,desktop,16,1,1
231,,2024-02-17 20:40:38,direct,mobile,7,0,0
232,,2024-02-17 21:24:45,organic,desktop,1,1,1
233,,2024-02-17 21:47:52,paid_search,mobile,4,0,0
234,236,2024-02-18 03:22:09,social,mobile,2,0,0
235,527,2024-02-18 08:53:28,social,mobile,2,0,0
236,,2024-02-18 09:34:08,direct,mobile,3,0,0
237,,2024-02-18 10:41:51,social,mobile,3,0,0
238,,2024-02-18 14:08:41,direct,mobile,7,0,0
239,228,2024-02-18 16:45:45,social,desktop,4,0,0
240,571,2024-02-18 20:10:32,organic,mobile,2,0,0
241,,2024-02-19 04:07:13,direct,mobile,2,0,0
242,,2024-02-19 12:01:18,organic,mobile,4,0,0
243,148,2024-02-19 14:12:29,direct,desktop,8,1,0
244,199,2024-02-19 16:06:42,organic,mobile,1,1,1
245,99,2024-02-19 16:29:22,organic,tablet,1,0,0
246,484,2024-02-19 18:38:27,direct,mobile,1,0,0
247,595,2024-02-19 20:18:50,direct,tablet,4,0,0
248,,2024-02-19 23:25:38,social,desktop,4,1,1
249,450,2024-02-20 02:19:57,email,desktop,9,0,0
250,318,2024-02-20 05:21:55,organic,desktop,10,0,0
251,,2024-02-20 06:19:51,organic,desktop,2,1,0
252,13,2024-02-20 09:11:24,email,desktop,4,1,0
253,,2024-02-20 12:12:35,organic,desktop,6,0,0
254,,2024-02-20 20:41:58,organic,desktop,3,0,0
255,80,2024-02-20 21:18:13,referral,mobile,5,0,0
256,268,2024-02-20 23:45:18,social,mobile,6,0,0
257,,2024-02-20 23:45:40,direct,desktop,2,0,0
258,581,2024-02-21 00:05:01,paid_search,desktop,1,0,0
259,,2024-02-21 00:52:47,social,mobile,5,1,1
260,225,2024-02-21 01:33:09,social,desktop,1,0,0
261,,2024-02-21 01:45:11,paid_search,mobile,1,1,1
262,,2024-02-21 05:18:07,social,mobile,4,1,0
263,578,2024-02-21 10:46:07,referral,desktop,1,1,0
264,467,2024-02-21 11:41:22,referral,desktop,9,0,0
265,,2024-02-21 16:26:00,email,mobile,6,0,0
266,171,2024-02-21 17:45:59,email,tablet,3,0,0
267,541,2024-02-21 20:14:27,organic,mobile,1,0,0
268,171,2024-02-21 21:12:39,direct,desktop,1,0,0
269,,2024-02-21 22:33:36,paid_search,desktop,4,1,0
270,,2024-02-22 00:59:54,organic,mobile,2,1,0
271,,2024-02-22 01:00:51,email,mobile,4,0,0
272,232,2024-02-22 07:32:16,paid_search,mobile,1,1,0
273,,2024-02-22 13:23:10,paid_search,desktop,1,0,0
274,,2024-02-22 18:13:08,organic,desktop,3,0,0
275,,2024-02-23 00:36:13,social,desktop,9,1,1
276,,2024-02-23 00:41:36,direct,mobile,1,0,0
277,379,2024-02-23 01:53:29,paid_search,mobile,1,0,0
278,561,2024-02-23 07:24:30,social,desktop,4,0,0
279,88,2024-02-23 14:41:20,direct,desktop,12,0,0
280,226,2024-02-23 17:58:51,social,mobile,1,0,0
281,,2024-02-24 07:11:02,social,desktop,1,0,0
282,207,2024-02-24 08:24:08,paid_search,desktop,1,0,0
283,,2024-02-24 09:51:44,email,desktop,13,1,1
284,,2024-02-24 12:12:54,direct,tablet,4,1,0
285,291,2024-02-24 12:33:12,social,mobile,1,0,0
286,,2024-02-24 14:17:04,email,desktop,4,0,0
287,5,2024-02-24 17:11:43,organic,desktop,2,1,1
288,108,2024-02-24 21:18:39,organic,mobile,1,0,0
289,13,2024-02-24 21:37:46,direct,desktop,17,1,0
290,53,2024-02-24 23:54:27,paid_search,tablet,3,0,0
291,219,2024-02-25 00:34:53,organic,mobile,5,0,0
292,410,2024-02-25 01:03:17,organic,mobile,5,0,0
293,417,2024-02-25 01:08:37,referral,mobile,1,0,0
294,,2024-02-25 04:17:23,email,mobile,6,1,0
295,319,2024-02-25 05:21:48,organic,mobile,6,0,0
296,,2024-02-25 05:31:57,paid_search,desktop,3,0,0
297,,2024-02-25 07:20:26,referral,desktop,13,0,0
298,170,2024-02-25 11:34:35,organic,desktop,5,0,0
299,339,2024-02-25 16:49:22,referral,desktop,2,0,0
300,,2024-02-25 21:54:07,organic,mobile,1,0,0
301,,2024-02-26 01:33:03,email,desktop,1,0,0
302,119,2024-02-26 02:12:50,organic,mobile,1,1,0
303,,2024-02-26 06:11:43,paid_search,desktop,20,1,1
304,,2024-02-26 10:29:43,paid_search,tablet,3,1,0
305,264,2024-02-26 10:38:46,direct,desktop,7,0,0
306,,2024-02-26 11:19:05,organic,desktop,5,0,0
307,,2024-02-26 11:26:36,organic,mobile,6,1,0
308,,2024-02-26 14:29:54,organic,desktop,2,1,0
309,337,2024-02-26 22:18:23,organic,desktop,1,0,0
310,118,2024-02-27 05:04:37,organic,mobile,5,1,0
311,,2024-02-27 09:15:25,organic,mobile,2,0,0
312,221,2024-02-27 11:28:31,direct,tablet,3,0,0
313,,2024-02-27 13:04:07,organic,mobile,1,0,0
314,,2024-02-27 20:01:07,organic,mobile,4,0,0
315,275,2024-02-28 03:18:49,direct,mobile,1,0,0
316,,2024-02-28 07:12:10,paid_search,mobile,8,1,0
317,,2024-02-28 08:30:08,direct,mobile,5,0,0
318,,2024-02-28 22:57:20,organic,desktop,10,1,1
319,336,2024-02-29 00:07:02,referral,mobile,1,0,0
320,100,2024-02-29 09:31:36,referral,desktop,2,0,0
321,142,2024-02-29 12:25:24,organic,desktop,1,1,1
322,386,2024-02-29 13:22:12,email,mobile,2,0,0
323,144,2024-03-01 07:18:00,direct,mobile,2,0,0
324,101,2024-03-01 15:06:28,referral,mobile,7,1,1
325,,2024-03-01 18:26:21,social,mobile,1,0,0
326,,2024-03-01 20:29:44,organic,mobile,1,0,0
327,,2024-03-01 22:24:18,organic,mobile,12,1,0
328,,2024-03-02 01:29:41,referral,mobile,3,1,0
329,253,2024-03-02 04:31:50,social,desktop,13,0,0
330,,2024-03-02 07:25:28,social,mobile,4,1,0
331,,2024-03-02 10:01:34,organic,desktop,24,1,1
332,,2024-03-02 16:19:39,social,mobile,2,0,0
333,,2024-03-02 16:19:44,social,mobile,1,0,0
334,398,2024-03-02 17:01:09,direct,desktop,1,0,0
335,,2024-03-02 19:15:35,direct,desktop,1,0,0
336,,2024-03-03 00:49:06,paid_search,mobile,3,0,0
337,586,2024-03-03 08:22:05,email,mobile,1,1,0
338,165,2024-03-03 14:06:13,paid_search,desktop,8,1,1
339,,2024-03-03 18:56:15,organic,desktop,1,0,0
340,392,2024-03-03 19:45:30,email,mobile,2,0,0
341,,2024-03-03 19:45:32,email,desktop,1,0,0
342,,2024-03-03 23:04:10,referral,mobile,2,0,0
343,,2024-03-04 00:20:15,paid_search,desktop,6,1,0
344,139,2024-03-04 00:22:41,direct,mobile,1,0,0
345,,2024-03-04 06:11:33,organic,mobile,3,0,0
346,,2024-03-05 06:44:06,email,mobile,2,0,0
347,,2024-03-05 07:45:39,social,mobile,6,0,0
348,458,2024-03-05 08:57:21,organic,mobile,1,0,0
349,,2024-03-05 12:55:51,social,desktop,1,0,0
350,,2024-03-05 14:34:01,social,mobile,1,0,0
351,,2024-03-05 15:18:22,paid_search,mobile,3,0,0
352,,2024-03-05 19:26:54,social,mobile,9,0,0
353,,2024-03-05 23:00:44,social,desktop,1,0,0
354,,2024-03-06 04:54:20,organic,mobile,2,0,0
355,,2024-03-06 07:45:45,organic,desktop,8,1,1
356,467,2024-03-06 09:59:43,organic,mobile,1,0,0
357,,2024-03-06 14:54:41,organic,mobile,1,0,0
358,385,2024-03-06 16:28:47,email,mobile,3,1,0
359,,2024-03-06 18:24:19,referral,mobile,1,0,0
360,,2024-03-06 18:56:39,organic,desktop,1,0,0
361,242,2024-03-07 00:24:06,organic,mobile,14,1,0
362,,2024-03-07 08:08:14,paid_search,mobile,3,0,0
363,488,2024-03-07 10:06:05,paid_search,mobile,24,1,0
364,,2024-03-07 13:34:26,paid_search,mobile,3,0,0
365,,2024-03-07 14:49:06,email,desktop,1,1,0
366,,2024-03-07 22:57:47,organic,desktop,1,0,0
367,,2024-03-08 04:10:38,organic,tablet,4,0,0
368,24,2024-03-08 06:54:33,social,tablet,1,0,0
369,578,2024-03-08 15:15:31,social,desktop,1,0,0
370,310,2024-03-08 19:59:06,direct,mobile,6,0,0
371,19,2024-03-08 20:40:45,paid_search,mobile,10,0,0
372,234,2024-03-08 21:06:45,organic,desktop,8,0,0
373,26,2024-03-08 23:58:58,social,desktop,1,0,0
374,110,2024-03-09 00:20:39,organic,desktop,1,0,0
375,,2024-03-09 00:32:08,organic,mobile,1,0,0
376,,2024-03-09 07:26:20,social,mobile,2,1,1
377,434,2024-03-09 08:56:18,paid_search,mobile,1,0,0
378,,2024-03-09 10:39:12,paid_search,tablet,2,0,0
379,,2024-03-09 21:45:08,organic,desktop,6,0,0
380,7,2024-03-10 00:07:00,paid_search,mobile,1,0,0
381,313,2024-03-10 03:13:05,social,desktop,2,0,0
382,,2024-03-10 12:24:36,direct,tablet,4,0,0
383,,2024-03-10 13:05:48,referral,desktop,1,0,0
384,508,2024-03-10 15:16:05,organic,mobile,5,0,0
385,,2024-03-10 17:53:32,paid_search,desktop,1,0,0
386,,2024-03-10 20:05:30,referral,desktop,2,0,0
387,,2024-03-10 23:42:43,organic,mobile,1,0,0
388,567,2024-03-11 01:23:27,organic,mobile,3,0,0
389,,2024-03-11 09:24:50,organic,mobile,3,0,0
390,441,2024-03-11 23:36:38,direct,desktop,4,0,0
391,293,2024-03-12 10:41:07,email,desktop,3,0,0
392,403,2024-03-12 23:36:40,direct,desktop,4,1,1
393,,2024-03-13 14:28:28,organic,desktop,2,0,0
394,303,2024-03-13 15:08:02,paid_search,mobile,5,0,0
395,,2024-03-13 18:24:14,organic,desktop,7,1,0
396,383,2024-03-14 00:53:21,social,tablet,6,1,1
397,,2024-03-14 08:32:26,email,mobile,13,0,0
398,565,2024-03-14 09:52:47,organic,mobile,1,0,0
399,20,2024-03-14 11:28:44,social,mobile,5,1,1
400,369,2024-03-14 15:49:21,email,desktop,9,0,0
401,305,2024-03-14 20:55:29,paid_search,mobile,9,1,0
402,,2024-03-15 03:49:13,social,tablet,4,0,0
403,553,2024-03-15 03:56:53,organic,desktop,2,0,0
404,,2024-03-15 13:42:09,organic,desktop,5,1,1
405,,2024-03-15 19:51:55,organic,mobile,2,0,0
406,,2024-03-16 02:26:36,organic,desktop,10,0,0
407,382,2024-03-16 06:12:19,referral,tablet,5,0,0
408,418,2024-03-16 08:32:28,direct,desktop,1,0,0
409,,2024-03-16 10:50:23,direct,mobile,1,0,0
410,40,2024-03-16 11:30:08,organic,mobile,1,0,0
411,269,2024-03-16 17:57:17,paid_search,mobile,3,0,0
412,163,2024-03-16 18:48:58,direct,mobile,3,0,0
413,,2024-03-16 21:23:25,direct,tablet,3,0,0
414,170,2024-03-16 23:10:48,direct,desktop,2,0,0
415,87,2024-03-16 23:25:04,referral,mobile,1,0,0
416,,2024-03-17 00:37:31,social,mobile,1,0,0
417,,2024-03-17 05:46:13,paid_search,desktop,1,0,0
418,,2024-03-17 06:52:28,direct,mobile,4,0,0
419,407,2024-03-17 11:42:19,social,mobile,2,0,0
420,,2024-03-17 13:36:29,social,mobile,1,0,0
421,,2024-03-17 16:12:35,paid_search,mobile,5,0,0
422,,2024-03-17 18:29:55,social,desktop,2,0,0
423,,2024-03-17 22:52:39,organic,mobile,10,0,0
424,,2024-03-18 02:46:23,organic,tablet,1,0,0
425,,2024-03-18 03:49:29,direct,mobile,7,0,0
426,,2024-03-18 07:49:47,direct,desktop,3,0,0
427,288,2024-03-18 21:44:08,referral,desktop,3,0,0
428,,2024-03-18 22:34:57,email,mobile,5,0,0
429,,2024-03-19 00:03:33,organic,mobile,2,0,0
430,,2024-03-19 01:24:50,social,desktop,1,0,0
431,583,2024-03-19 02:22:03,direct,desktop,4,1,0
432,446,2024-03-19 02:36:54,organic,desktop,1,0,0
433,263,2024-03-19 03:02:09,organic,desktop,15,1,1
434,491,2024-03-19 04:21:46,organic,desktop,12,0,0
435,,2024-03-19 04:58:18,organic,desktop,2,1,0
436,,2024-03-19 07:19:44,direct,desktop,10,1,0
437,,2024-03-19 07:50:07,organic,mobile,5,0,0
438,9,2024-03-19 18:03:45,direct,desktop,2,0,0
439,593,2024-03-19 22:10:38,direct,desktop,4,0,0
440,,2024-03-19 22:21:52,paid_search,mobile,1,1,0
441,,2024-03-19 22:25:37,paid_search,mobile,5,0,0
442,,2024-03-19 23:17:01,social,mobile,7,0,0
443,517,2024-03-20 02:51:02,social,mobile,9,1,0
444,,2024-03-20 03:00:44,social,desktop,1,0,0
445,418,2024-03-20 06:41:37,paid_search,mobile,4,0,0
446,,2024-03-20 09:02:26,direct,desktop,6,1,1
447,,2024-03-20 12:10:03,paid_search,tablet,10,1,1
448,386,2024-03-20 13:00:35,email,tablet,2,0,0
449,,2024-03-20 15:51:30,organic,desktop,2,1,1
450,181,2024-03-20 16:18:33,direct,mobile,7,0,0
451,120,2024-03-20 21:50:03,organic,desktop,6,0,0
452,,2024-03-20 22:25:15,organic,desktop,5,0,0
453,,2024-03-21 00:33:39,organic,mobile,11,0,0
454,,2024-03-21 02:12:42,referral,tablet,11,0,0
455,227,2024-03-21 05:32:02,organic,mobile,2,0,0
456,156,2024-03-21 10:34:42,referral,tablet,3,0,0
457,,2024-03-21 14:15:06,organic,desktop,5,0,0
458,493,2024-03-21 21:18:56,paid_search,tablet,3,0,0
459,,2024-03-21 21:30:59,organic,mobile,4,0,0
460,242,2024-03-21 21:32:27,email,mobile,12,0,0
461,111,2024-03-22 05:36:57,organic,mobile,3,0,0
462,63,2024-03-22 06:37:37,organic,mobile,4,1,1
463,,2024-03-22 17:26:34,social,mobile,3,1,1
464,,2024-03-22 18:43:42,paid_search,mobile,4,0,0
465,,2024-03-23 02:53:03,social,mobile,1,0,0
466,544,2024-03-23 09:01:38,paid_search,mobile,6,0,0
467,128,2024-03-23 17:27:53,email,desktop,9,0,0
468,,2024-03-23 19:56:37,email,desktop,5,1,1
469,381,2024-03-24 00:58:23,organic,mobile,2,0,0
470,,2024-03-24 02:08:21,referral,mobile,3,1,1
471,,2024-03-24 03:35:40,organic,desktop,6,0,0
472,,2024-03-24 04:40:53,organic,mobile,2,0,0
473,233,2024-03-24 06:26:36,organic,desktop,6,0,0
474,,2024-03-24 08:23:17,organic,desktop,10,0,0
475,,2024-03-24 14:10:42,organic,tablet,1,0,0
476,,2024-03-24 16:55:39,organic,mobile,2,0,0
477,138,2024-03-24 23:36:47,organic,mobile,2,0,0
478,,2024-03-25 06:59:25,social,desktop,3,0,0
479,249,2024-03-25 07:54:22,paid_search,desktop,4,1,1
480,,2024-03-25 10:10:07,paid_search,mobile,1,1,1
481,331,2024-03-25 21:18:39,paid_search,mobile,9,0,0
482,,2024-03-25 21:41:21,direct,desktop,5,1,1
483,,2024-03-26 07:56:56,paid_search,mobile,5,1,0
484,195,2024-03-26 10:22:45,paid_search,mobile,1,0,0
485,,2024-03-26 11:28:26,email,mobile,1,1,0
486,547,2024-03-26 12:38:37,direct,mobile,1,0,0
487,,2024-03-26 14:43:12,social,desktop,1,0,0
488,,2024-03-26 18:49:36,paid_search,tablet,2,0,0
489,153,2024-03-26 20:03:57,direct,mobile,2,0,0
490,,2024-03-27 00:46:11,organic,mobile,3,0,0
491,480,2024-03-27 05:13:18,email,desktop,3,1,0
492,,2024-03-27 20:07:15,email,desktop,20,0,0
493,512,2024-03-28 06:10:37,organic,mobile,4,0,0
494,,2024-03-28 08:18:24,direct,desktop,4,0,0
495,81,2024-03-28 13:11:12,organic,tablet,2,0,0
496,385,2024-03-28 17:38:48,organic,desktop,2,0,0
497,,2024-03-28 19:19:42,paid_search,mobile,12,0,0
498,555,2024-03-28 19:34:21,social,desktop,6,0,0
499,334,2024-03-28 19:47:00,organic,desktop,1,0,0
500,512,2024-03-28 20:16:31,email,desktop,3,1,0
501,74,2024-03-29 02:16:27,organic,mobile,5,0,0
502,435,2024-03-29 03:59:25,referral,desktop,5,0,0
503,,2024-03-29 10:35:40,organic,desktop,4,0,0
504,,2024-03-29 14:23:59,email,mobile,1,0,0
505,,2024-03-29 18:42:36,paid_search,mobile,4,1,1
506,,2024-03-29 19:40:54,organic,mobile,2,0,0
507,,2024-03-29 22:24:51,social,tablet,1,0,0
508,,2024-03-30 05:52:20,email,mobile,3,0,0
509,22,2024-03-30 09:27:36,organic,mobile,1,0,0
510,,2024-03-30 10:16:52,social,desktop,1,0,0
511,289,2024-03-30 16:07:40,organic,mobile,8,1,1
512,,2024-03-30 22:24:36,organic,mobile,1,0,0
513,,2024-03-30 23:02:51,organic,desktop,6,0,0
514,,2024-03-30 23:38:52,direct,desktop,9,0,0
515,463,2024-03-31 04:09:42,social,mobile,8,0,0
516,,2024-03-31 06:23:10,organic,mobile,1,0,0
517,470,2024-03-31 09:01:02,paid_search,mobile,1,0,0
518,139,2024-03-31 13:26:30,organic,mobile,1,0,0
519,232,2024-03-31 15:09:47,social,mobile,1,0,0
520,,2024-03-31 20:10:50,social,desktop,7,0,0
521,,2024-03-31 23:34:15,paid_search,mobile,2,0,0
522,429,2024-04-01 02:22:16,organic,desktop,8,0,0
523,,2024-04-01 02:32:56,organic,desktop,1,0,0
524,,2024-04-01 03:09:10,social,mobile,2,0,0
525,476,2024-04-01 03:17:16,direct,mobile,1,0,0
526,548,2024-04-01 13:18:26,organic,mobile,10,1,1
527,303,2024-04-01 13:52:23,direct,mobile,1,0,0
528,45,2024-04-01 23:30:27,social,desktop,14,1,0
529,336,2024-04-01 23:40:52,organic,desktop,1,0,0
530,,2024-04-02 00:50:43,organic,mobile,1,0,0
531,,2024-04-02 02:37:09,email,mobile,3,0,0
532,,2024-04-02 02:43:16,paid_search,mobile,2,0,0
533,,2024-04-02 10:27:31,organic,mobile,1,0,0
534,,2024-04-02 13:02:05,direct,desktop,1,1,1
535,372,2024-04-02 13:40:14,direct,mobile,3,0,0
536,,2024-04-02 22:41:05,organic,mobile,5,0,0
537,535,2024-04-03 00:21:13,referral,mobile,2,1,1
538,,2024-04-03 05:02:26,organic,desktop,1,0,0
539,,2024-04-03 13:10:23,social,desktop,10,0,0
540,,2024-04-03 16:24:20,paid_search,mobile,1,0,0
541,141,2024-04-03 18:12:04,organic,mobile,4,0,0
542,,2024-04-04 06:47:11,organic,mobile,3,0,0
543,,2024-04-04 16:38:34,organic,tablet,5,0,0
544,371,2024-04-04 22:06:07,organic,mobile,2,0,0
545,,2024-04-05 01:04:44,direct,mobile,1,0,0
546,,2024-04-05 04:29:08,organic,mobile,1,0,0
547,,2024-04-05 07:08:11,referral,mobile,1,0,0
548,479,2024-04-05 08:37:19,paid_search,mobile,4,0,0
549,,2024-04-05 10:30:09,email,mobile,4,0,0
550,,2024-04-05 13:10:26,referral,desktop,2,0,0
551,,2024-04-06 03:24:37,social,mobile,4,0,0
552,,2024-04-06 04:31:24,paid_search,desktop,2,0,0
553,,2024-04-06 06:49:44,social,desktop,1,0,0
554,,2024-04-06 14:27:33,organic,mobile,2,1,0
555,,2024-04-06 15:53:19,social,desktop,4,0,0
556,,2024-04-06 21:08:51,direct,mobile,4,0,0
557,137,2024-04-07 03:30:58,social,desktop,8,1,1
558,469,2024-04-07 08:58:40,organic,mobile,1,0,0
559,,2024-04-07 09:31:10,paid_search,mobile,1,0,0
560,,2024-04-07 17:43:16,paid_search,desktop,6,0,0
561,,2024-04-07 21:02:36,social,mobile,11,0,0
562,,2024-04-08 01:50:11,paid_search,desktop,4,1,1
563,,2024-04-08 11:27:30,email,mobile,2,0,0
564,,2024-04-08 14:55:35,organic,desktop,2,0,0
565,265,2024-04-09 03:04:59,organic,desktop,3,0,0
566,,2024-04-09 14:34:15,organic,desktop,5,0,0
567,,2024-04-09 18:11:26,social,desktop,3,0,0
568,146,2024-04-09 21:11:21,organic,desktop,18,0,0
569,341,2024-04-10 04:20:16,organic,mobile,1,0,0
570,292,2024-04-10 04:33:08,social,desktop,9,1,0
571,186,2024-04-10 06:26:05,paid_search,desktop,2,0,0
572,,2024-04-10 10:44:37,organic,desktop,9,0,0
573,93,2024-04-10 11:55:46,referral,mobile,2,0,0
574,,2024-04-10 20:55:39,direct,desktop,3,0,0
575,,2024-04-11 04:47:49,paid_search,desktop,2,0,0
576,,2024-04-11 15:05:20,organic,tablet,9,0,0
577,255,2024-04-11 18:49:34,email,mobile,1,0,0
578,,2024-04-11 19:06:43,social,desktop,4,0,0
579,419,2024-04-11 20:35:58,organic,mobile,3,0,0
580,55,2024-04-11 20:38:01,social,desktop,1,0,0
581,,2024-04-12 08:19:58,organic,mobile,2,0,0
582,110,2024-04-12 09:36:48,referral,mobile,1,0,0
583,,2024-04-12 14:04:56,email,mobile,1,0,0
584,221,2024-04-12 14:21:56,email,desktop,2,0,0
585,,2024-04-12 15:29:29,organic,tablet,5,0,0
586,540,2024-04-12 18:06:48,direct,desktop,3,0,0
587,241,2024-04-12 19:42:58,organic,tablet,12,1,0
588,,2024-04-12 20:08:33,direct,mobile,15,0,0
589,,2024-04-12 22:59:40,paid_search,mobile,1,1,0
590,,2024-04-13 05:24:44,organic,desktop,1,0,0
591,,2024-04-13 06:27:43,paid_search,desktop,3,0,0
592,,2024-04-13 09:02:55,direct,mobile,6,0,0
593,522,2024-04-13 13:37:47,direct,mobile,7,0,0
594,,2024-04-13 17:56:10,referral,mobile,10,0,0
595,545,2024-04-13 18:30:59,organic,mobile,1,0,0
596,,2024-04-13 21:51:10,organic,mobile,6,0,0
597,,2024-04-14 03:11:38,email,mobile,3,0,0
598,,2024-04-14 03:51:01,social,mobile,1,0,0
599,9,2024-04-14 05:26:06,email,mobile,7,0,0
600,,2024-04-14 06:05:16,paid_search,desktop,10,0,0
601,,2024-04-14 11:06:30,organic,mobile,4,0,0
602,,2024-04-14 17:13:34,social,mobile,6,0,0
603,79,2024-04-14 19:45:03,organic,mobile,2,0,0
604,285,2024-04-14 20:10:32,social,mobile,1,0,0
605,,2024-04-15 08:20:06,organic,desktop,2,0,0
606,585,2024-04-15 16:37:46,organic,mobile,5,0,0
607,594,2024-04-15 22:36:56,organic,desktop,2,0,0
608,71,2024-04-16 01:39:56,paid_search,mobile,2,0,0
609,379,2024-04-16 02:18:50,email,desktop,11,0,0
610,,2024-04-16 05:45:05,paid_search,mobile,1,0,0
611,,2024-04-16 07:43:37,paid_search,desktop,22,1,0
612,528,2024-04-16 11:01:48,organic,mobile,1,0,0
613,,2024-04-16 12:08:51,social,desktop,13,1,1
614,,2024-04-16 13:36:15,paid_search,mobile,11,1,0
615,,2024-04-16 20:00:05,paid_search,mobile,12,0,0
616,,2024-04-16 22:18:36,paid_search,mobile,5,0,0
617,,2024-04-17 01:45:49,email,mobile,2,0,0
618,,2024-04-17 06:29:36,social,mobile,11,0,0
619,,2024-04-18 02:52:25,direct,desktop,9,1,1
620,413,2024-04-18 03:31:02,organic,desktop,8,0,0
621,385,2024-04-18 04:07:05,email,desktop,2,0,0
622,396,2024-04-18 07:04:54,paid_search,mobile,14,1,1
623,,2024-04-18 10:45:45,social,mobile,3,0,0
624,241,2024-04-18 21:50:18,paid_search,mobile,5,0,0
625,274,2024-04-18 23:11:03,social,tablet,1,0,0
626,,2024-04-19 00:55:53,social,mobile,3,0,0
627,185,2024-04-19 05:00:11,direct,desktop,2,0,0
628,,2024-04-19 05:29:52,social,mobile,1,0,0
629,207,2024-04-19 15:01:59,organic,mobile,1,0,0
630,,2024-04-19 15:45:32,direct,mobile,5,0,0
631,,2024-04-19 21:38:26,direct,desktop,8,1,0
632,,2024-04-19 23:30:39,paid_search,mobile,4,0,0
633,,2024-04-20 01:53:09,email,mobile,1,0,0
634,50,2024-04-20 03:07:26,paid_search,mobile,1,0,0
635,596,2024-04-20 09:11:02,social,mobile,1,0,0
636,,2024-04-20 09:50:11,direct,mobile,1,0,0
637,,2024-04-20 09:51:48,social,desktop,6,0,0
638,,2024-04-20 11:23:38,paid_search,mobile,1,0,0
639,237,2024-04-20 16:03:38,email,desktop,4,0,0
640,429,2024-04-21 03:05:30,email,desktop,1,0,0
641,,2024-04-21 14:07:17,organic,desktop,3,0,0
642,,2024-04-21 16:39:43,organic,mobile,4,0,0
643,117,2024-04-21 17:50:14,referral,mobile,4,1,0
644,187,2024-04-21 20:58:35,social,mobile,5,0,0
645,,2024-04-22 02:09:37,organic,mobile,7,0,0
646,459,2024-04-22 04:09:39,email,mobile,6,0,0
647,428,2024-04-22 08:25:51,organic,tablet,1,0,0
648,,2024-04-22 09:08:10,email,mobile,3,1,0
649,297,2024-04-22 09:35:16,organic,mobile,4,0,0
650,584,2024-04-22 10:01:11,direct,desktop,3,0,0
651,,2024-04-22 15:34:06,email,mobile,10,1,0
652,524,2024-04-22 19:27:22,organic,mobile,1,0,0
653,273,2024-04-22 21:47:12,social,mobile,14,0,0
654,,2024-04-22 22:30:34,email,desktop,1,0,0
655,,2024-04-23 04:24:18,organic,desktop,5,0,0
656,319,2024-04-23 08:42:40,referral,mobile,1,0,0
657,,2024-04-23 18:39:52,email,mobile,6,0,0
658,461,2024-04-24 06:24:10,paid_search,mobile,3,0,0
659,229,2024-04-24 08:10:46,paid_search,mobile,3,0,0
660,,2024-04-24 12:37:46,social,tablet,1,0,0
661,,2024-04-24 16:45:40,organic,mobile,2,1,0
662,439,2024-04-24 22:32:41,organic,mobile,1,1,1
663,104,2024-04-25 03:46:20,direct,mobile,5,0,0
664,,2024-04-25 05:17:54,social,desktop,2,0,0
665,,2024-04-25 07:58:34,organic,mobile,6,0,0
666,,2024-04-25 09:06:00,direct,desktop,4,0,0
667,,2024-04-25 10:41:27,social,mobile,6,0,0
668,252,2024-04-25 10:52:16,organic,desktop,7,1,1
669,,2024-04-25 14:06:49,organic,desktop,6,0,0
670,170,2024-04-25 15:20:19,social,mobile,5,1,1
671,187,2024-04-25 16:35:12,organic,mobile,3,1,1
672,,2024-04-25 19:17:58,organic,mobile,4,0,0
673,,2024-04-25 21:05:36,referral,desktop,1,1,0
674,98,2024-04-25 22:22:15,social,tablet,2,1,1
675,,2024-04-26 00:34:42,social,desktop,20,1,0
676,,2024-04-26 05:26:05,organic,mobile,2,0,0
677,417,2024-04-26 05:32:18,direct,desktop,4,0,0
678,334,2024-04-26 05:44:36,direct,desktop,2,0,0
679,,2024-04-26 10:09:15,organic,desktop,4,1,0
680,91,2024-04-26 12:41:48,organic,mobile,7,0,0
681,,2024-04-26 13:52:04,social,mobile,15,0,0
682,,2024-04-27 03:05:54,organic,mobile,1,0,0
683,,2024-04-27 12:57:09,organic,mobile,4,0,0
684,,2024-04-27 23:31:26,organic,desktop,1,0,0
685,,2024-04-28 03:17:15,organic,desktop,10,1,1
686,,2024-04-28 06:49:21,referral,mobile,1,0,0
687,324,2024-04-28 07:56:23,social,desktop,1,0,0
688,518,2024-04-28 08:49:38,email,mobile,1,0,0
689,,2024-04-29 04:32:07,referral,mobile,6,0,0
690,456,2024-04-29 05:53:12,email,mobile,1,0,0
691,433,2024-04-29 06:58:08,organic,desktop,2,0,0
692,281,2024-04-29 08:20:26,email,mobile,1,0,0
693,,2024-04-29 10:23:36,email,desktop,12,0,0
694,,2024-04-29 22:50:10,organic,mobile,1,0,0
695,,2024-04-30 04:24:19,paid_search,mobile,15,0,0
696,306,2024-04-30 08:57:57,organic,mobile,2,1,0
697,123,2024-04-30 10:03:35,direct,mobile,2,0,0
698,,2024-04-30 15:20:10,organic,mobile,3,0,0
699,166,2024-04-30 19:38:55,email,mobile,6,1,0
700,,2024-04-30 22:07:42,social,mobile,2,0,0
701,,2024-04-30 23:07:15,organic,mobile,6,0,0
702,,2024-05-01 00:42:51,social,mobile,1,0,0
703,,2024-05-01 00:51:25,direct,desktop,6,0,0
704,,2024-05-01 17:00:09,paid_search,mobile,2,0,0
705,106,2024-05-01 18:57:32,referral,desktop,1,0,0
706,372,2024-05-01 20:50:53,organic,mobile,2,0,0
707,,2024-05-01 21:14:23,organic,mobile,1,0,0
708,,2024-05-01 21:47:30,email,mobile,10,0,0
709,246,2024-05-02 03:17:28,direct,mobile,4,0,0
710,,2024-05-02 06:51:01,direct,mobile,5,0,0
711,,2024-05-02 07:10:47,social,desktop,11,0,0
712,,2024-05-02 11:20:44,organic,desktop,1,0,0
713,,2024-05-02 19:19:25,email,mobile,8,0,0
714,,2024-05-02 20:56:25,paid_search,mobile,8,1,0
715,,2024-05-02 23:14:30,organic,mobile,1,0,0
716,208,2024-05-03 01:53:49,paid_search,desktop,3,0,0
717,,2024-05-03 05:31:36,email,desktop,1,1,0
718,162,2024-05-03 06:14:35,email,mobile,1,0,0
719,,2024-05-03 06:41:19,organic,tablet,2,0,0
720,,2024-05-03 12:14:01,paid_search,mobile,2,1,0
721,,2024-05-03 14:06:02,email,mobile,4,0,0
722,288,2024-05-03 16:50:33,email,mobile,4,0,0
723,85,2024-05-03 17:09:38,paid_search,mobile,5,0,0
724,,2024-05-03 18:45:52,paid_search,mobile,4,0,0
725,,2024-05-04 00:09:48,social,desktop,2,0,0
726,,2024-05-04 00:30:45,paid_search,mobile,2,0,0
727,358,2024-05-04 07:33:04,paid_search,mobile,11,0,0
728,,2024-05-04 09:09:57,paid_search,desktop,2,0,0
729,,2024-05-04 14:45:58,organic,desktop,4,0,0
730,106,2024-05-04 14:55:04,organic,mobile,4,0,0
731,,2024-05-04 15:02:06,referral,mobile,2,0,0
732,,2024-05-04 16:21:14,social,mobile,11,0,0
733,479,2024-05-04 22:06:26,organic,mobile,1,0,0
734,,2024-05-05 02:22:56,organic,tablet,2,0,0
735,20,2024-05-05 09:31:02,paid_search,desktop,1,0,0
736,,2024-05-05 09:43:40,social,mobile,1,0,0
737,442,2024-05-05 11:25:34,email,mobile,1,0,0
738,576,2024-05-05 12:27:15,social,desktop,1,0,0
739,,2024-05-05 14:13:05,email,desktop,13,1,1
740,111,2024-05-05 16:39:54,organic,desktop,5,0,0
741,,2024-05-05 18:05:39,email,desktop,7,1,1
742,568,2024-05-05 21:01:50,direct,desktop,3,0,0
743,,2024-05-05 21:47:46,direct,tablet,4,0,0
744,178,2024-05-06 04:17:59,organic,mobile,2,0,0
745,,2024-05-06 09:04:51,organic,desktop,1,1,0
746,338,2024-05-06 16:39:50,organic,mobile,1,0,0
747,358,2024-05-06 19:50:30,organic,mobile,5,0,0
748,578,2024-05-06 20:04:27,paid_search,desktop,1,0,0
749,,2024-05-06 20:29:55,referral,desktop,4,0,0
750,,2024-05-06 22:13:56,paid_search,mobile,3,0,0
751,444,2024-05-07 00:09:02,organic,desktop,5,0,0
752,226,2024-05-07 06:59:01,paid_search,mobile,4,0,0
753,523,2024-05-07 07:24:18,organic,desktop,5,0,0
754,,2024-05-07 07:46:07,social,mobile,6,1,0
755,,2024-05-07 09:58:22,direct,desktop,1,0,0
756,42,2024-05-07 10:05:28,organic,desktop,9,0,0
757,432,2024-05-07 14:00:44,organic,desktop,1,0,0
758,583,2024-05-07 15:11:29,direct,tablet,2,0,0
759,,2024-05-07 16:49:53,direct,desktop,16,1,1
760,98,2024-05-07 20:30:30,organic,desktop,8,0,0
761,36,2024-05-08 00:32:56,email,desktop,4,0,0
762,,2024-05-08 02:54:40,email,mobile,1,1,1
763,,2024-05-08 07:30:10,organic,mobile,1,0,0
764,250,2024-05-08 09:42:38,referral,mobile,1,0,0
765,,2024-05-08 12:09:47,organic,desktop,14,0,0
766,,2024-05-08 12:37:19,organic,tablet,1,0,0
767,,2024-05-08 12:53:28,email,desktop,7,0,0
768,130,2024-05-08 13:36:52,social,mobile,4,0,0
769,328,2024-05-08 15:06:52,referral,mobile,1,0,0
770,504,2024-05-08 18:31:44,organic,mobile,2,0,0
771,533,2024-05-09 00:27:14,email,mobile,1,0,0
772,,2024-05-09 01:11:22,paid_search,mobile,2,1,0
773,,2024-05-09 02:45:28,paid_search,desktop,5,0,0
774,84,2024-05-09 02:59:45,email,desktop,14,1,1
775,490,2024-05-09 08:59:08,social,mobile,1,0,0
776,,2024-05-09 10:36:32,organic,desktop,4,1,0
777,334,2024-05-09 14:36:33,social,mobile,4,0,0
778,,2024-05-09 15:53:24,social,desktop,4,0,0
779,,2024-05-09 20:49:36,email,desktop,1,1,0
780,128,2024-05-09 20:55:17,organic,mobile,2,1,0
781,,2024-05-09 21:18:54,paid_search,mobile,2,0,0
782,430,2024-05-09 23:48:51,paid_search,mobile,5,1,1
783,,2024-05-10 02:41:39,email,mobile,4,0,0
784,,2024-05-10 06:27:58,direct,mobile,4,0,0
785,,2024-05-10 06:59:55,paid_search,desktop,2,0,0
786,,2024-05-10 12:29:23,organic,tablet,13,0,0
787,563,2024-05-10 16:31:36,paid_search,desktop,4,0,0
788,,2024-05-10 16:34:40,social,tablet,2,0,0
789,,2024-05-10 17:26:03,social,mobile,11,1,1
790,191,2024-05-10 20:04:23,paid_search,mobile,2,0,0
791,,2024-05-10 20:38:14,direct,mobile,3,0,0
792,,2024-05-11 02:40:31,organic,mobile,9,0,0
793,168,2024-05-11 03:38:23,email,desktop,1,0,0
794,423,2024-05-11 08:32:34,organic,desktop,5,1,0
795,,2024-05-11 10:13:43,email,desktop,20,1,1
796,286,2024-05-11 11:02:13,email,desktop,43,1,1
797,178,2024-05-11 13:12:15,paid_search,mobile,2,1,0
798,,2024-05-11 18:57:05,referral,mobile,7,0,0
799,191,2024-05-12 01:46:55,direct,tablet,6,0,0
800,513,2024-05-12 01:52:10,paid_search,mobile,3,0,0
801,,2024-05-12 08:46:57,social,mobile,1,0,0
802,118,2024-05-12 14:55:30,direct,tablet,1,0,0
803,564,2024-05-12 22:33:00,organic,desktop,4,0,0
804,,2024-05-13 01:43:14,paid_search,mobile,1,0,0
805,,2024-05-13 07:58:39,paid_search,mobile,1,0,0
806,,2024-05-13 08:59:59,social,desktop,1,0,0
807,600,2024-05-13 14:13:18,paid_search,mobile,1,0,0
808,,2024-05-13 14:53:47,paid_search,mobile,6,0,0
809,,2024-05-13 15:46:08,organic,desktop,2,0,0
810,9,2024-05-13 17:16:52,organic,desktop,5,0,0
811,,2024-05-13 21:17:45,organic,desktop,1,0,0
812,,2024-05-13 23:02:49,organic,mobile,1,0,0
813,484,2024-05-14 07:08:18,email,mobile,6,1,1
814,307,2024-05-14 07:24:40,paid_search,mobile,2,0,0
815,410,2024-05-14 16:44:08,organic,desktop,6,1,1
816,191,2024-05-14 20:34:09,social,desktop,1,0,0
817,119,2024-05-15 10:22:12,paid_search,mobile,1,0,0
818,,2024-05-15 12:30:29,paid_search,mobile,2,0,0
819,98,2024-05-15 13:12:19,paid_search,desktop,12,0,0
820,419,2024-05-15 14:30:26,organic,desktop,6,0,0
821,,2024-05-15 18:38:37,organic,desktop,1,0,0
822,448,2024-05-15 21:18:30,organic,mobile,1,0,0
823,436,2024-05-15 23:23:14,email,mobile,1,0,0
824,,2024-05-16 00:34:54,email,desktop,4,1,1
825,,2024-05-16 01:52:55,organic,tablet,9,0,0
826,295,2024-05-16 08:37:23,paid_search,desktop,9,0,0
827,285,2024-05-16 11:20:42,organic,desktop,2,0,0
828,,2024-05-16 11:27:11,organic,desktop,5,0,0
829,298,2024-05-16 14:14:37,referral,mobile,3,0,0
830,,2024-05-16 18:36:54,email,mobile,1,0,0
831,402,2024-05-17 02:40:15,organic,desktop,1,0,0
832,186,2024-05-17 06:26:12,direct,mobile,1,0,0
833,97,2024-05-17 08:14:29,referral,desktop,2,0,0
834,524,2024-05-17 14:21:05,organic,mobile,1,0,0
835,,2024-05-17 17:54:39,referral,mobile,5,0,0
836,557,2024-05-17 22:17:48,organic,desktop,1,0,0
837,,2024-05-18 00:40:18,social,mobile,8,1,0
838,,2024-05-18 04:20:36,organic,mobile,3,0,0
839,136,2024-05-18 06:25:30,paid_search,mobile,1,0,0
840,466,2024-05-18 07:10:43,direct,mobile,1,1,1
841,,2024-05-18 23:36:06,organic,desktop,5,0,0
842,,2024-05-19 00:26:28,paid_search,desktop,20,1,1
843,,2024-05-19 11:47:45,organic,mobile,2,0,0
844,64,2024-05-19 15:21:26,paid_search,mobile,2,0,0
845,112,2024-05-19 18:50:45,email,mobile,1,0,0
846,,2024-05-19 20:33:19,organic,tablet,1,0,0
847,183,2024-05-19 20:55:54,paid_search,tablet,1,0,0
848,351,2024-05-19 23:30:19,email,mobile,1,0,0
849,,2024-05-20 03:21:44,social,mobile,1,0,0
850,147,2024-05-20 09:28:24,organic,mobile,1,0,0
851,,2024-05-20 12:19:11,email,mobile,1,0,0
852,239,2024-05-21 00:44:46,organic,desktop,4,0,0
853,,2024-05-21 01:24:47,organic,desktop,1,0,0
854,,2024-05-21 02:52:03,organic,mobile,4,0,0
855,,2024-05-21 07:31:36,organic,desktop,8,1,0
856,,2024-05-21 07:54:02,social,desktop,2,1,1
857,578,2024-05-21 10:10:07,direct,desktop,1,0,0
858,,2024-05-21 10:26:27,paid_search,mobile,2,0,0
859,391,2024-05-21 11:35:01,referral,mobile,1,0,0
860,374,2024-05-21 18:23:22,social,desktop,16,0,0
861,,2024-05-21 21:14:48,email,desktop,1,0,0
862,,2024-05-22 00:16:10,paid_search,mobile,4,0,0
863,114,2024-05-22 11:01:05,organic,mobile,2,1,0
864,,2024-05-22 14:50:00,paid_search,mobile,1,0,0
865,,2024-05-22 15:36:56,direct,mobile,1,0,0
866,,2024-05-22 17:06:46,organic,mobile,9,0,0
867,,2024-05-22 19:50:14,organic,desktop,2,0,0
868,282,2024-05-22 20:26:24,direct,desktop,4,0,0
869,,2024-05-22 22:08:51,direct,mobile,1,0,0
870,,2024-05-23 03:13:14,email,mobile,1,0,0
871,302,2024-05-23 03:27:47,social,desktop,3,1,0
872,145,2024-05-23 05:37:30,social,mobile,1,0,0
873,578,2024-05-23 07:50:48,paid_search,mobile,1,0,0
874,561,2024-05-23 07:52:45,referral,desktop,10,0,0
875,260,2024-05-23 18:47:25,organic,desktop,7,0,0
876,,2024-05-23 20:29:25,direct,tablet,2,0,0
877,,2024-05-24 00:46:19,social,desktop,11,0,0
878,75,2024-05-24 01:34:43,paid_search,mobile,14,0,0
879,,2024-05-24 02:24:56,direct,desktop,3,0,0
880,453,2024-05-24 03:16:39,direct,desktop,5,0,0
881,,2024-05-24 14:37:58,direct,desktop,6,0,0
882,,2024-05-25 00:31:59,social,mobile,2,0,0
883,596,2024-05-25 02:00:49,social,desktop,5,0,0
884,,2024-05-25 05:35:09,social,desktop,1,0,0
885,,2024-05-25 06:53:15,paid_search,mobile,4,0,0
886,,2024-05-25 07:14:35,organic,mobile,6,0,0
887,540,2024-05-25 09:38:05,email,mobile,1,0,0
888,133,2024-05-25 10:24:17,organic,mobile,1,1,1
889,375,2024-05-25 13:16:26,organic,mobile,4,0,0
890,,2024-05-25 15:37:45,social,desktop,5,0,0
891,,2024-05-25 15:49:13,email,desktop,2,1,0
892,575,2024-05-25 18:19:25,referral,desktop,3,1,0
893,,2024-05-25 19:20:26,direct,mobile,15,0,0
894,170,2024-05-26 05:34:05,direct,mobile,1,0,0
895,,2024-05-26 07:28:36,paid_search,desktop,12,0,0
896,535,2024-05-26 07:53:50,email,mobile,2,0,0
897,58,2024-05-26 09:19:33,social,mobile,4,0,0
898,,2024-05-26 09:43:00,paid_search,tablet,1,0,0
899,,2024-05-26 11:59:11,organic,desktop,9,0,0
900,,2024-05-26 17:19:19,social,mobile,2,0,0
901,,2024-05-27 00:44:39,organic,mobile,3,0,0
902,,2024-05-27 12:44:28,organic,mobile,10,0,0
903,,2024-05-27 15:06:35,organic,mobile,1,0,0
904,489,2024-05-27 15:12:28,organic,desktop,3,0,0
905,,2024-05-27 16:00:24,paid_search,desktop,2,0,0
906,431,2024-05-27 21:33:04,organic,desktop,15,1,0
907,588,2024-05-27 21:51:51,direct,mobile,1,1,0
908,,2024-05-28 00:20:48,organic,mobile,9,1,0
909,,2024-05-28 01:35:06,organic,desktop,5,1,0
910,,2024-05-28 02:48:36,referral,desktop,1,0,0
911,,2024-05-28 03:51:22,organic,desktop,9,0,0
912,,2024-05-28 04:14:20,organic,mobile,2,0,0
913,486,2024-05-28 05:45:05,referral,desktop,2,0,0
914,,2024-05-28 08:26:28,direct,tablet,4,0,0
915,,2024-05-28 11:53:59,paid_search,tablet,1,0,0
916,222,2024-05-28 13:24:26,email,desktop,6,0,0
917,309,2024-05-28 15:11:32,social,mobile,1,0,0
918,,2024-05-28 20:01:28,paid_search,desktop,5,0,0
919,,2024-05-29 00:44:06,organic,desktop,3,0,0
920,522,2024-05-29 05:01:17,email,desktop,8,0,0
921,303,2024-05-29 05:37:02,direct,mobile,3,0,0
922,,2024-05-29 07:28:56,organic,desktop,7,0,0
923,570,2024-05-29 13:44:11,organic,mobile,1,0,0
924,440,2024-05-29 17:52:04,direct,mobile,1,0,0
925,,2024-05-29 19:04:25,direct,desktop,1,0,0
926,508,2024-05-30 01:41:54,email,desktop,4,0,0
927,393,2024-05-30 03:29:30,social,mobile,1,0,0
928,,2024-05-30 03:57:16,referral,desktop,5,0,0
929,,2024-05-30 10:27:49,organic,desktop,2,0,0
930,,2024-05-30 10:53:57,paid_search,desktop,4,1,1
931,244,2024-05-30 11:41:16,paid_search,mobile,5,1,0
932,,2024-05-30 12:15:58,paid_search,mobile,1,0,0
933,,2024-05-30 15:27:05,organic,desktop,1,0,0
934,224,2024-05-30 18:51:21,organic,mobile,1,0,0
935,,2024-05-30 20:46:57,organic,desktop,8,1,0
936,3,2024-05-30 20:55:21,organic,tablet,1,1,0
937,,2024-05-30 21:42:01,organic,mobile,1,0,0
938,,2024-05-30 23:43:11,organic,mobile,6,1,0
939,57,2024-05-31 01:18:46,direct,mobile,5,0,0
940,520,2024-05-31 14:54:17,social,mobile,1,0,0
941,,2024-05-31 15:36:40,organic,desktop,10,1,0
942,,2024-05-31 15:37:53,organic,mobile,12,1,0
943,382,2024-05-31 18:24:06,referral,mobile,2,0,0
944,248,2024-05-31 22:58:33,social,mobile,3,0,0
945,156,2024-06-01 02:06:01,direct,desktop,3,1,1
946,339,2024-06-01 04:34:04,referral,mobile,1,0,0
947,,2024-06-01 05:31:53,organic,mobile,6,0,0
948,,2024-06-01 08:01:23,organic,desktop,1,0,0
949,,2024-06-01 14:47:18,paid_search,desktop,12,0,0
950,,2024-06-01 16:32:17,email,desktop,5,1,0
951,,2024-06-01 20:49:53,referral,mobile,5,0,0
952,592,2024-06-02 00:27:46,organic,mobile,3,1,0
953,,2024-06-02 01:20:21,organic,mobile,4,0,0
954,569,2024-06-02 07:03:44,email,mobile,7,0,0
955,,2024-06-02 17:05:46,social,mobile,12,0,0
956,323,2024-06-02 23:35:47,organic,mobile,1,0,0
957,,2024-06-03 02:16:11,paid_search,mobile,2,0,0
958,,2024-06-03 06:56:12,paid_search,mobile,4,0,0
959,270,2024-06-03 09:14:14,referral,tablet,5,1,1
960,,2024-06-03 11:49:30,paid_search,mobile,1,0,0
961,26,2024-06-03 16:37:17,email,desktop,4,0,0
962,331,2024-06-03 16:50:50,email,desktop,1,0,0
963,410,2024-06-04 07:15:18,organic,mobile,1,0,0
964,,2024-06-04 07:18:52,organic,mobile,13,1,0
965,,2024-06-04 13:17:34,organic,desktop,2,0,0
966,213,2024-06-04 13:57:21,email,mobile,3,1,1
967,,2024-06-04 18:02:30,organic,tablet,1,0,0
968,,2024-06-04 20:50:11,paid_search,tablet,2,0,0
969,120,2024-06-05 01:02:14,organic,desktop,16,0,0
970,,2024-06-05 04:29:21,organic,mobile,5,0,0
971,,2024-06-05 05:28:21,paid_search,mobile,1,0,0
972,469,2024-06-05 07:34:13,paid_search,desktop,2,0,0
973,,2024-06-05 19:01:15,social,mobile,5,0,0
974,,2024-06-05 22:23:06,direct,mobile,1,0,0
975,,2024-06-05 22:50:18,social,desktop,15,1,1
976,,2024-06-05 23:44:03,paid_search,mobile,3,1,0
977,,2024-06-06 01:22:38,social,mobile,2,0,0
978,,2024-06-06 04:55:14,organic,mobile,1,0,0
979,,2024-06-06 15:53:01,direct,tablet,1,0,0
980,,2024-06-06 20:10:26,organic,mobile,3,0,0
981,412,2024-06-06 22:23:42,organic,desktop,2,0,0
982,222,2024-06-07 08:14:06,organic,desktop,7,0,0
983,141,2024-06-07 12:40:20,direct,mobile,1,1,1
984,,2024-06-07 14:46:48,direct,tablet,1,0,0
985,136,2024-06-07 23:01:17,organic,mobile,6,0,0
986,,2024-06-08 00:09:09,paid_search,mobile,6,0,0
987,473,2024-06-08 08:18:10,organic,mobile,2,0,0
988,421,2024-06-08 18:48:54,organic,desktop,6,0,0
989,,2024-06-08 20:46:16,organic,mobile,6,0,0
990,430,2024-06-09 04:29:00,social,desktop,11,1,1
991,,2024-06-10 02:30:54,organic,desktop,1,0,0
992,,2024-06-10 08:56:06,social,desktop,11,0,0
993,,2024-06-10 13:06:58,email,desktop,7,1,1
994,213,2024-06-10 18:50:38,referral,mobile,2,1,0
995,341,2024-06-10 19:57:41,organic,tablet,1,0,0
996,,2024-06-10 22:51:30,organic,mobile,2,0,0
997,,2024-06-10 23:26:46,direct,desktop,9,0,0
998,464,2024-06-11 01:46:49,direct,mobile,9,0,0
999,197,2024-06-11 05:35:34,paid_search,desktop,2,0,0
1000,,2024-06-11 15:55:04,referral,tablet,1,0,0
1001,,2024-06-11 16:00:22,paid_search,mobile,1,1,0
1002,,2024-06-11 16:34:34,email,desktop,1,0,0
1003,,2024-06-11 17:31:42,paid_search,mobile,2,0,0
1004,,2024-06-11 19:07:23,organic,mobile,1,1,0
1005,160,2024-06-11 20:16:54,paid_search,desktop,1,0,0
1006,,2024-06-11 20:17:21,email,desktop,2,1,1
1007,26,2024-06-12 00:00:06,email,mobile,1,0,0
1008,,2024-06-12 01:04:07,email,mobile,1,0,0
1009,,2024-06-12 04:02:11,organic,mobile,7,0,0
1010,,2024-06-12 04:25:43,organic,mobile,11,1,1
1011,,2024-06-12 13:12:14,paid_search,mobile,2,0,0
1012,321,2024-06-12 16:30:32,email,mobile,4,0,0
1013,,2024-06-13 04:17:13,organic,desktop,2,1,1
1014,,2024-06-13 05:53:44,paid_search,mobile,5,0,0
1015,,2024-06-13 07:02:04,organic,desktop,23,0,0
1016,298,2024-06-13 10:13:20,organic,mobile,3,0,0
1017,,2024-06-13 16:08:03,organic,mobile,2,0,0
1018,,2024-06-13 16:31:09,social,mobile,3,0,0
1019,487,2024-06-14 07:32:23,organic,desktop,1,0,0
1020,,2024-06-14 10:34:22,organic,desktop,3,0,0
1021,,2024-06-14 16:05:27,direct,tablet,1,0,0
1022,109,2024-06-14 16:17:16,direct,desktop,8,0,0
1023,,2024-06-14 17:35:45,organic,desktop,1,0,0
1024,,2024-06-14 23:46:40,social,mobile,2,0,0
1025,,2024-06-15 01:18:54,paid_search,desktop,2,0,0
1026,,2024-06-15 02:10:12,email,mobile,1,0,0
1027,,2024-06-15 02:40:34,social,mobile,2,0,0
1028,128,2024-06-15 04:11:06,paid_search,desktop,8,1,1
1029,233,2024-06-15 07:22:38,direct,mobile,2,0,0
1030,244,2024-06-15 08:03:35,email,mobile,6,0,0
1031,,2024-06-15 10:00:12,direct,desktop,8,0,0
1032,,2024-06-15 10:07:35,email,mobile,6,0,0
1033,,2024-06-15 15:34:47,email,desktop,16,1,1
1034,,2024-06-15 23:05:39,email,mobile,12,1,0
1035,,2024-06-16 00:08:28,social,mobile,4,0,0
1036,,2024-06-16 05:23:54,organic,desktop,5,0,0
1037,539,2024-06-16 10:03:33,direct,mobile,6,0,0
1038,,2024-06-16 12:31:12,organic,mobile,3,0,0
1039,22,2024-06-16 13:01:47,organic,mobile,4,1,0
1040,,2024-06-16 13:08:39,organic,desktop,4,1,1
1041,,2024-06-16 19:32:03,direct,desktop,3,0,0
1042,58,2024-06-16 20:19:45,paid_search,mobile,1,0,0
1043,,2024-06-16 20:30:12,direct,tablet,1,0,0
1044,,2024-06-17 06:37:25,direct,mobile,1,0,0
1045,,2024-06-17 06:39:20,organic,mobile,1,0,0
1046,,2024-06-17 12:03:10,organic,mobile,7,0,0
1047,,2024-06-17 16:08:40,organic,mobile,8,1,1
1048,356,2024-06-17 19:12:01,social,tablet,3,0,0
1049,,2024-06-18 00:22:33,social,desktop,3,1,1
1050,,2024-06-18 03:41:11,social,desktop,2,0,0
1051,382,2024-06-18 07:09:14,email,mobile,6,0,0
1052,,2024-06-18 08:38:24,referral,mobile,1,0,0
1053,330,2024-06-18 12:09:27,organic,desktop,1,0,0
1054,528,2024-06-18 13:41:59,social,mobile,7,0,0
1055,,2024-06-18 14:48:08,organic,desktop,5,0,0
1056,519,2024-06-18 16:31:36,organic,desktop,1,0,0
1057,,2024-06-18 16:59:25,direct,mobile,1,0,0
1058,,2024-06-18 17:31:14,referral,desktop,5,1,1
1059,161,2024-06-18 20:19:55,paid_search,mobile,7,0,0
1060,225,2024-06-18 22:25:31,referral,desktop,9,1,0
1061,105,2024-06-19 02:06:48,referral,mobile,1,0,0
1062,,2024-06-19 04:14:46,social,mobile,1,0,0
1063,,2024-06-19 08:09:50,social,mobile,14,1,1
1064,,2024-06-19 09:34:01,organic,desktop,5,1,1
1065,35,2024-06-19 17:38:21,referral,tablet,1,0,0
1066,,2024-06-19 19:18:40,email,desktop,3,1,1
1067,222,2024-06-20 04:41:50,direct,mobile,1,0,0
1068,223,2024-06-20 06:11:45,social,mobile,16,1,0
1069,479,2024-06-20 06:20:17,organic,mobile,5,1,0
1070,,2024-06-20 06:42:06,social,mobile,1,0,0
1071,468,2024-06-20 07:45:30,paid_search,mobile,8,1,1
1072,,2024-06-20 10:09:42,organic,desktop,1,0,0
1073,,2024-06-20 11:06:10,organic,mobile,3,0,0
1074,,2024-06-20 11:25:40,paid_search,desktop,4,0,0
1075,,2024-06-20 11:47:20,organic,tablet,2,0,0
1076,360,2024-06-20 14:54:14,organic,desktop,3,0,0
1077,384,2024-06-20 15:19:52,paid_search,mobile,1,1,1
1078,,2024-06-20 17:59:44,direct,mobile,2,0,0
1079,,2024-06-20 19:02:01,organic,mobile,1,0,0
1080,,2024-06-20 20:58:10,referral,desktop,14,1,1
1081,,2024-06-21 03:56:47,paid_search,desktop,25,1,0
1082,445,2024-06-21 07:12:05,direct,desktop,3,0,0
1083,98,2024-06-21 08:56:26,social,mobile,1,1,1
1084,,2024-06-21 09:54:46,paid_search,mobile,1,0,0
1085,353,2024-06-21 10:58:59,social,desktop,2,0,0
1086,,2024-06-21 12:00:02,referral,desktop,5,0,0
1087,165,2024-06-21 14:23:42,organic,desktop,1,0,0
1088,,2024-06-21 23:40:36,organic,mobile,1,0,0
1089,372,2024-06-22 00:25:18,social,desktop,4,1,0
1090,87,2024-06-22 03:01:11,email,mobile,1,0,0
1091,586,2024-06-22 06:04:52,direct,mobile,3,0,0
1092,,2024-06-22 06:10:53,referral,desktop,6,1,1
1093,559,2024-06-22 18:04:07,referral,mobile,3,0,0
1094,,2024-06-22 21:32:06,direct,mobile,1,1,1
1095,460,2024-06-22 21:43:49,direct,mobile,5,0,0
1096,,2024-06-23 00:23:01,direct,mobile,21,1,0
1097,,2024-06-23 03:04:14,social,mobile,3,0,0
1098,123,2024-06-23 08:13:47,social,desktop,10,0,0
1099,94,2024-06-23 11:47:24,paid_search,desktop,1,0,0
1100,,2024-06-23 13:22:20,social,mobile,4,1,0
1101,64,2024-06-23 14:27:05,direct,tablet,1,0,0
1102,,2024-06-23 16:08:54,social,desktop,13,0,0
1103,335,2024-06-23 18:50:31,social,mobile,2,0,0
1104,,2024-06-23 19:29:44,social,mobile,16,1,0
1105,385,2024-06-23 20:07:36,referral,tablet,3,0,0
1106,143,2024-06-23 20:08:13,organic,mobile,1,0,0
1107,366,2024-06-24 00:23:50,referral,mobile,1,0,0
1108,,2024-06-24 00:33:01,direct,mobile,6,0,0
1109,,2024-06-24 05:44:12,paid_search,mobile,3,0,0
1110,86,2024-06-24 14:04:25,organic,desktop,2,0,0
1111,,2024-06-24 16:21:36,referral,mobile,1,0,0
1112,461,2024-06-24 16:47:28,direct,tablet,6,0,0
1113,,2024-06-25 11:33:55,organic,mobile,7,0,0
1114,,2024-06-25 11:43:42,social,desktop,10,1,0
1115,366,2024-06-25 11:58:31,organic,mobile,1,0,0
1116,,2024-06-25 15:09:29,direct,desktop,6,0,0
1117,,2024-06-25 18:24:37,paid_search,desktop,1,0,0
1118,,2024-06-25 19:57:16,direct,mobile,1,0,0
1119,,2024-06-25 22:14:54,direct,desktop,5,0,0
1120,,2024-06-26 04:09:43,social,mobile,1,0,0
1121,,2024-06-26 05:51:58,email,tablet,1,0,0
1122,,2024-06-26 08:25:44,paid_search,desktop,3,1,0
1123,,2024-06-26 09:10:03,social,mobile,2,0,0
1124,,2024-06-26 09:31:59,paid_search,desktop,1,0,0
1125,197,2024-06-26 14:29:24,organic,mobile,4,0,0
1126,359,2024-06-26 23:13:30,referral,desktop,1,0,0
1127,,2024-06-27 00:04:04,organic,desktop,6,1,1
1128,358,2024-06-27 03:11:21,organic,desktop,1,0,0
1129,,2024-06-27 05:56:06,paid_search,desktop,2,0,0
1130,,2024-06-27 15:28:57,organic,mobile,1,0,0
1131,218,2024-06-27 18:26:20,referral,desktop,3,0,0
1132,508,2024-06-27 19:33:48,organic,mobile,2,0,0
1133,,2024-06-28 00:23:17,organic,mobile,4,0,0
1134,,2024-06-28 04:54:14,email,mobile,1,0,0
1135,,2024-06-28 09:44:27,paid_search,desktop,1,1,0
1136,,2024-06-28 10:14:18,organic,desktop,1,0,0
1137,369,2024-06-28 12:02:29,organic,desktop,3,0,0
1138,,2024-06-28 14:00:52,direct,desktop,4,0,0
1139,,2024-06-28 17:46:42,organic,desktop,16,1,0
1140,,2024-06-28 22:41:27,organic,mobile,1,1,1
1141,,2024-06-29 01:10:28,paid_search,mobile,2,0,0
1142,92,2024-06-29 04:18:20,direct,desktop,1,0,0
1143,,2024-06-29 07:12:26,paid_search,mobile,4,0,0
1144,,2024-06-29 07:27:27,direct,mobile,13,1,0
1145,,2024-06-29 10:57:53,paid_search,mobile,8,1,0
1146,286,2024-06-29 11:00:46,social,mobile,9,0,0
1147,,2024-06-29 11:02:36,paid_search,desktop,8,0,0
1148,,2024-06-29 11:30:42,social,tablet,3,0,0
1149,,2024-06-29 15:12:04,paid_search,mobile,5,0,0
1150,,2024-06-29 17:23:50,organic,mobile,1,0,0
1151,226,2024-06-29 23:19:16,social,desktop,1,0,0
1152,,2024-06-30 01:36:36,organic,tablet,10,1,0
1153,,2024-06-30 02:34:04,organic,mobile,3,0,0
1154,,2024-06-30 08:53:52,social,desktop,2,0,0
1155,,2024-06-30 10:00:11,paid_search,mobile,5,0,0
1156,128,2024-06-30 10:27:11,organic,desktop,2,0,0
1157,,2024-06-30 16:17:28,email,mobile,6,0,0
1158,407,2024-06-30 16:56:15,organic,desktop,2,0,0
1159,,2024-07-01 05:51:43,social,desktop,2,0,0
1160,445,2024-07-01 08:36:10,direct,desktop,5,0,0
1161,,2024-07-01 09:42:41,organic,tablet,4,0,0
1162,,2024-07-01 15:09:20,email,desktop,1,0,0
1163,405,2024-07-01 16:45:47,social,mobile,4,0,0
1164,567,2024-07-01 20:56:32,organic,mobile,1,1,0
1165,462,2024-07-02 03:17:28,paid_search,tablet,3,0,0
1166,536,2024-07-02 07:13:42,organic,desktop,3,0,0
1167,,2024-07-02 11:35:18,direct,mobile,4,1,0
1168,318,2024-07-02 11:44:14,organic,mobile,12,0,0
1169,541,2024-07-02 13:03:39,direct,mobile,10,1,0
1170,,2024-07-02 13:07:16,direct,mobile,1,0,0
1171,,2024-07-02 15:37:10,paid_search,mobile,1,0,0
1172,109,2024-07-02 20:34:46,organic,mobile,1,0,0
1173,482,2024-07-02 21:43:54,direct,mobile,3,0,0
1174,,2024-07-02 21:47:50,referral,mobile,2,0,0
1175,,2024-07-03 03:34:51,paid_search,desktop,8,1,0
1176,,2024-07-03 19:34:38,referral,tablet,7,0,0
1177,596,2024-07-04 05:05:14,social,mobile,1,0,0
1178,,2024-07-04 05:37:33,organic,mobile,4,0,0
1179,,2024-07-04 07:52:26,direct,desktop,11,0,0
1180,,2024-07-04 12:48:57,social,desktop,2,0,0
1181,365,2024-07-04 13:22:24,email,desktop,2,0,0
1182,,2024-07-04 14:45:42,organic,desktop,3,0,0
1183,,2024-07-04 20:43:09,paid_search,mobile,6,0,0
1184,253,2024-07-04 23:27:46,organic,mobile,1,0,0
1185,,2024-07-05 05:29:40,social,desktop,3,1,0
1186,24,2024-07-05 09:01:53,paid_search,tablet,1,0,0
1187,475,2024-07-05 19:24:19,social,desktop,5,1,0
1188,467,2024-07-06 04:00:17,direct,mobile,3,0,0
1189,,2024-07-06 04:43:42,social,mobile,1,0,0
1190,,2024-07-06 06:07:03,social,mobile,3,0,0
1191,3,2024-07-06 07:26:54,direct,desktop,5,0,0
1192,387,2024-07-06 07:55:37,social,desktop,10,0,0
1193,115,2024-07-06 08:28:08,direct,mobile,1,0,0
1194,,2024-07-06 10:05:50,email,desktop,4,0,0
1195,517,2024-07-06 10:45:48,direct,mobile,3,0,0
1196,213,2024-07-06 11:17:30,direct,desktop,1,0,0
1197,,2024-07-06 11:39:59,email,mobile,1,0,0
1198,509,2024-07-06 20:18:23,organic,mobile,3,0,0
1199,,2024-07-06 21:58:21,email,mobile,8,0,0
1200,242,2024-07-06 22:44:02,referral,mobile,6,0,0
1201,29,2024-07-07 00:43:05,paid_search,mobile,1,0,0
1202,570,2024-07-07 01:14:30,referral,mobile,1,0,0
1203,,2024-07-07 02:27:00,organic,desktop,3,0,0
1204,301,2024-07-07 08:05:58,paid_search,desktop,2,1,0
1205,,2024-07-07 13:49:46,email,tablet,1,0,0
1206,,2024-07-07 15:18:17,paid_search,mobile,7,0,0
1207,20,2024-07-07 15:45:53,paid_search,desktop,18,1,1
1208,,2024-07-07 21:02:55,email,mobile,1,1,1
1209,268,2024-07-07 22:28:06,paid_search,desktop,3,0,0
1210,211,2024-07-08 07:18:27,paid_search,mobile,2,0,0
1211,,2024-07-08 09:56:15,email,desktop,1,0,0
1212,,2024-07-08 12:18:30,social,mobile,1,0,0
1213,,2024-07-08 15:42:11,paid_search,desktop,1,0,0
1214,,2024-07-08 18:38:47,organic,mobile,1,0,0
1215,,2024-07-08 19:21:01,organic,desktop,6,0,0
1216,22,2024-07-08 19:49:21,organic,mobile,2,0,0
1217,,2024-07-08 23:01:00,organic,mobile,6,0,0
1218,,2024-07-08 23:23:47,organic,mobile,4,1,0
1219,170,2024-07-08 23:37:57,social,mobile,1,1,0
1220,,2024-07-09 00:13:17,organic,desktop,4,0,0
1221,,2024-07-09 05:14:22,email,mobile,4,0,0
1222,169,2024-07-09 10:58:52,direct,desktop,15,0,0
1223,23,2024-07-09 21:42:19,referral,desktop,4,0,0
1224,,2024-07-10 00:38:44,direct,desktop,4,0,0
1225,,2024-07-10 02:41:45,social,mobile,7,0,0
1226,480,2024-07-10 04:30:29,organic,desktop,1,0,0
1227,250,2024-07-10 05:31:39,organic,mobile,1,0,0
1228,,2024-07-10 12:04:02,paid_search,mobile,1,0,0
1229,,2024-07-10 16:09:22,email,mobile,6,1,1
1230,575,2024-07-10 18:50:04,organic,mobile,1,0,0
1231,575,2024-07-10 20:35:21,organic,desktop,2,0,0
1232,,2024-07-10 23:17:19,social,tablet,4,0,0
1233,,2024-07-11 01:13:42,email,mobile,2,0,0
1234,22,2024-07-11 06:02:51,direct,mobile,1,0,0
1235,,2024-07-11 13:54:53,paid_search,mobile,4,1,0
1236,,2024-07-11 21:20:46,direct,desktop,1,0,0
1237,,2024-07-11 21:21:44,organic,desktop,6,0,0
1238,366,2024-07-12 06:39:28,social,desktop,12,1,1
1239,539,2024-07-12 09:03:35,organic,mobile,1,0,0
1240,281,2024-07-12 15:45:25,social,desktop,1,0,0
1241,,2024-07-12 18:12:46,email,mobile,9,1,1
1242,,2024-07-12 21:27:51,direct,desktop,1,0,0
1243,,2024-07-12 21:32:42,organic,mobile,2,0,0
1244,63,2024-07-12 21:58:42,organic,mobile,9,0,0
1245,551,2024-07-13 10:41:15,social,mobile,10,0,0
1246,,2024-07-13 12:33:02,organic,desktop,15,1,1
1247,,2024-07-13 14:11:51,organic,desktop,3,0,0
1248,484,2024-07-13 16:22:17,direct,mobile,1,0,0
1249,,2024-07-13 20:19:44,organic,mobile,1,0,0
1250,,2024-07-14 03:16:32,referral,mobile,1,0,0
1251,,2024-07-14 07:17:08,organic,mobile,1,0,0
1252,114,2024-07-14 10:08:51,referral,mobile,26,0,0
1253,559,2024-07-14 17:26:49,email,desktop,16,1,0
1254,264,2024-07-14 18:28:37,email,mobile,2,1,0
1255,,2024-07-14 19:16:21,social,mobile,1,0,0
1256,148,2024-07-14 20:10:15,organic,mobile,1,0,0
1257,,2024-07-14 21:13:45,organic,mobile,1,0,0
1258,448,2024-07-14 21:24:35,organic,mobile,1,0,0
1259,547,2024-07-15 00:21:26,direct,desktop,4,1,1
1260,479,2024-07-15 01:12:09,referral,mobile,1,0,0
1261,526,2024-07-15 06:41:02,organic,mobile,4,0,0
1262,,2024-07-15 06:50:32,paid_search,tablet,13,0,0
1263,384,2024-07-15 07:46:37,referral,mobile,1,0,0
1264,571,2024-07-15 09:02:25,email,mobile,1,0,0
1265,147,2024-07-15 09:08:42,direct,desktop,4,0,0
1266,358,2024-07-15 11:27:36,direct,desktop,4,1,1
1267,,2024-07-15 15:02:45,paid_search,mobile,7,0,0
1268,119,2024-07-15 16:34:46,paid_search,desktop,2,0,0
1269,447,2024-07-15 21:03:00,organic,mobile,4,0,0
1270,152,2024-07-16 02:23:11,social,mobile,1,0,0
1271,199,2024-07-16 03:55:03,direct,mobile,1,0,0
1272,522,2024-07-16 05:23:17,social,mobile,1,0,0
1273,251,2024-07-16 09:53:51,organic,mobile,4,0,0
1274,,2024-07-16 21:18:30,social,mobile,10,1,1
1275,507,2024-07-16 23:16:56,organic,mobile,4,0,0
1276,1,2024-07-17 03:17:03,organic,desktop,1,0,0
1277,,2024-07-17 11:02:28,organic,mobile,1,0,0
1278,,2024-07-17 11:03:27,social,mobile,6,0,0
1279,,2024-07-17 11:50:55,email,desktop,8,0,0
1280,,2024-07-17 14:13:25,referral,mobile,1,0,0
1281,282,2024-07-17 15:05:05,paid_search,desktop,8,0,0
1282,,2024-07-17 15:54:38,organic,desktop,15,0,0
1283,,2024-07-17 19:41:22,email,mobile,1,0,0
1284,,2024-07-18 04:30:59,organic,desktop,1,0,0
1285,359,2024-07-18 09:52:39,paid_search,desktop,3,0,0
1286,,2024-07-18 11:02:43,organic,tablet,5,0,0
1287,290,2024-07-18 12:04:18,paid_search,mobile,5,0,0
1288,,2024-07-18 12:31:35,social,mobile,1,0,0
1289,231,2024-07-18 13:02:10,paid_search,desktop,1,0,0
1290,,2024-07-18 22:21:52,referral,desktop,2,0,0
1291,,2024-07-19 02:38:01,social,tablet,6,0,0
1292,,2024-07-19 05:34:24,organic,tablet,2,1,1
1293,447,2024-07-19 07:52:56,organic,desktop,2,1,0
1294,,2024-07-19 10:10:53,social,mobile,3,1,0
1295,,2024-07-19 11:31:19,direct,mobile,3,0,0
1296,355,2024-07-19 13:32:43,direct,tablet,3,1,1
1297,330,2024-07-19 13:50:41,referral,desktop,10,0,0
1298,74,2024-07-19 15:58:06,social,mobile,7,1,0
1299,,2024-07-19 18:37:26,referral,mobile,3,0,0
1300,,2024-07-19 22:43:03,organic,mobile,1,0,0
1301,571,2024-07-20 04:05:49,organic,mobile,4,0,0
1302,,2024-07-20 08:58:31,paid_search,mobile,4,1,1
1303,,2024-07-20 09:27:03,paid_search,desktop,10,0,0
1304,,2024-07-20 11:37:09,direct,mobile,5,1,0
1305,,2024-07-20 11:42:08,email,mobile,2,0,0
1306,,2024-07-20 12:45:32,social,desktop,4,0,0
1307,,2024-07-20 13:03:54,direct,desktop,23,1,0
1308,459,2024-07-20 17:56:36,social,desktop,7,0,0
1309,72,2024-07-20 20:03:00,social,mobile,8,1,0
1310,,2024-07-20 21:01:26,paid_search,desktop,4,0,0
1311,,2024-07-21 01:49:22,direct,desktop,3,0,0
1312,103,2024-07-21 02:07:41,social,mobile,4,0,0
1313,,2024-07-21 03:13:46,direct,desktop,5,0,0
1314,,2024-07-21 08:28:52,paid_search,mobile,15,1,0
1315,,2024-07-21 12:25:57,direct,mobile,1,0,0
1316,,2024-07-21 22:03:32,direct,desktop,3,1,1
1317,28,2024-07-22 02:08:16,social,mobile,2,0,0
1318,,2024-07-22 06:39:11,organic,mobile,11,0,0
1319,,2024-07-22 12:45:53,social,mobile,2,0,0
1320,213,2024-07-22 15:20:25,social,desktop,6,0,0
1321,,2024-07-22 16:49:39,organic,mobile,1,1,0
1322,,2024-07-22 18:23:37,social,mobile,2,0,0
1323,,2024-07-22 19:51:22,direct,desktop,9,0,0
1324,,2024-07-22 20:48:23,paid_search,mobile,5,0,0
1325,,2024-07-23 01:42:01,direct,mobile,1,0,0
1326,,2024-07-23 06:16:14,organic,tablet,4,0,0
1327,,2024-07-23 10:13:18,email,mobile,5,1,1
1328,323,2024-07-23 11:16:48,direct,desktop,2,0,0
1329,330,2024-07-23 12:10:49,organic,mobile,5,0,0
1330,,2024-07-23 13:20:03,organic,mobile,1,0,0
1331,74,2024-07-23 15:23:48,organic,desktop,6,1,0
1332,,2024-07-23 20:20:16,direct,mobile,1,0,0
1333,,2024-07-24 00:06:41,social,desktop,15,0,0
1334,156,2024-07-24 04:29:51,organic,desktop,1,0,0
1335,,2024-07-24 09:03:11,social,tablet,10,0,0
1336,,2024-07-24 21:18:44,social,mobile,1,0,0
1337,,2024-07-24 22:39:41,paid_search,mobile,1,0,0
1338,,2024-07-25 02:07:51,paid_search,desktop,1,0,0
1339,,2024-07-25 03:38:14,social,desktop,15,1,1
1340,18,2024-07-25 05:25:23,organic,desktop,7,0,0
1341,467,2024-07-25 06:20:35,email,desktop,3,0,0
1342,,2024-07-25 13:56:07,paid_search,mobile,1,0,0
1343,,2024-07-25 18:19:58,organic,mobile,5,0,0
1344,494,2024-07-25 21:37:22,social,mobile,1,1,1
1345,511,2024-07-26 13:34:28,referral,mobile,1,1,0
1346,138,2024-07-26 14:25:45,email,desktop,3,0,0
1347,,2024-07-26 21:48:48,direct,desktop,1,0,0
1348,555,2024-07-27 00:18:37,social,mobile,4,1,0
1349,,2024-07-27 04:39:02,direct,desktop,7,0,0
1350,,2024-07-27 11:41:33,email,mobile,4,0,0
1351,171,2024-07-27 18:04:16,organic,mobile,1,0,0
1352,,2024-07-27 21:57:15,social,mobile,10,0,0
1353,,2024-07-28 02:26:48,organic,tablet,9,0,0
1354,,2024-07-28 04:03:42,social,mobile,11,1,0
1355,,2024-07-28 04:15:23,organic,desktop,5,0,0
1356,161,2024-07-28 05:03:44,direct,mobile,1,0,0
1357,333,2024-07-28 05:31:59,direct,mobile,4,1,0
1358,91,2024-07-28 12:24:24,organic,desktop,13,1,1
1359,544,2024-07-28 23:16:17,organic,mobile,2,0,0
1360,79,2024-07-28 23:22:48,social,mobile,1,0,0
1361,,2024-07-29 01:08:48,organic,desktop,3,0,0
1362,,2024-07-29 01:54:33,paid_search,mobile,1,0,0
1363,92,2024-07-29 10:13:20,organic,mobile,1,0,0
1364,,2024-07-29 10:24:28,organic,desktop,11,1,1
1365,,2024-07-30 01:06:22,social,mobile,1,0,0
1366,,2024-07-30 09:18:28,organic,desktop,6,0,0
1367,,2024-07-30 09:43:37,social,mobile,2,0,0
1368,,2024-07-30 13:53:40,paid_search,mobile,1,0,0
1369,,2024-07-30 15:23:53,social,desktop,6,1,1
1370,412,2024-07-31 10:19:14,email,mobile,1,0,0
1371,328,2024-07-31 13:14:29,organic,mobile,19,1,0
1372,,2024-07-31 13:42:28,social,desktop,2,0,0
1373,275,2024-07-31 16:34:07,referral,mobile,3,0,0
1374,520,2024-08-01 01:55:33,social,mobile,8,0,0
1375,,2024-08-01 02:11:28,paid_search,desktop,4,0,0
1376,486,2024-08-01 03:00:33,organic,desktop,9,1,0
1377,495,2024-08-01 03:35:12,paid_search,mobile,3,0,0
1378,,2024-08-01 06:01:41,organic,desktop,8,0,0
1379,,2024-08-01 10:17:39,organic,desktop,2,1,1
1380,,2024-08-01 11:11:11,email,mobile,2,1,0
1381,465,2024-08-01 12:45:00,organic,desktop,1,0,0
1382,549,2024-08-01 12:57:22,organic,desktop,3,0,0
1383,,2024-08-01 20:38:39,direct,mobile,1,0,0
1384,466,2024-08-01 21:12:22,organic,mobile,1,0,0
1385,,2024-08-02 02:04:31,paid_search,desktop,3,0,0
1386,,2024-08-02 05:47:20,direct,mobile,1,0,0
1387,,2024-08-02 11:07:36,social,desktop,4,0,0
1388,,2024-08-02 12:07:12,social,desktop,5,1,0
1389,44,2024-08-02 12:56:18,organic,mobile,20,1,0
1390,,2024-08-02 13:55:26,email,mobile,3,0,0
1391,459,2024-08-02 15:06:54,direct,desktop,1,0,0
1392,465,2024-08-02 16:11:40,email,tablet,3,1,0
1393,,2024-08-02 16:25:35,paid_search,mobile,1,0,0
1394,,2024-08-02 16:39:33,direct,tablet,1,0,0
1395,151,2024-08-02 19:17:47,direct,tablet,1,0,0
1396,,2024-08-02 22:47:10,social,desktop,1,0,0
1397,,2024-08-02 23:31:53,paid_search,mobile,5,1,0
1398,,2024-08-03 00:08:16,social,mobile,3,0,0
1399,272,2024-08-03 00:40:39,social,mobile,1,0,0
1400,,2024-08-03 05:59:40,social,desktop,8,0,0
1401,,2024-08-03 06:16:35,organic,desktop,1,0,0
1402,,2024-08-03 06:50:42,paid_search,mobile,2,0,0
1403,13,2024-08-03 11:50:52,referral,desktop,7,0,0
1404,,2024-08-03 12:29:46,direct,mobile,3,1,0
1405,432,2024-08-03 15:10:48,paid_search,mobile,4,0,0
1406,,2024-08-03 16:13:02,email,mobile,1,0,0
1407,,2024-08-04 05:19:02,organic,mobile,1,0,0
1408,41,2024-08-04 06:23:31,email,desktop,1,0,0
1409,,2024-08-04 13:22:11,direct,mobile,2,0,0
1410,466,2024-08-04 14:16:49,email,desktop,3,0,0
1411,,2024-08-04 18:09:32,organic,desktop,8,0,0
1412,526,2024-08-04 19:50:34,email,desktop,19,0,0
1413,158,2024-08-04 20:00:17,organic,desktop,1,0,0
1414,224,2024-08-04 21:10:49,organic,mobile,6,1,1
1415,,2024-08-04 21:34:04,email,desktop,1,0,0
1416,,2024-08-05 01:00:26,organic,desktop,2,0,0
1417,499,2024-08-05 03:18:24,paid_search,tablet,7,0,0
1418,,2024-08-05 05:50:22,organic,mobile,1,0,0
1419,,2024-08-05 11:49:35,email,mobile,1,0,0
1420,,2024-08-05 15:23:17,direct,desktop,10,0,0
1421,72,2024-08-05 16:06:24,organic,desktop,2,0,0
1422,,2024-08-05 16:17:50,organic,desktop,10,0,0
1423,,2024-08-05 17:31:27,direct,mobile,1,0,0
1424,307,2024-08-05 21:30:09,organic,mobile,3,0,0
1425,467,2024-08-05 22:56:04,paid_search,desktop,3,0,0
1426,,2024-08-06 00:34:46,paid_search,mobile,7,0,0
1427,,2024-08-06 06:26:06,paid_search,desktop,6,0,0
1428,151,2024-08-06 11:53:09,email,mobile,2,0,0
1429,592,2024-08-06 14:05:11,organic,desktop,1,0,0
1430,,2024-08-06 20:56:39,paid_search,mobile,4,0,0
1431,518,2024-08-06 22:22:04,social,mobile,1,0,0
1432,480,2024-08-07 00:38:59,social,desktop,1,0,0
1433,,2024-08-07 03:52:16,referral,mobile,5,0,0
1434,,2024-08-07 06:19:17,referral,mobile,6,0,0
1435,,2024-08-07 09:16:18,organic,desktop,7,1,0
1436,,2024-08-07 13:26:42,paid_search,desktop,1,0,0
1437,,2024-08-07 14:03:10,organic,desktop,2,1,1
1438,232,2024-08-07 16:09:13,email,desktop,1,0,0
1439,66,2024-08-07 19:01:24,social,mobile,9,1,0
1440,90,2024-08-07 19:04:08,organic,mobile,2,0,0
1441,,2024-08-07 20:01:13,direct,mobile,7,0,0
1442,,2024-08-07 23:18:26,email,mobile,5,1,0
1443,307,2024-08-08 06:14:36,social,mobile,1,0,0
1444,478,2024-08-08 08:49:38,referral,mobile,14,1,0
1445,,2024-08-08 08:59:10,referral,desktop,2,1,0
1446,512,2024-08-08 14:05:53,organic,desktop,8,0,0
1447,223,2024-08-08 20:12:55,social,mobile,4,0,0
1448,,2024-08-09 02:12:51,paid_search,tablet,1,0,0
1449,,2024-08-09 09:25:38,paid_search,mobile,4,0,0
1450,348,2024-08-09 10:29:20,email,desktop,1,0,0
1451,384,2024-08-09 15:05:23,paid_search,desktop,1,0,0
1452,,2024-08-09 17:52:05,paid_search,desktop,4,0,0
1453,,2024-08-09 18:14:06,email,mobile,1,1,1
1454,,2024-08-09 19:07:26,social,desktop,1,0,0
1455,,2024-08-10 00:35:30,organic,mobile,1,0,0
1456,,2024-08-10 02:34:13,social,mobile,1,0,0
1457,,2024-08-10 10:33:30,organic,mobile,1,0,0
1458,,2024-08-10 17:45:41,referral,mobile,4,0,0
1459,429,2024-08-10 22:59:05,paid_search,desktop,1,0,0
1460,,2024-08-11 02:44:08,organic,mobile,1,0,0
1461,,2024-08-11 08:28:07,organic,mobile,2,0,0
1462,454,2024-08-11 08:45:10,organic,mobile,1,0,0
1463,551,2024-08-11 09:10:43,organic,mobile,6,1,0
1464,410,2024-08-11 14:33:57,paid_search,tablet,1,1,1
1465,366,2024-08-11 14:34:19,organic,desktop,5,0,0
1466,,2024-08-12 01:12:12,social,mobile,4,0,0
1467,,2024-08-12 02:33:30,email,mobile,5,0,0
1468,232,2024-08-12 08:29:04,referral,tablet,1,0,0
1469,121,2024-08-12 09:32:48,social,desktop,8,0,0
1470,,2024-08-12 12:21:46,social,desktop,3,1,0
1471,,2024-08-12 14:57:23,organic,mobile,1,0,0
1472,,2024-08-12 17:05:53,email,mobile,2,1,0
1473,,2024-08-12 20:02:07,paid_search,tablet,1,0,0
1474,,2024-08-12 20:36:34,social,mobile,12,0,0
1475,272,2024-08-13 00:26:55,paid_search,desktop,8,0,0
1476,64,2024-08-13 03:37:51,paid_search,mobile,2,0,0
1477,198,2024-08-13 15:49:51,paid_search,desktop,1,0,0
1478,,2024-08-14 01:56:21,organic,desktop,6,0,0
1479,368,2024-08-14 05:54:53,paid_search,mobile,4,0,0
1480,,2024-08-14 10:37:23,organic,mobile,1,0,0
1481,219,2024-08-14 14:23:27,social,mobile,1,0,0
1482,,2024-08-14 17:54:05,paid_search,mobile,9,0,0
1483,,2024-08-14 23:24:11,organic,desktop,1,1,1
1484,392,2024-08-15 05:48:53,organic,mobile,8,0,0
1485,21,2024-08-15 10:13:47,email,mobile,4,0,0
1486,252,2024-08-15 13:24:32,organic,mobile,1,0,0
1487,,2024-08-15 19:24:16,organic,tablet,5,0,0
1488,,2024-08-15 20:54:16,organic,mobile,1,0,0
1489,,2024-08-15 23:56:00,organic,desktop,11,0,0
1490,9,2024-08-16 01:49:03,organic,desktop,37,1,0
1491,,2024-08-16 03:14:16,organic,mobile,1,0,0
1492,455,2024-08-16 15:38:05,organic,mobile,1,0,0
1493,,2024-08-16 17:01:21,direct,desktop,3,0,0
1494,,2024-08-16 18:47:17,organic,desktop,8,1,1
1495,,2024-08-17 01:46:46,organic,desktop,1,0,0
1496,,2024-08-17 03:14:06,paid_search,mobile,6,0,0
1497,,2024-08-17 03:56:52,social,tablet,1,0,0
1498,549,2024-08-17 07:05:46,social,mobile,5,0,0
1499,422,2024-08-17 07:55:13,email,mobile,1,0,0
1500,329,2024-08-17 10:03:24,email,mobile,4,0,0
1501,,2024-08-17 16:26:02,referral,mobile,9,1,1
1502,,2024-08-17 20:24:03,paid_search,tablet,4,0,0
1503,,2024-08-17 20:53:56,email,mobile,1,1,0
1504,,2024-08-18 00:29:10,organic,desktop,1,0,0
1505,56,2024-08-18 01:26:03,organic,tablet,14,1,1
1506,168,2024-08-18 05:35:44,organic,mobile,9,0,0
1507,78,2024-08-18 15:15:20,direct,desktop,9,0,0
1508,,2024-08-18 16:37:14,email,desktop,2,0,0
1509,,2024-08-18 18:48:06,referral,mobile,1,0,0
1510,436,2024-08-18 18:58:07,email,mobile,7,0,0
1511,334,2024-08-18 21:50:56,paid_search,mobile,1,0,0
1512,576,2024-08-19 00:52:27,email,mobile,11,0,0
1513,188,2024-08-19 02:10:58,organic,mobile,2,0,0
1514,,2024-08-19 03:48:03,social,mobile,2,0,0
1515,,2024-08-19 04:10:06,paid_search,desktop,4,0,0
1516,,2024-08-19 04:55:36,referral,mobile,3,0,0
1517,176,2024-08-19 07:58:38,paid_search,mobile,11,0,0
1518,,2024-08-19 14:43:25,organic,mobile,3,0,0
1519,,2024-08-19 16:28:56,social,desktop,6,0,0
1520,485,2024-08-19 18:35:02,paid_search,desktop,1,0,0
1521,,2024-08-19 18:43:24,paid_search,mobile,3,1,1
1522,,2024-08-19 20:42:18,direct,desktop,2,0,0
1523,,2024-08-19 20:55:58,paid_search,mobile,3,1,0
1524,452,2024-08-20 00:32:52,paid_search,desktop,2,0,0
1525,497,2024-08-20 02:07:48,social,desktop,9,1,1
1526,,2024-08-20 10:40:16,organic,mobile,7,1,1
1527,,2024-08-20 16:43:35,referral,desktop,1,0,0
1528,,2024-08-20 17:15:51,organic,mobile,1,0,0
1529,,2024-08-21 14:03:32,organic,mobile,3,0,0
1530,,2024-08-21 14:24:09,organic,mobile,1,0,0
1531,163,2024-08-21 19:38:14,organic,mobile,4,0,0
1532,,2024-08-21 21:52:14,social,mobile,1,0,0
1533,,2024-08-22 05:47:47,social,mobile,4,0,0
1534,280,2024-08-22 06:44:05,organic,mobile,1,1,0
1535,,2024-08-22 07:06:11,direct,mobile,11,0,0
1536,279,2024-08-22 09:27:44,organic,desktop,1,0,0
1537,568,2024-08-22 14:23:01,paid_search,desktop,2,0,0
1538,409,2024-08-22 15:03:05,email,desktop,9,1,1
1539,363,2024-08-23 00:20:58,organic,mobile,7,1,0
1540,,2024-08-23 03:25:57,organic,mobile,3,0,0
1541,257,2024-08-23 07:44:21,email,mobile,1,0,0
1542,256,2024-08-23 08:35:10,social,mobile,2,0,0
1543,,2024-08-23 12:21:26,paid_search,desktop,1,0,0
1544,374,2024-08-23 16:20:57,direct,mobile,1,0,0
1545,,2024-08-23 18:55:44,organic,mobile,1,0,0
1546,28,2024-08-23 23:12:46,social,desktop,5,0,0
1547,,2024-08-24 01:13:31,social,mobile,3,0,0
1548,,2024-08-24 03:49:22,organic,mobile,6,0,0
1549,,2024-08-24 09:27:06,paid_search,tablet,2,0,0
1550,79,2024-08-24 10:12:26,referral,desktop,10,0,0
1551,,2024-08-25 04:43:20,organic,mobile,3,0,0
1552,,2024-08-25 04:47:37,social,mobile,1,0,0
1553,37,2024-08-25 05:56:52,direct,desktop,1,0,0
1554,501,2024-08-25 11:31:23,social,mobile,1,0,0
1555,,2024-08-25 18:08:18,social,desktop,1,0,0
1556,,2024-08-25 22:08:22,paid_search,mobile,1,1,0
1557,,2024-08-25 22:42:49,direct,mobile,5,0,0
1558,56,2024-08-26 03:45:55,direct,tablet,9,0,0
1559,559,2024-08-26 07:02:01,paid_search,desktop,6,1,0
1560,,2024-08-26 13:15:59,organic,mobile,7,0,0
1561,327,2024-08-26 16:22:31,organic,tablet,18,1,1
1562,333,2024-08-27 00:50:46,social,mobile,2,0,0
1563,264,2024-08-27 01:18:26,organic,desktop,9,1,0
1564,39,2024-08-27 02:17:53,organic,mobile,5,0,0
1565,12,2024-08-27 03:36:15,direct,mobile,1,0,0
1566,,2024-08-27 13:56:37,email,mobile,6,0,0
1567,228,2024-08-27 15:48:59,organic,mobile,1,0,0
1568,531,2024-08-27 21:11:57,paid_search,mobile,3,0,0
1569,,2024-08-27 21:31:59,referral,desktop,4,1,0
1570,151,2024-08-28 00:39:20,social,desktop,13,1,0
1571,,2024-08-28 03:05:19,direct,mobile,1,0,0
1572,,2024-08-28 04:28:08,organic,desktop,1,0,0
1573,362,2024-08-28 05:59:44,paid_search,tablet,2,0,0
1574,,2024-08-28 08:16:32,paid_search,mobile,1,0,0
1575,156,2024-08-28 21:20:51,organic,tablet,12,1,0
1576,,2024-08-29 00:29:18,social,desktop,4,0,0
1577,,2024-08-29 02:33:18,paid_search,mobile,2,0,0
1578,205,2024-08-29 03:33:58,organic,desktop,2,0,0
1579,,2024-08-29 04:56:03,organic,mobile,4,1,0
1580,161,2024-08-29 08:57:44,organic,mobile,1,0,0
1581,,2024-08-29 09:56:36,paid_search,mobile,2,0,0
1582,,2024-08-29 11:21:37,social,mobile,3,0,0
1583,,2024-08-29 11:22:46,email,mobile,1,0,0
1584,,2024-08-29 11:48:14,organic,desktop,1,1,1
1585,,2024-08-29 14:22:30,direct,mobile,2,0,0
1586,,2024-08-29 14:42:59,organic,tablet,1,0,0
1587,205,2024-08-29 23:50:41,organic,desktop,1,0,0
1588,372,2024-08-30 02:48:31,paid_search,mobile,1,0,0
1589,308,2024-08-30 05:06:47,social,mobile,2,0,0
1590,105,2024-08-30 08:41:07,direct,desktop,11,0,0
1591,93,2024-08-31 06:10:10,direct,mobile,1,0,0
1592,,2024-08-31 11:06:05,email,desktop,4,1,0
1593,,2024-08-31 13:10:40,referral,desktop,3,0,0
1594,445,2024-08-31 13:22:32,paid_search,desktop,1,0,0
1595,,2024-08-31 14:22:15,social,tablet,5,0,0
1596,,2024-09-01 12:05:53,email,mobile,1,1,0
1597,,2024-09-01 12:36:09,direct,mobile,2,0,0
1598,,2024-09-01 12:54:51,organic,desktop,2,0,0
1599,,2024-09-01 14:00:04,organic,mobile,8,1,0
1600,,2024-09-01 20:51:00,organic,desktop,5,0,0
1601,,2024-09-01 23:34:36,email,desktop,2,0,0
1602,357,2024-09-01 23:40:25,social,desktop,17,1,1
1603,143,2024-09-02 03:01:28,email,desktop,3,1,0
1604,462,2024-09-02 05:15:05,organic,mobile,7,0,0
1605,326,2024-09-02 09:26:08,organic,desktop,1,0,0
1606,,2024-09-02 09:31:15,social,tablet,9,0,0
1607,,2024-09-02 11:38:07,organic,desktop,14,1,1
1608,433,2024-09-02 17:15:22,organic,desktop,3,0,0
1609,,2024-09-02 20:38:32,email,desktop,14,1,0
1610,321,2024-09-02 23:39:03,social,mobile,4,1,0
1611,,2024-09-02 23:43:15,paid_search,desktop,1,0,0
1612,,2024-09-03 04:55:00,organic,desktop,5,0,0
1613,,2024-09-03 10:06:18,paid_search,mobile,2,0,0
1614,235,2024-09-03 10:56:25,organic,mobile,2,0,0
1615,,2024-09-03 15:20:09,organic,desktop,13,0,0
1616,512,2024-09-03 22:54:04,referral,desktop,8,1,1
1617,,2024-09-04 00:08:45,organic,mobile,3,0,0
1618,,2024-09-04 01:09:19,direct,mobile,4,0,0
1619,,2024-09-04 01:57:32,social,mobile,1,0,0
1620,,2024-09-04 02:00:08,email,tablet,1,0,0
1621,,2024-09-04 03:55:55,paid_search,desktop,13,0,0
1622,425,2024-09-04 05:11:37,organic,mobile,16,1,1
1623,257,2024-09-04 06:52:46,organic,desktop,3,0,0
1624,554,2024-09-04 07:14:39,paid_search,mobile,8,0,0
1625,,2024-09-04 09:53:01,referral,desktop,2,0,0
1626,,2024-09-04 14:49:06,social,desktop,1,0,0
1627,561,2024-09-04 19:49:56,paid_search,mobile,2,0,0
1628,138,2024-09-04 20:00:07,direct,desktop,1,0,0
1629,,2024-09-04 22:30:52,organic,desktop,6,1,0
1630,,2024-09-05 02:37:26,social,desktop,1,0,0
1631,,2024-09-05 03:37:26,direct,desktop,8,0,0
1632,99,2024-09-05 04:03:48,organic,desktop,6,1,0
1633,,2024-09-05 05:48:41,email,desktop,1,0,0
1634,31,2024-09-05 07:52:51,paid_search,mobile,2,0,0
1635,225,2024-09-05 09:56:11,organic,tablet,7,1,0
1636,551,2024-09-05 16:44:00,paid_search,mobile,6,0,0
1637,,2024-09-05 18:41:30,organic,mobile,4,0,0
1638,,2024-09-05 20:13:58,organic,mobile,1,0,0
1639,,2024-09-06 03:40:13,organic,desktop,2,0,0
1640,,2024-09-06 07:23:57,email,desktop,10,0,0
1641,,2024-09-06 07:24:58,email,desktop,1,0,0
1642,35,2024-09-06 09:15:40,paid_search,tablet,1,0,0
1643,,2024-09-06 13:24:39,organic,mobile,5,0,0
1644,,2024-09-06 14:03:36,direct,desktop,1,0,0
1645,370,2024-09-06 17:43:42,referral,mobile,1,0,0
1646,373,2024-09-06 18:32:03,paid_search,desktop,14,0,0
1647,584,2024-09-06 22:59:13,organic,mobile,3,0,0
1648,,2024-09-06 23:03:32,direct,mobile,8,0,0
1649,4,2024-09-07 00:01:39,organic,mobile,1,0,0
1650,,2024-09-07 01:58:12,paid_search,desktop,14,0,0
1651,,2024-09-07 07:32:38,social,desktop,5,0,0
1652,,2024-09-07 16:18:42,social,tablet,3,0,0
1653,,2024-09-07 16:25:50,organic,desktop,1,0,0
1654,,2024-09-07 19:37:53,direct,mobile,1,0,0
1655,120,2024-09-07 21:52:02,referral,mobile,2,0,0
1656,,2024-09-08 00:09:53,paid_search,desktop,5,0,0
1657,57,2024-09-08 06:04:48,social,mobile,1,0,0
1658,,2024-09-08 06:05:58,organic,desktop,4,0,0
1659,,2024-09-08 11:15:35,referral,mobile,6,0,0
1660,,2024-09-08 16:23:34,organic,mobile,3,0,0
1661,228,2024-09-08 18:33:16,paid_search,tablet,4,1,1
1662,239,2024-09-08 19:30:52,paid_search,mobile,11,1,0
1663,439,2024-09-08 19:44:28,organic,mobile,1,0,0
1664,,2024-09-08 20:51:43,direct,tablet,1,1,0
1665,,2024-09-09 02:12:48,social,mobile,6,1,1
1666,315,2024-09-09 03:15:45,direct,desktop,6,0,0
1667,,2024-09-09 03:16:14,organic,desktop,13,1,0
1668,,2024-09-09 03:43:47,social,mobile,2,0,0
1669,123,2024-09-09 04:21:20,organic,mobile,2,0,0
1670,,2024-09-09 06:03:08,social,mobile,3,1,0
1671,380,2024-09-09 11:08:20,organic,mobile,6,0,0
1672,71,2024-09-09 15:37:02,organic,desktop,4,1,0
1673,461,2024-09-09 15:44:25,organic,desktop,8,0,0
1674,,2024-09-09 17:34:32,direct,mobile,2,0,0
1675,120,2024-09-09 17:47:03,paid_search,mobile,1,0,0
1676,251,2024-09-10 01:22:21,paid_search,mobile,5,0,0
1677,10,2024-09-10 01:46:23,organic,desktop,2,0,0
1678,,2024-09-10 02:19:05,direct,mobile,2,0,0
1679,,2024-09-10 09:23:02,paid_search,mobile,2,1,0
1680,,2024-09-10 10:05:37,direct,mobile,4,0,0
1681,,2024-09-10 13:46:21,referral,mobile,5,0,0
1682,,2024-09-10 16:26:39,paid_search,mobile,8,1,0
1683,161,2024-09-10 17:38:06,social,mobile,1,0,0
1684,65,2024-09-10 18:14:47,organic,mobile,6,1,1
1685,299,2024-09-10 18:56:45,social,mobile,1,0,0
1686,238,2024-09-11 03:25:26,email,mobile,2,1,0
1687,48,2024-09-11 04:27:21,organic,mobile,2,0,0
1688,274,2024-09-11 09:51:52,organic,desktop,2,0,0
1689,,2024-09-11 13:18:57,paid_search,mobile,1,0,0
1690,,2024-09-11 13:25:10,paid_search,mobile,5,0,0
1691,,2024-09-11 13:58:10,email,desktop,4,0,0
1692,,2024-09-11 20:17:18,paid_search,mobile,3,0,0
1693,,2024-09-12 05:31:34,organic,mobile,6,0,0
1694,,2024-09-12 11:22:53,paid_search,mobile,5,0,0
1695,,2024-09-12 11:23:16,referral,desktop,4,0,0
1696,121,2024-09-12 16:31:32,social,desktop,1,0,0
1697,515,2024-09-12 16:35:49,paid_search,mobile,2,1,0
1698,,2024-09-12 21:31:24,referral,desktop,24,1,1
1699,339,2024-09-12 23:30:54,social,mobile,13,1,0
1700,,2024-09-13 01:22:59,paid_search,tablet,2,0,0
1701,,2024-09-13 02:07:12,email,desktop,3,1,0
1702,497,2024-09-13 03:38:45,organic,mobile,2,1,0
1703,,2024-09-13 03:41:34,paid_search,mobile,1,0,0
1704,,2024-09-13 07:58:25,direct,mobile,10,0,0
1705,254,2024-09-13 10:55:29,organic,desktop,1,0,0
1706,,2024-09-13 16:14:22,paid_search,desktop,6,0,0
1707,128,2024-09-13 16:39:32,paid_search,tablet,3,0,0
1708,,2024-09-13 21:10:05,organic,mobile,4,1,0
1709,595,2024-09-13 21:34:23,paid_search,desktop,5,0,0
1710,257,2024-09-13 21:36:36,direct,mobile,1,0,0
1711,,2024-09-13 23:22:30,paid_search,mobile,2,0,0
1712,,2024-09-14 04:34:06,social,desktop,1,0,0
1713,,2024-09-14 08:38:35,referral,desktop,6,0,0
1714,,2024-09-14 15:56:36,paid_search,desktop,1,0,0
1715,,2024-09-14 18:13:04,organic,desktop,19,0,0
1716,263,2024-09-14 22:38:52,referral,tablet,1,0,0
1717,434,2024-09-14 22:57:22,organic,desktop,7,1,1
1718,,2024-09-15 02:04:07,paid_search,desktop,1,0,0
1719,214,2024-09-15 05:02:14,email,desktop,1,0,0
1720,,2024-09-15 11:00:16,organic,mobile,1,0,0
1721,,2024-09-15 20:43:38,email,tablet,2,0,0
1722,,2024-09-15 21:34:25,organic,desktop,10,0,0
1723,,2024-09-15 21:56:14,referral,tablet,3,0,0
1724,,2024-09-16 05:04:34,paid_search,mobile,1,0,0
1725,338,2024-09-16 06:21:52,paid_search,mobile,1,0,0
1726,,2024-09-16 09:49:55,organic,desktop,18,1,1
1727,15,2024-09-16 10:22:26,direct,desktop,3,0,0
1728,,2024-09-16 10:30:21,referral,mobile,11,1,0
1729,277,2024-09-16 16:57:04,direct,mobile,1,0,0
1730,287,2024-09-16 19:32:40,email,desktop,3,0,0
1731,,2024-09-16 19:55:15,paid_search,mobile,8,0,0
1732,61,2024-09-16 20:36:53,paid_search,desktop,13,0,0
1733,,2024-09-17 00:10:11,direct,mobile,12,0,0
1734,535,2024-09-17 00:28:23,direct,mobile,3,0,0
1735,557,2024-09-17 02:34:48,organic,mobile,6,0,0
1736,,2024-09-17 07:43:03,social,mobile,1,0,0
1737,,2024-09-17 07:48:00,social,mobile,1,0,0
1738,,2024-09-17 10:33:01,organic,mobile,13,0,0
1739,265,2024-09-17 11:35:25,social,desktop,1,1,1
1740,195,2024-09-17 11:53:09,paid_search,desktop,4,0,0
1741,316,2024-09-17 22:51:57,direct,desktop,8,0,0
1742,358,2024-09-18 00:11:22,email,desktop,2,0,0
1743,,2024-09-18 00:19:00,social,mobile,1,0,0
1744,583,2024-09-18 00:48:37,social,desktop,10,0,0
1745,557,2024-09-18 02:48:17,organic,desktop,9,1,0
1746,,2024-09-18 06:06:21,organic,desktop,2,1,0
1747,,2024-09-18 19:13:58,direct,mobile,1,0,0
1748,61,2024-09-18 22:12:16,direct,mobile,4,0,0
1749,,2024-09-18 22:27:48,organic,mobile,7,0,0
1750,577,2024-09-19 03:06:14,referral,desktop,1,0,0
1751,,2024-09-19 03:07:18,organic,mobile,4,1,1
1752,,2024-09-19 03:10:34,social,desktop,12,1,0
1753,316,2024-09-19 03:25:58,paid_search,desktop,5,0,0
1754,,2024-09-19 07:51:53,organic,tablet,1,0,0
1755,,2024-09-19 09:05:30,direct,tablet,1,0,0
1756,38,2024-09-19 09:35:39,organic,desktop,1,0,0
1757,,2024-09-19 12:12:34,paid_search,mobile,2,0,0
1758,,2024-09-19 12:29:24,direct,mobile,1,0,0
1759,460,2024-09-19 14:09:05,email,mobile,5,0,0
1760,,2024-09-19 15:50:07,direct,desktop,1,0,0
1761,,2024-09-19 20:40:16,organic,mobile,1,0,0
1762,,2024-09-20 01:14:03,organic,desktop,5,0,0
1763,,2024-09-20 11:05:21,paid_search,mobile,1,0,0
1764,388,2024-09-20 12:01:41,organic,tablet,2,1,1
1765,192,2024-09-20 13:12:40,referral,desktop,19,1,1
1766,,2024-09-20 13:24:55,direct,desktop,3,0,0
1767,,2024-09-20 17:41:31,email,desktop,3,0,0
1768,,2024-09-20 18:50:32,paid_search,desktop,16,0,0
1769,,2024-09-20 20:03:21,organic,mobile,1,0,0
1770,,2024-09-20 22:17:51,email,desktop,8,0,0
1771,358,2024-09-20 22:20:37,social,desktop,6,0,0
1772,,2024-09-21 02:13:05,social,mobile,1,0,0
1773,211,2024-09-21 02:28:05,social,desktop,19,0,0
1774,470,2024-09-21 02:39:04,paid_search,mobile,2,0,0
1775,355,2024-09-21 03:05:06,social,desktop,2,0,0
1776,560,2024-09-21 05:20:09,paid_search,mobile,7,1,1
1777,,2024-09-21 05:57:16,referral,tablet,11,0,0
1778,255,2024-09-21 09:40:11,email,mobile,1,0,0
1779,326,2024-09-21 15:38:24,organic,desktop,10,0,0
1780,,2024-09-21 18:19:07,organic,desktop,1,0,0
1781,,2024-09-21 22:04:12,email,desktop,13,1,0
1782,187,2024-09-21 22:48:52,organic,mobile,2,0,0
1783,,2024-09-21 23:51:12,paid_search,mobile,4,0,0
1784,,2024-09-21 23:52:11,social,desktop,1,0,0
1785,,2024-09-22 04:33:07,referral,desktop,1,0,0
1786,8,2024-09-22 08:06:06,paid_search,mobile,1,0,0
1787,126,2024-09-22 11:11:34,email,mobile,1,1,0
1788,,2024-09-22 12:19:14,organic,desktop,1,0,0
1789,,2024-09-22 12:49:23,paid_search,mobile,1,0,0
1790,,2024-09-22 16:31:55,social,desktop,1,0,0
1791,,2024-09-22 19:39:44,organic,mobile,4,0,0
1792,,2024-09-22 20:10:47,social,mobile,1,0,0
1793,,2024-09-22 22:16:59,organic,mobile,1,0,0
1794,,2024-09-23 03:18:06,organic,desktop,6,0,0
1795,,2024-09-23 03:34:02,direct,desktop,1,1,0
1796,399,2024-09-23 07:39:25,paid_search,mobile,22,0,0
1797,356,2024-09-23 08:20:26,organic,desktop,4,0,0
1798,,2024-09-23 18:42:19,direct,mobile,1,0,0
1799,71,2024-09-23 22:34:41,social,desktop,6,0,0
1800,350,2024-09-23 23:52:43,paid_search,desktop,2,1,1
1801,,2024-09-24 00:26:47,organic,mobile,5,0,0
1802,241,2024-09-24 12:39:26,paid_search,mobile,1,0,0
1803,,2024-09-24 21:30:28,paid_search,mobile,8,1,0
1804,,2024-09-25 01:26:50,paid_search,desktop,16,1,1
1805,192,2024-09-25 02:33:56,email,mobile,1,0,0
1806,481,2024-09-25 06:13:39,referral,desktop,1,0,0
1807,454,2024-09-25 11:47:09,email,mobile,5,1,0
1808,464,2024-09-25 16:14:48,social,desktop,15,1,0
1809,,2024-09-25 16:23:45,paid_search,mobile,2,0,0
1810,,2024-09-25 21:16:26,social,mobile,1,0,0
1811,161,2024-09-25 23:20:56,social,mobile,3,0,0
1812,,2024-09-26 03:17:53,organic,mobile,14,1,0
1813,25,2024-09-26 04:17:46,organic,tablet,1,0,0
1814,,2024-09-26 05:56:06,social,tablet,8,1,0
1815,,2024-09-26 12:56:26,organic,desktop,7,0,0
1816,,2024-09-26 17:24:56,direct,mobile,1,1,1
1817,,2024-09-26 17:32:53,social,mobile,6,0,0
1818,436,2024-09-26 19:17:29,organic,mobile,1,0,0
1819,,2024-09-26 20:55:54,organic,desktop,2,0,0
1820,,2024-09-27 00:23:15,organic,mobile,1,0,0
1821,208,2024-09-27 03:33:52,direct,mobile,5,0,0
1822,237,2024-09-27 04:14:28,email,mobile,1,0,0
1823,,2024-09-27 07:18:27,organic,mobile,1,0,0
1824,343,2024-09-27 14:56:46,organic,desktop,1,0,0
1825,,2024-09-27 16:32:56,organic,mobile,1,0,0
1826,391,2024-09-27 16:45:19,email,mobile,1,1,0
1827,39,2024-09-27 21:42:08,organic,mobile,1,0,0
1828,,2024-09-28 00:31:37,social,desktop,2,1,0
1829,,2024-09-28 01:25:40,paid_search,mobile,4,0,0
1830,,2024-09-28 06:12:17,organic,desktop,4,0,0
1831,,2024-09-28 06:17:50,social,mobile,1,0,0
1832,444,2024-09-28 07:10:01,email,mobile,8,1,0
1833,,2024-09-28 07:45:45,social,mobile,3,0,0
1834,360,2024-09-28 11:27:02,paid_search,desktop,12,0,0
1835,,2024-09-28 13:50:58,direct,mobile,2,0,0
1836,102,2024-09-28 14:44:30,organic,mobile,7,0,0
1837,,2024-09-28 20:48:30,email,mobile,3,0,0
1838,,2024-09-29 00:45:06,organic,mobile,5,0,0
1839,397,2024-09-29 06:38:48,email,mobile,1,0,0
1840,,2024-09-29 10:17:39,organic,mobile,6,0,0
1841,430,2024-09-29 13:50:05,social,desktop,13,1,1
1842,212,2024-09-29 17:19:46,paid_search,tablet,2,1,1
1843,265,2024-09-29 19:48:41,organic,mobile,2,0,0
1844,,2024-09-29 20:28:44,organic,desktop,1,0,0
1845,370,2024-09-30 00:10:32,organic,mobile,7,0,0
1846,,2024-09-30 03:46:49,social,mobile,1,0,0
1847,168,2024-09-30 06:14:49,paid_search,tablet,7,0,0
1848,,2024-09-30 07:45:51,paid_search,tablet,1,0,0
1849,402,2024-09-30 10:34:40,direct,mobile,12,0,0
1850,315,2024-09-30 13:56:25,organic,desktop,7,1,0
1851,,2024-09-30 18:19:50,email,tablet,1,0,0
1852,413,2024-09-30 18:30:18,social,desktop,3,0,0
1853,,2024-09-30 21:49:55,email,desktop,2,0,0
1854,,2024-10-01 01:56:07,organic,mobile,1,1,1
1855,40,2024-10-01 02:09:18,organic,desktop,4,0,0
1856,,2024-10-01 03:08:21,organic,desktop,1,0,0
1857,560,2024-10-01 10:26:25,organic,desktop,1,0,0
1858,512,2024-10-01 12:38:57,paid_search,desktop,5,0,0
1859,,2024-10-01 14:38:24,direct,mobile,2,0,0
1860,,2024-10-01 15:23:21,paid_search,mobile,1,0,0
1861,,2024-10-01 16:43:59,organic,mobile,1,0,0
1862,,2024-10-01 17:29:11,direct,mobile,4,0,0
1863,,2024-10-01 17:37:29,social,desktop,4,0,0
1864,,2024-10-02 00:25:56,social,mobile,4,1,1
1865,451,2024-10-02 00:29:03,paid_search,desktop,1,0,0
1866,,2024-10-02 06:04:41,email,mobile,1,1,1
1867,,2024-10-02 09:21:54,direct,mobile,7,1,1
1868,458,2024-10-02 10:15:14,email,mobile,10,1,0
1869,,2024-10-02 12:50:20,social,tablet,1,0,0
1870,76,2024-10-02 13:03:07,direct,desktop,3,0,0
1871,,2024-10-02 13:07:03,paid_search,desktop,1,0,0
1872,,2024-10-02 22:03:38,organic,desktop,2,0,0
1873,499,2024-10-03 00:21:48,social,desktop,11,1,1
1874,,2024-10-03 03:27:36,organic,desktop,8,0,0
1875,53,2024-10-03 05:36:39,social,mobile,2,0,0
1876,,2024-10-03 08:24:08,paid_search,desktop,2,0,0
1877,2,2024-10-03 12:46:01,email,tablet,4,1,1
1878,320,2024-10-03 14:36:13,organic,mobile,2,0,0
1879,,2024-10-03 16:17:46,organic,mobile,3,0,0
1880,204,2024-10-03 18:42:42,organic,mobile,1,0,0
1881,554,2024-10-03 19:23:26,social,desktop,17,1,1
1882,27,2024-10-03 19:32:40,direct,desktop,5,0,0
1883,,2024-10-03 21:01:16,paid_search,mobile,14,0,0
1884,7,2024-10-03 21:25:22,organic,desktop,6,0,0
1885,,2024-10-03 21:42:53,organic,desktop,1,0,0
1886,331,2024-10-03 22:02:43,paid_search,mobile,1,0,0
1887,,2024-10-03 23:10:38,social,desktop,9,0,0
1888,586,2024-10-04 02:08:26,social,desktop,3,0,0
1889,,2024-10-04 03:49:06,referral,desktop,1,0,0
1890,,2024-10-04 13:40:56,organic,mobile,4,0,0
1891,494,2024-10-04 19:29:49,organic,desktop,1,1,0
1892,,2024-10-04 19:54:22,paid_search,mobile,1,0,0
1893,,2024-10-04 21:19:44,social,tablet,3,0,0
1894,575,2024-10-04 22:17:10,organic,mobile,7,0,0
1895,,2024-10-05 02:49:34,direct,mobile,1,0,0
1896,,2024-10-05 04:26:11,organic,desktop,2,0,0
1897,,2024-10-05 05:41:21,organic,mobile,6,0,0
1898,,2024-10-05 08:21:53,social,mobile,1,0,0
1899,,2024-10-05 08:34:38,paid_search,mobile,6,0,0
1900,,2024-10-05 16:57:01,paid_search,desktop,1,0,0
1901,273,2024-10-05 18:01:59,paid_search,mobile,1,0,0
1902,303,2024-10-05 19:17:13,direct,mobile,2,0,0
1903,,2024-10-05 19:42:46,paid_search,mobile,3,1,1
1904,103,2024-10-05 21:55:21,direct,mobile,5,1,1
1905,160,2024-10-06 01:12:00,direct,desktop,14,0,0
1906,159,2024-10-06 04:23:03,paid_search,mobile,4,0,0
1907,61,2024-10-06 08:43:54,paid_search,desktop,1,0,0
1908,,2024-10-06 09:21:46,organic,mobile,4,0,0
1909,589,2024-10-06 09:48:30,referral,mobile,6,1,0
1910,,2024-10-06 11:52:01,referral,mobile,1,1,0
1911,500,2024-10-06 15:09:16,referral,mobile,2,0,0
1912,,2024-10-06 17:51:56,social,mobile,1,0,0
1913,44,2024-10-06 20:08:58,referral,desktop,2,1,0
1914,,2024-10-07 00:46:56,direct,desktop,3,0,0
1915,,2024-10-07 00:52:55,organic,desktop,6,0,0
1916,,2024-10-07 04:33:47,direct,mobile,2,0,0
1917,,2024-10-07 05:52:21,email,mobile,3,0,0
1918,,2024-10-07 08:30:56,organic,mobile,6,0,0
1919,320,2024-10-07 08:59:40,direct,mobile,1,0,0
1920,495,2024-10-07 12:26:49,organic,desktop,2,0,0
1921,,2024-10-07 15:00:02,organic,mobile,1,0,0
1922,575,2024-10-07 16:31:06,referral,desktop,5,0,0
1923,362,2024-10-07 17:46:04,organic,mobile,1,0,0
1924,71,2024-10-07 19:09:04,direct,tablet,1,0,0
1925,,2024-10-07 23:06:51,social,desktop,1,0,0
1926,,2024-10-08 00:52:40,organic,desktop,2,0,0
1927,318,2024-10-08 07:37:21,social,mobile,1,0,0
1928,,2024-10-08 10:25:26,paid_search,mobile,1,0,0
1929,,2024-10-08 11:55:41,organic,mobile,1,0,0
1930,,2024-10-08 18:15:54,organic,mobile,2,1,0
1931,108,2024-10-08 21:00:49,organic,mobile,1,0,0
1932,19,2024-10-09 00:32:12,organic,desktop,5,0,0
1933,,2024-10-09 04:35:43,referral,mobile,3,1,0
1934,,2024-10-09 05:07:12,email,desktop,4,1,1
1935,,2024-10-09 07:58:57,social,desktop,8,0,0
1936,93,2024-10-09 08:57:59,direct,mobile,3,0,0
1937,,2024-10-09 11:10:58,organic,mobile,2,0,0
1938,,2024-10-09 12:27:02,email,mobile,3,1,0
1939,297,2024-10-09 13:57:28,organic,mobile,5,0,0
1940,438,2024-10-09 18:05:45,organic,desktop,10,0,0
1941,,2024-10-09 20:05:04,paid_search,mobile,3,0,0
1942,,2024-10-09 20:49:42,direct,mobile,9,0,0
1943,,2024-10-09 21:57:27,paid_search,desktop,8,1,1
1944,225,2024-10-10 00:09:53,organic,desktop,5,1,0
1945,,2024-10-10 01:35:23,organic,desktop,4,0,0
1946,55,2024-10-10 02:27:59,direct,desktop,3,0,0
1947,,2024-10-10 02:37:37,organic,desktop,1,0,0
1948,,2024-10-10 16:15:40,paid_search,desktop,10,0,0
1949,101,2024-10-10 17:32:46,organic,mobile,1,0,0
1950,,2024-10-10 19:58:48,social,mobile,3,0,0
1951,,2024-10-10 22:34:12,paid_search,mobile,2,0,0
1952,338,2024-10-11 01:34:31,paid_search,desktop,1,0,0
1953,,2024-10-11 03:24:22,paid_search,mobile,4,0,0
1954,,2024-10-11 04:22:57,organic,desktop,5,0,0
1955,,2024-10-11 05:14:36,paid_search,mobile,2,0,0
1956,,2024-10-11 12:32:42,direct,desktop,3,0,0
1957,323,2024-10-11 12:44:28,paid_search,desktop,2,0,0
1958,,2024-10-11 23:01:23,referral,desktop,2,0,0
1959,594,2024-10-12 04:43:31,organic,mobile,3,0,0
1960,,2024-10-12 06:50:36,social,mobile,1,0,0
1961,543,2024-10-12 06:51:32,paid_search,mobile,7,0,0
1962,,2024-10-12 12:09:14,paid_search,mobile,1,0,0
1963,458,2024-10-12 14:21:10,direct,mobile,1,0,0
1964,,2024-10-12 16:35:18,direct,mobile,1,0,0
1965,,2024-10-12 19:02:19,social,mobile,2,0,0
1966,,2024-10-12 21:10:39,organic,desktop,2,0,0
1967,,2024-10-13 00:50:50,direct,desktop,1,0,0
1968,,2024-10-13 20:16:46,organic,desktop,6,0,0
1969,,2024-10-13 21:23:03,organic,desktop,4,0,0
1970,,2024-10-13 21:56:18,referral,desktop,1,0,0
1971,,2024-10-13 22:46:15,organic,tablet,1,0,0
1972,423,2024-10-14 01:12:17,organic,desktop,3,0,0
1973,248,2024-10-14 02:08:09,organic,desktop,6,1,0
1974,369,2024-10-14 05:02:22,email,mobile,9,1,0
1975,397,2024-10-14 05:33:04,organic,desktop,7,0,0
1976,,2024-10-14 06:47:08,organic,mobile,12,0,0
1977,,2024-10-14 11:25:35,paid_search,mobile,10,1,1
1978,,2024-10-14 12:14:26,paid_search,mobile,1,0,0
1979,377,2024-10-14 12:21:27,organic,desktop,2,0,0
1980,,2024-10-14 13:12:21,direct,mobile,2,1,0
1981,,2024-10-14 14:09:11,organic,mobile,12,1,0
1982,232,2024-10-14 14:46:34,social,desktop,8,1,1
1983,397,2024-10-14 15:14:45,direct,mobile,1,0,0
1984,,2024-10-14 21:35:25,paid_search,desktop,1,0,0
1985,,2024-10-15 00:55:44,organic,mobile,1,1,0
1986,,2024-10-15 07:48:14,paid_search,mobile,11,1,1
1987,,2024-10-15 07:56:02,social,mobile,2,0,0
1988,,2024-10-15 11:38:40,paid_search,mobile,4,1,0
1989,,2024-10-15 15:15:44,social,desktop,2,1,0
1990,531,2024-10-15 16:03:41,direct,mobile,2,0,0
1991,243,2024-10-15 17:23:02,organic,mobile,1,0,0
1992,361,2024-10-15 17:32:08,paid_search,desktop,9,1,1
1993,,2024-10-15 22:49:53,paid_search,mobile,2,0,0
1994,,2024-10-16 00:00:17,direct,mobile,4,0,0
1995,,2024-10-16 00:18:22,direct,mobile,6,0,0
1996,,2024-10-16 02:05:56,paid_search,mobile,1,0,0
1997,587,2024-10-16 06:30:18,organic,mobile,2,0,0
1998,,2024-10-16 11:46:31,direct,desktop,1,0,0
1999,,2024-10-16 12:19:37,organic,mobile,2,0,0
2000,110,2024-10-16 12:22:16,email,mobile,2,1,0
2001,322,2024-10-16 14:06:25,organic,mobile,6,1,1
2002,44,2024-10-16 16:41:12,social,mobile,2,0,0
2003,496,2024-10-16 18:27:06,social,desktop,12,0,0
2004,185,2024-10-16 23:19:03,email,mobile,4,1,0
2005,331,2024-10-17 04:29:55,organic,mobile,4,1,1
2006,21,2024-10-17 06:07:22,organic,mobile,2,0,0
2007,350,2024-10-17 08:36:58,email,mobile,3,1,0
2008,461,2024-10-17 14:44:55,organic,desktop,1,1,0
2009,358,2024-10-17 16:34:35,social,desktop,5,1,1
2010,380,2024-10-17 18:11:56,direct,mobile,9,0,0
2011,,2024-10-17 19:56:51,email,desktop,4,0,0
2012,67,2024-10-17 20:49:35,organic,mobile,1,0,0
2013,,2024-10-17 23:38:26,organic,mobile,4,0,0
2014,77,2024-10-18 05:07:06,organic,desktop,2,0,0
2015,252,2024-10-18 06:16:22,email,desktop,1,1,1
2016,191,2024-10-18 06:57:42,paid_search,mobile,1,1,0
2017,563,2024-10-18 14:40:35,social,desktop,2,0,0
2018,541,2024-10-18 15:24:50,email,mobile,1,0,0
2019,,2024-10-18 15:57:58,email,mobile,9,0,0
2020,,2024-10-18 16:17:00,organic,mobile,1,0,0
2021,,2024-10-18 21:19:01,email,desktop,2,0,0
2022,468,2024-10-19 00:50:53,organic,mobile,1,0,0
2023,,2024-10-19 03:49:51,organic,mobile,1,0,0
2024,,2024-10-19 03:51:44,email,mobile,5,1,0
2025,498,2024-10-19 06:18:48,organic,mobile,1,1,0
2026,,2024-10-19 08:24:54,paid_search,mobile,10,1,0
2027,,2024-10-19 09:27:06,social,mobile,1,0,0
2028,225,2024-10-19 11:36:49,organic,mobile,2,0,0
2029,,2024-10-19 15:09:58,social,mobile,1,1,0
2030,,2024-10-20 00:47:17,direct,mobile,5,0,0
2031,110,2024-10-20 05:16:25,paid_search,mobile,8,0,0
2032,,2024-10-20 09:34:27,referral,mobile,2,0,0
2033,292,2024-10-20 10:09:53,organic,tablet,1,0,0
2034,326,2024-10-20 11:33:08,social,mobile,3,0,0
2035,565,2024-10-20 12:52:35,referral,tablet,1,0,0
2036,,2024-10-20 14:28:49,organic,mobile,2,0,0
2037,,2024-10-20 17:08:46,direct,desktop,1,0,0
2038,367,2024-10-21 01:13:14,direct,mobile,6,1,1
2039,501,2024-10-21 02:35:31,paid_search,mobile,2,0,0
2040,,2024-10-21 14:29:43,social,mobile,1,0,0
2041,386,2024-10-21 17:52:31,social,mobile,2,0,0
2042,339,2024-10-21 18:04:56,organic,desktop,7,1,1
2043,,2024-10-21 19:28:04,paid_search,desktop,1,0,0
2044,486,2024-10-21 21:51:47,paid_search,mobile,9,0,0
2045,,2024-10-21 23:23:20,organic,desktop,6,0,0
2046,356,2024-10-22 00:25:55,organic,desktop,2,0,0
2047,,2024-10-22 07:47:00,email,desktop,7,1,0
2048,279,2024-10-22 08:29:15,referral,mobile,7,1,0
2049,539,2024-10-22 13:04:15,social,mobile,1,0,0
2050,317,2024-10-22 17:53:35,organic,mobile,6,0,0
2051,,2024-10-22 18:47:15,paid_search,desktop,7,1,1
2052,448,2024-10-22 18:53:52,organic,desktop,6,0,0
2053,,2024-10-23 00:25:19,organic,mobile,3,0,0
2054,306,2024-10-23 03:51:10,direct,mobile,2,1,0
2055,,2024-10-23 05:11:29,organic,desktop,1,0,0
2056,289,2024-10-23 07:22:44,email,desktop,16,0,0
2057,,2024-10-23 23:49:53,social,mobile,2,0,0
2058,,2024-10-24 00:36:20,organic,desktop,3,0,0
2059,463,2024-10-24 10:01:43,direct,mobile,5,0,0
2060,257,2024-10-24 12:34:46,direct,mobile,1,0,0
2061,,2024-10-24 15:23:45,organic,desktop,4,0,0
2062,,2024-10-24 19:34:06,organic,desktop,6,0,0
2063,,2024-10-24 20:05:27,direct,mobile,5,0,0
2064,,2024-10-24 23:08:18,paid_search,mobile,1,0,0
2065,,2024-10-25 02:38:05,direct,mobile,3,1,1
2066,35,2024-10-25 06:21:27,email,desktop,5,0,0
2067,,2024-10-25 12:56:42,organic,mobile,4,0,0
2068,575,2024-10-25 14:45:01,direct,desktop,4,0,0
2069,,2024-10-25 19:21:42,social,mobile,8,1,0
2070,,2024-10-25 20:16:38,organic,mobile,4,0,0
2071,,2024-10-25 20:44:22,social,mobile,2,1,0
2072,390,2024-10-26 04:51:30,paid_search,desktop,5,1,1
2073,,2024-10-26 11:07:28,organic,desktop,19,1,1
2074,,2024-10-26 13:52:28,social,mobile,13,1,1
2075,,2024-10-26 17:11:04,organic,mobile,1,0,0
2076,,2024-10-26 17:34:11,organic,mobile,5,0,0
2077,,2024-10-26 19:29:40,organic,mobile,5,0,0
2078,472,2024-10-26 20:54:43,social,desktop,6,0,0
2079,,2024-10-27 07:45:17,social,tablet,1,0,0
2080,,2024-10-27 09:21:28,referral,mobile,3,0,0
2081,,2024-10-27 14:21:55,organic,mobile,1,0,0
2082,,2024-10-27 14:28:57,referral,mobile,15,1,0
2083,,2024-10-27 16:11:53,social,tablet,1,0,0
2084,,2024-10-27 16:12:22,paid_search,desktop,12,0,0
2085,,2024-10-27 21:39:57,direct,mobile,1,0,0
2086,,2024-10-27 23:10:43,organic,mobile,11,0,0
2087,249,2024-10-28 08:40:14,organic,mobile,8,0,0
2088,515,2024-10-28 14:09:54,organic,desktop,1,0,0
2089,,2024-10-28 19:34:32,social,desktop,2,0,0
2090,,2024-10-28 23:19:50,organic,mobile,7,0,0
2091,94,2024-10-29 01:41:34,organic,mobile,1,0,0
2092,,2024-10-29 02:10:25,direct,desktop,1,0,0
2093,,2024-10-29 03:29:08,organic,desktop,6,1,1
2094,,2024-10-29 03:55:16,organic,mobile,4,0,0
2095,,2024-10-29 11:32:09,paid_search,mobile,9,0,0
2096,,2024-10-29 12:18:35,social,mobile,3,0,0
2097,,2024-10-29 17:36:38,social,desktop,3,0,0
2098,242,2024-10-29 17:43:47,organic,mobile,7,0,0
2099,41,2024-10-29 19:38:26,organic,desktop,10,1,1
2100,,2024-10-29 21:27:55,social,tablet,1,0,0
2101,,2024-10-30 00:25:40,paid_search,tablet,4,0,0
2102,,2024-10-30 01:46:45,referral,mobile,5,0,0
2103,419,2024-10-30 05:15:33,paid_search,mobile,2,0,0
2104,,2024-10-30 07:02:32,paid_search,desktop,1,0,0
2105,5,2024-10-30 10:22:45,organic,mobile,1,0,0
2106,313,2024-10-30 10:54:51,paid_search,mobile,1,0,0
2107,,2024-10-30 17:00:48,organic,tablet,1,0,0
2108,,2024-10-31 00:29:33,organic,tablet,2,0,0
2109,,2024-10-31 01:19:21,organic,desktop,2,0,0
2110,103,2024-10-31 05:05:28,social,desktop,7,0,0
2111,,2024-10-31 09:02:57,direct,desktop,20,1,1
2112,19,2024-10-31 10:28:40,email,desktop,1,0,0
2113,,2024-10-31 12:19:47,organic,mobile,5,1,1
2114,41,2024-10-31 12:38:52,organic,desktop,8,0,0
2115,,2024-10-31 17:55:43,social,desktop,3,0,0
2116,464,2024-10-31 19:46:20,paid_search,mobile,1,0,0
2117,,2024-10-31 21:32:07,social,desktop,6,0,0
2118,,2024-11-01 03:50:35,organic,desktop,4,0,0
2119,218,2024-11-01 04:44:31,social,mobile,3,0,0
2120,,2024-11-01 05:04:41,email,desktop,6,0,0
2121,568,2024-11-01 07:48:31,social,mobile,1,0,0
2122,,2024-11-01 13:01:54,paid_search,mobile,1,0,0
2123,,2024-11-01 13:15:47,organic,desktop,2,0,0
2124,,2024-11-01 16:36:45,direct,mobile,1,0,0
2125,570,2024-11-01 17:49:09,direct,mobile,1,0,0
2126,,2024-11-01 19:51:06,referral,desktop,12,0,0
2127,,2024-11-02 00:30:30,paid_search,desktop,12,0,0
2128,258,2024-11-02 05:26:15,social,mobile,1,0,0
2129,268,2024-11-02 15:28:44,paid_search,mobile,6,0,0
2130,,2024-11-02 17:41:00,organic,desktop,4,0,0
2131,426,2024-11-02 23:16:56,paid_search,mobile,1,0,0
2132,,2024-11-02 23:26:12,organic,desktop,2,0,0
2133,415,2024-11-03 00:01:38,email,mobile,1,0,0
2134,458,2024-11-03 03:49:07,organic,mobile,1,1,0
2135,,2024-11-03 05:54:11,social,mobile,1,0,0
2136,385,2024-11-03 06:34:27,social,mobile,1,0,0
2137,,2024-11-03 07:54:19,direct,mobile,7,0,0
2138,228,2024-11-03 08:18:56,social,mobile,1,0,0
2139,576,2024-11-03 10:47:41,direct,desktop,4,0,0
2140,88,2024-11-03 16:28:52,email,mobile,2,1,0
2141,,2024-11-03 17:33:05,social,mobile,3,0,0
2142,251,2024-11-03 22:10:44,paid_search,mobile,1,0,0
2143,427,2024-11-04 00:01:44,organic,mobile,10,0,0
2144,3,2024-11-04 05:16:13,paid_search,mobile,15,0,0
2145,,2024-11-04 12:40:19,paid_search,mobile,10,0,0
2146,64,2024-11-04 13:16:13,email,desktop,1,0,0
2147,,2024-11-04 13:17:07,social,tablet,5,0,0
2148,,2024-11-04 22:01:14,organic,desktop,1,0,0
2149,,2024-11-04 22:15:11,paid_search,tablet,11,0,0
2150,,2024-11-05 05:30:35,social,mobile,7,0,0
2151,,2024-11-05 13:07:54,email,tablet,8,0,0
2152,268,2024-11-05 16:44:44,referral,mobile,1,0,0
2153,,2024-11-05 20:55:50,social,mobile,5,0,0
2154,,2024-11-06 04:43:20,social,mobile,2,0,0
2155,425,2024-11-06 05:40:21,direct,tablet,2,0,0
2156,,2024-11-06 10:50:20,paid_search,desktop,1,0,0
2157,522,2024-11-06 17:44:25,social,desktop,10,0,0
2158,,2024-11-06 18:29:21,organic,desktop,3,0,0
2159,,2024-11-07 04:53:46,email,mobile,2,1,0
2160,,2024-11-07 06:53:18,paid_search,mobile,2,0,0
2161,,2024-11-07 08:58:23,email,mobile,2,0,0
2162,,2024-11-07 12:46:56,social,desktop,1,0,0
2163,,2024-11-07 13:05:12,referral,mobile,6,1,0
2164,,2024-11-07 13:41:15,organic,mobile,1,0,0
2165,43,2024-11-07 14:20:07,organic,desktop,7,0,0
2166,,2024-11-07 18:27:53,organic,mobile,1,0,0
2167,151,2024-11-08 01:18:29,paid_search,mobile,1,0,0
2168,,2024-11-08 02:04:27,organic,mobile,3,0,0
2169,,2024-11-08 16:22:03,paid_search,desktop,3,0,0
2170,585,2024-11-08 17:53:01,paid_search,mobile,1,1,0
2171,,2024-11-08 20:38:33,organic,tablet,3,0,0
2172,45,2024-11-08 22:17:59,social,desktop,4,0,0
2173,584,2024-11-09 01:28:34,direct,mobile,1,0,0
2174,,2024-11-09 03:47:39,social,mobile,1,0,0
2175,539,2024-11-09 06:53:29,social,desktop,1,1,0
2176,,2024-11-09 13:48:01,organic,mobile,13,1,1
2177,,2024-11-09 14:02:59,organic,mobile,2,1,1
2178,,2024-11-09 17:19:23,social,mobile,6,0,0
2179,90,2024-11-10 06:40:49,paid_search,mobile,4,0,0
2180,407,2024-11-10 07:13:56,organic,mobile,3,0,0
2181,501,2024-11-10 07:54:25,organic,desktop,2,0,0
2182,,2024-11-10 15:47:38,email,mobile,8,1,1
2183,,2024-11-10 15:49:20,organic,mobile,8,1,0
2184,35,2024-11-10 19:58:35,organic,desktop,3,0,0
2185,,2024-11-10 22:39:20,paid_search,mobile,5,1,1
2186,121,2024-11-11 01:05:52,organic,mobile,1,0,0
2187,298,2024-11-11 06:21:38,organic,desktop,9,0,0
2188,,2024-11-11 07:53:40,referral,mobile,6,1,1
2189,526,2024-11-11 12:05:57,email,tablet,1,0,0
2190,,2024-11-11 13:05:25,email,mobile,4,0,0
2191,,2024-11-11 14:29:21,direct,desktop,4,1,0
2192,77,2024-11-11 16:00:02,organic,desktop,1,0,0
2193,,2024-11-11 16:14:11,email,desktop,8,1,1
2194,,2024-11-11 16:48:39,social,desktop,3,0,0
2195,89,2024-11-11 17:35:11,organic,desktop,11,1,1
2196,512,2024-11-12 07:39:01,email,mobile,1,0,0
2197,,2024-11-12 10:10:21,organic,desktop,6,0,0
2198,,2024-11-12 12:01:02,social,tablet,1,0,0
2199,,2024-11-12 13:40:11,direct,desktop,1,0,0
2200,,2024-11-12 18:43:38,email,mobile,4,1,0
2201,434,2024-11-13 02:57:49,paid_search,mobile,8,0,0
2202,347,2024-11-13 04:44:56,organic,desktop,2,0,0
2203,,2024-11-13 07:34:56,social,mobile,1,0,0
2204,115,2024-11-13 13:21:49,social,desktop,3,0,0
2205,,2024-11-13 14:58:41,paid_search,desktop,2,1,1
2206,437,2024-11-13 16:54:52,organic,mobile,1,0,0
2207,,2024-11-13 21:23:20,paid_search,mobile,2,0,0
2208,,2024-11-13 22:24:21,email,desktop,21,0,0
2209,,2024-11-14 01:38:40,organic,desktop,1,0,0
2210,90,2024-11-14 02:21:02,organic,mobile,1,0,0
2211,292,2024-11-14 02:36:22,social,desktop,5,0,0
2212,,2024-11-14 03:05:05,direct,mobile,1,0,0
2213,463,2024-11-14 04:46:36,organic,mobile,4,0,0
2214,381,2024-11-14 05:28:36,organic,mobile,1,0,0
2215,35,2024-11-14 06:24:50,organic,mobile,1,0,0
2216,,2024-11-14 16:21:12,direct,mobile,4,0,0
2217,318,2024-11-15 01:07:37,referral,desktop,9,1,1
2218,,2024-11-15 04:41:58,direct,mobile,1,1,0
2219,,2024-11-15 06:39:20,direct,tablet,4,0,0
2220,,2024-11-15 08:20:59,organic,desktop,3,0,0
2221,566,2024-11-15 09:50:20,direct,desktop,7,0,0
2222,161,2024-11-15 10:10:49,organic,desktop,2,0,0
2223,10,2024-11-15 16:19:28,social,desktop,3,0,0
2224,,2024-11-15 18:26:54,paid_search,mobile,5,0,0
2225,,2024-11-15 21:04:18,organic,mobile,2,1,0
2226,,2024-11-15 21:10:09,paid_search,mobile,7,1,0
2227,,2024-11-15 22:54:55,social,desktop,4,0,0
2228,,2024-11-16 00:20:33,organic,desktop,2,0,0
2229,,2024-11-16 00:24:21,organic,tablet,16,1,1
2230,,2024-11-16 01:42:53,organic,desktop,6,0,0
2231,,2024-11-16 05:20:31,social,mobile,1,0,0
2232,,2024-11-16 11:28:06,referral,mobile,1,0,0
2233,,2024-11-16 14:59:10,social,tablet,4,1,1
2234,,2024-11-16 19:38:39,social,desktop,5,0,0
2235,,2024-11-16 19:46:00,social,desktop,3,0,0
2236,408,2024-11-16 22:29:20,social,desktop,3,1,0
2237,22,2024-11-16 22:50:52,organic,desktop,1,0,0
2238,,2024-11-17 01:02:22,organic,desktop,5,0,0
2239,,2024-11-17 02:47:20,paid_search,desktop,1,0,0
2240,,2024-11-17 06:33:00,social,mobile,1,0,0
2241,483,2024-11-17 07:01:36,referral,desktop,2,0,0
2242,71,2024-11-17 09:05:26,paid_search,mobile,1,0,0
2243,,2024-11-17 18:14:52,social,desktop,6,0,0
2244,160,2024-11-18 02:09:12,email,mobile,1,0,0
2245,203,2024-11-18 05:23:37,paid_search,desktop,1,0,0
2246,152,2024-11-18 06:52:29,organic,desktop,1,0,0
2247,,2024-11-18 08:03:16,organic,mobile,6,0,0
2248,,2024-11-18 11:14:56,direct,mobile,2,0,0
2249,587,2024-11-18 18:01:06,organic,mobile,10,1,1
2250,107,2024-11-19 01:40:56,organic,mobile,2,0,0
2251,,2024-11-19 02:07:16,direct,desktop,2,0,0
2252,,2024-11-19 03:56:08,direct,mobile,3,0,0
2253,318,2024-11-19 09:02:21,direct,mobile,4,0,0
2254,,2024-11-19 10:30:19,paid_search,mobile,2,1,0
2255,544,2024-11-19 11:42:44,social,desktop,11,1,1
2256,351,2024-11-19 11:59:52,social,tablet,9,0,0
2257,49,2024-11-19 17:10:24,organic,mobile,9,0,0
2258,,2024-11-19 22:07:33,organic,desktop,1,0,0
2259,,2024-11-20 01:07:55,organic,desktop,4,0,0
2260,300,2024-11-20 03:29:45,email,mobile,1,0,0
2261,27,2024-11-20 06:37:11,email,desktop,10,0,0
2262,223,2024-11-20 07:32:58,paid_search,mobile,1,0,0
2263,,2024-11-20 08:14:53,paid_search,mobile,2,0,0
2264,,2024-11-20 19:44:22,organic,desktop,6,0,0
2265,77,2024-11-20 22:36:02,organic,mobile,1,0,0
2266,309,2024-11-21 00:29:37,social,mobile,1,0,0
2267,25,2024-11-21 00:52:14,organic,desktop,5,0,0
2268,,2024-11-21 02:04:35,referral,desktop,1,0,0
2269,,2024-11-21 04:21:55,organic,desktop,22,1,0
2270,,2024-11-21 10:29:16,organic,desktop,9,0,0
2271,421,2024-11-21 12:56:39,organic,mobile,10,1,1
2272,470,2024-11-21 15:54:31,paid_search,mobile,1,0,0
2273,,2024-11-21 16:42:51,organic,desktop,3,0,0
2274,326,2024-11-21 19:42:46,direct,desktop,5,0,0
2275,,2024-11-22 00:33:34,organic,desktop,8,1,0
2276,231,2024-11-22 03:09:06,email,mobile,3,0,0
2277,252,2024-11-22 03:56:29,organic,mobile,2,0,0
2278,,2024-11-22 13:54:02,organic,mobile,9,0,0
2279,,2024-11-22 14:42:23,paid_search,mobile,18,0,0
2280,341,2024-11-22 14:47:11,email,mobile,3,1,0
2281,301,2024-11-22 19:06:38,direct,mobile,1,0,0
2282,,2024-11-23 08:04:27,organic,desktop,6,0,0
2283,364,2024-11-23 08:08:29,email,desktop,3,1,0
2284,,2024-11-23 08:10:18,direct,mobile,1,0,0
2285,,2024-11-23 08:18:47,email,desktop,10,0,0
2286,397,2024-11-23 11:45:21,paid_search,mobile,9,0,0
2287,2,2024-11-23 12:56:08,direct,mobile,4,0,0
2288,,2024-11-23 22:55:15,social,desktop,2,0,0
2289,561,2024-11-24 00:58:19,organic,mobile,1,0,0
2290,,2024-11-24 06:15:43,referral,desktop,5,1,1
2291,50,2024-11-24 06:39:34,social,mobile,4,0,0
2292,142,2024-11-24 06:50:12,direct,mobile,18,1,0
2293,,2024-11-24 07:36:06,organic,mobile,4,0,0
2294,577,2024-11-24 10:54:20,paid_search,mobile,1,0,0
2295,,2024-11-24 12:06:25,social,mobile,17,1,0
2296,225,2024-11-24 21:50:15,paid_search,desktop,8,0,0
2297,,2024-11-24 23:48:20,paid_search,mobile,2,1,1
2298,,2024-11-24 23:52:07,direct,mobile,1,0,0
2299,,2024-11-25 00:08:41,paid_search,mobile,1,0,0
2300,,2024-11-25 04:52:45,direct,mobile,1,0,0
2301,505,2024-11-25 05:54:57,paid_search,mobile,3,0,0
2302,,2024-11-25 11:55:38,email,mobile,7,1,1
2303,,2024-11-25 12:14:31,paid_search,mobile,8,0,0
2304,,2024-11-25 13:11:38,social,mobile,7,1,0
2305,,2024-11-25 14:26:11,email,mobile,1,0,0
2306,,2024-11-25 16:46:55,organic,mobile,2,0,0
2307,212,2024-11-25 18:08:58,organic,mobile,17,1,0
2308,,2024-11-25 20:04:35,organic,desktop,15,1,0
2309,412,2024-11-25 20:19:08,organic,desktop,1,0,0
2310,548,2024-11-26 00:10:25,social,mobile,1,0,0
2311,531,2024-11-26 04:05:07,organic,tablet,2,0,0
2312,,2024-11-26 07:30:21,social,mobile,3,1,0
2313,,2024-11-26 09:24:35,organic,desktop,3,0,0
2314,185,2024-11-26 10:37:14,social,mobile,1,1,0
2315,,2024-11-26 10:56:33,social,mobile,1,1,0
2316,,2024-11-26 11:58:30,email,mobile,7,0,0
2317,314,2024-11-26 15:53:49,social,mobile,1,0,0
2318,394,2024-11-26 19:19:17,paid_search,mobile,2,0,0
2319,,2024-11-26 19:29:00,social,mobile,2,0,0
2320,,2024-11-26 21:00:03,organic,desktop,1,0,0
2321,,2024-11-27 03:41:03,direct,mobile,2,1,1
2322,,2024-11-27 10:00:23,email,tablet,1,0,0
2323,352,2024-11-27 10:30:56,social,mobile,2,0,0
2324,3,2024-11-27 16:24:31,organic,desktop,3,0,0
2325,553,2024-11-27 20:40:07,organic,mobile,2,0,0
2326,,2024-11-27 22:18:57,paid_search,mobile,1,0,0
2327,,2024-11-28 01:40:22,organic,mobile,2,0,0
2328,,2024-11-28 08:30:04,direct,mobile,3,0,0
2329,,2024-11-28 10:38:47,organic,desktop,1,0,0
2330,235,2024-11-28 11:49:47,organic,mobile,4,0,0
2331,,2024-11-28 14:28:01,paid_search,mobile,1,0,0
2332,438,2024-11-28 16:56:24,organic,mobile,3,0,0
2333,,2024-11-28 21:21:22,social,mobile,1,0,0
2334,,2024-11-28 22:23:44,email,desktop,11,1,0
2335,545,2024-11-29 07:41:15,referral,tablet,6,0,0
2336,,2024-11-29 09:28:09,organic,mobile,1,0,0
2337,,2024-11-29 13:07:41,organic,mobile,1,0,0
2338,280,2024-11-29 19:05:27,paid_search,desktop,8,0,0
2339,,2024-11-29 19:18:58,paid_search,mobile,2,0,0
2340,,2024-11-29 22:42:00,organic,mobile,5,0,0
2341,,2024-11-30 05:28:25,social,mobile,1,0,0
2342,,2024-11-30 05:53:48,direct,mobile,1,0,0
2343,150,2024-11-30 10:55:10,organic,mobile,2,1,1
2344,,2024-11-30 11:52:42,organic,desktop,8,0,0
2345,223,2024-11-30 19:04:31,social,tablet,3,0,0
2346,,2024-11-30 19:35:04,email,desktop,7,0,0
2347,304,2024-11-30 22:06:25,organic,mobile,1,0,0
2348,,2024-11-30 22:11:28,email,mobile,3,0,0
2349,,2024-11-30 23:36:40,organic,mobile,2,0,0
2350,415,2024-12-01 01:36:15,direct,tablet,1,0,0
2351,,2024-12-01 04:58:14,organic,desktop,4,0,0
2352,,2024-12-01 10:45:52,organic,desktop,1,0,0
2353,325,2024-12-01 10:51:22,direct,desktop,1,0,0
2354,95,2024-12-01 11:06:14,email,desktop,11,1,1
2355,,2024-12-01 12:19:22,organic,mobile,2,0,0
2356,,2024-12-01 13:57:19,social,mobile,1,0,0
2357,147,2024-12-01 14:17:19,social,desktop,11,1,1
2358,363,2024-12-01 15:27:43,organic,mobile,5,0,0
2359,,2024-12-01 22:46:12,referral,tablet,1,0,0
2360,,2024-12-02 01:10:35,organic,mobile,1,0,0
2361,,2024-12-02 05:36:20,organic,mobile,6,1,1
2362,,2024-12-02 07:04:43,social,mobile,1,0,0
2363,236,2024-12-02 09:01:50,paid_search,desktop,1,0,0
2364,,2024-12-02 09:09:49,paid_search,mobile,5,0,0
2365,254,2024-12-02 11:44:06,organic,mobile,2,0,0
2366,423,2024-12-02 14:40:19,email,tablet,3,0,0
2367,,2024-12-02 17:23:08,organic,desktop,1,0,0
2368,,2024-12-03 06:59:22,email,mobile,1,0,0
2369,,2024-12-03 07:07:12,organic,desktop,1,0,0
2370,569,2024-12-03 08:54:41,direct,mobile,1,0,0
2371,170,2024-12-03 16:33:35,referral,mobile,1,0,0
2372,382,2024-12-03 17:48:32,organic,mobile,1,0,0
2373,,2024-12-03 17:52:12,referral,desktop,21,1,0
2374,333,2024-12-03 19:06:04,email,desktop,1,0,0
2375,,2024-12-03 21:33:44,email,mobile,1,0,0
2376,531,2024-12-03 23:57:15,organic,desktop,1,0,0
2377,,2024-12-04 03:50:56,social,mobile,1,0,0
2378,277,2024-12-04 05:20:26,paid_search,mobile,1,0,0
2379,587,2024-12-04 12:20:07,social,desktop,4,0,0
2380,120,2024-12-04 12:32:35,social,mobile,5,1,1
2381,,2024-12-04 16:56:53,organic,mobile,1,0,0
2382,,2024-12-04 21:17:57,referral,desktop,4,1,0
2383,,2024-12-04 23:26:05,organic,desktop,2,0,0
2384,129,2024-12-05 00:02:11,organic,desktop,13,1,0
2385,211,2024-12-05 17:37:07,organic,mobile,1,0,0
2386,,2024-12-05 21:12:55,organic,desktop,1,1,1
2387,142,2024-12-05 22:09:15,email,desktop,5,1,1
2388,86,2024-12-05 23:59:14,organic,tablet,2,0,0
2389,94,2024-12-06 01:10:18,social,mobile,1,0,0
2390,544,2024-12-06 03:15:30,paid_search,desktop,5,1,1
2391,,2024-12-06 04:31:59,direct,desktop,5,0,0
2392,,2024-12-06 11:13:32,social,mobile,2,0,0
2393,,2024-12-06 11:23:32,organic,desktop,1,0,0
2394,,2024-12-06 15:06:56,email,mobile,1,0,0
2395,,2024-12-06 22:35:23,email,tablet,11,1,1
2396,,2024-12-07 01:28:38,social,mobile,6,0,0
2397,213,2024-12-07 02:27:41,organic,desktop,12,1,0
2398,,2024-12-07 05:36:11,organic,mobile,1,1,0
2399,147,2024-12-07 11:43:53,organic,mobile,5,0,0
2400,,2024-12-08 02:14:09,paid_search,desktop,17,0,0
2401,321,2024-12-08 04:50:33,social,mobile,2,0,0
2402,,2024-12-08 06:12:52,organic,tablet,1,1,1
2403,,2024-12-08 10:55:40,social,mobile,2,0,0
2404,,2024-12-08 12:33:10,social,desktop,1,0,0
2405,,2024-12-08 21:18:00,paid_search,mobile,1,0,0
2406,,2024-12-09 01:06:00,social,mobile,3,0,0
2407,,2024-12-09 07:05:59,organic,mobile,5,1,0
2408,5,2024-12-09 10:57:10,direct,mobile,2,0,0
2409,,2024-12-09 11:33:47,referral,mobile,10,0,0
2410,,2024-12-09 12:03:50,social,mobile,3,0,0
2411,254,2024-12-09 13:11:46,direct,mobile,6,0,0
2412,,2024-12-09 14:53:48,direct,mobile,4,1,0
2413,427,2024-12-09 16:28:05,organic,desktop,5,0,0
2414,,2024-12-09 19:07:58,paid_search,mobile,1,0,0
2415,,2024-12-09 20:42:09,organic,desktop,3,0,0
2416,332,2024-12-09 22:06:57,paid_search,mobile,5,0,0
2417,,2024-12-09 22:09:44,email,desktop,1,0,0
2418,122,2024-12-09 22:38:21,organic,mobile,5,0,0
2419,,2024-12-09 23:52:07,paid_search,tablet,3,0,0
2420,,2024-12-09 23:56:38,organic,mobile,2,0,0
2421,,2024-12-10 03:21:44,direct,tablet,2,1,1
2422,,2024-12-10 03:58:24,organic,mobile,3,0,0
2423,197,2024-12-10 07:58:56,referral,mobile,1,0,0
2424,,2024-12-10 09:33:22,direct,desktop,2,0,0
2425,84,2024-12-10 14:15:23,social,desktop,4,1,1
2426,25,2024-12-10 14:25:37,organic,mobile,1,0,0
2427,470,2024-12-10 15:28:44,referral,tablet,4,0,0
2428,,2024-12-10 16:26:29,email,desktop,1,0,0
2429,,2024-12-10 16:55:41,social,desktop,3,0,0
2430,259,2024-12-10 19:39:12,social,desktop,11,0,0
2431,,2024-12-10 19:53:32,social,mobile,3,0,0
2432,,2024-12-11 13:48:03,organic,desktop,1,0,0
2433,175,2024-12-11 14:23:46,organic,mobile,1,0,0
2434,,2024-12-11 16:40:40,organic,desktop,3,0,0
2435,,2024-12-11 18:12:38,paid_search,mobile,2,0,0
2436,,2024-12-11 19:08:44,direct,mobile,1,0,0
2437,,2024-12-11 20:29:39,paid_search,mobile,1,0,0
2438,,2024-12-11 21:38:23,direct,mobile,1,0,0
2439,594,2024-12-12 01:19:16,social,desktop,4,0,0
2440,372,2024-12-12 08:19:34,email,desktop,6,0,0
2441,,2024-12-12 08:58:09,direct,mobile,1,0,0
2442,,2024-12-12 18:21:58,organic,desktop,7,0,0
2443,,2024-12-12 19:42:46,organic,desktop,1,0,0
2444,424,2024-12-12 21:59:29,email,desktop,1,0,0
2445,407,2024-12-12 22:59:33,paid_search,desktop,3,1,0
2446,19,2024-12-13 00:25:17,direct,tablet,1,0,0
2447,,2024-12-13 15:01:21,direct,desktop,16,1,0
2448,193,2024-12-14 00:04:10,email,mobile,3,0,0
2449,,2024-12-14 01:39:31,direct,desktop,2,0,0
2450,,2024-12-14 03:09:22,paid_search,mobile,2,0,0
2451,113,2024-12-14 03:22:44,paid_search,mobile,5,0,0
2452,,2024-12-14 05:14:07,social,mobile,2,0,0
2453,,2024-12-14 07:34:01,organic,mobile,2,1,0
2454,,2024-12-14 10:38:35,direct,desktop,8,0,0
2455,344,2024-12-14 12:15:34,social,desktop,10,0,0
2456,278,2024-12-14 18:28:48,direct,mobile,1,0,0
2457,26,2024-12-15 01:36:46,referral,mobile,8,0,0
2458,,2024-12-15 03:16:11,paid_search,mobile,1,1,0
2459,148,2024-12-15 06:32:07,organic,mobile,3,0,0
2460,,2024-12-15 08:32:06,paid_search,desktop,4,0,0
2461,,2024-12-15 13:24:50,organic,mobile,2,1,1
2462,,2024-12-15 13:47:02,organic,mobile,1,0,0
2463,,2024-12-15 15:35:15,email,desktop,20,1,0
2464,373,2024-12-15 16:55:37,direct,mobile,6,0,0
2465,,2024-12-15 17:40:25,social,desktop,3,0,0
2466,136,2024-12-15 19:36:57,organic,mobile,1,0,0
2467,594,2024-12-15 21:39:57,organic,mobile,2,0,0
2468,596,2024-12-15 21:44:41,paid_search,mobile,3,0,0
2469,426,2024-12-15 22:59:34,email,mobile,1,0,0
2470,190,2024-12-15 23:00:30,paid_search,mobile,3,0,0
2471,,2024-12-16 07:24:41,organic,mobile,1,0,0
2472,210,2024-12-16 08:43:33,referral,mobile,1,0,0
2473,,2024-12-16 11:00:16,paid_search,desktop,5,0,0
2474,285,2024-12-16 15:08:36,paid_search,mobile,1,0,0
2475,58,2024-12-16 18:01:26,paid_search,mobile,1,0,0
2476,,2024-12-16 21:56:17,organic,mobile,3,1,0
2477,,2024-12-17 01:01:40,direct,desktop,6,0,0
2478,,2024-12-17 02:45:32,organic,desktop,3,0,0
2479,,2024-12-17 02:58:19,organic,tablet,1,0,0
2480,,2024-12-17 03:12:51,organic,mobile,7,1,1
2481,,2024-12-17 07:14:50,paid_search,mobile,6,0,0
2482,540,2024-12-17 13:01:06,social,mobile,3,0,0
2483,322,2024-12-17 14:43:37,referral,mobile,1,0,0
2484,,2024-12-17 15:11:00,paid_search,desktop,13,0,0
2485,411,2024-12-18 03:31:31,paid_search,desktop,1,0,0
2486,,2024-12-18 05:52:01,organic,mobile,2,0,0
2487,,2024-12-18 10:25:36,social,mobile,1,0,0
2488,,2024-12-18 12:04:30,organic,mobile,1,0,0
2489,329,2024-12-18 17:30:03,organic,mobile,7,0,0
2490,147,2024-12-18 20:36:36,organic,mobile,1,0,0
2491,209,2024-12-18 20:52:48,organic,desktop,1,0,0
2492,,2024-12-18 23:13:33,direct,mobile,7,0,0
2493,,2024-12-19 02:05:19,organic,desktop,1,0,0
2494,,2024-12-19 02:52:56,email,desktop,18,1,0
2495,,2024-12-19 13:15:14,organic,mobile,3,0,0
2496,,2024-12-19 13:20:02,paid_search,mobile,1,1,0
2497,,2024-12-19 13:40:15,social,mobile,1,0,0
2498,,2024-12-19 16:30:36,referral,desktop,6,0,0
2499,308,2024-12-19 17:44:19,email,tablet,3,0,0
2500,208,2024-12-19 21:32:05,social,desktop,1,0,0
2501,238,2024-12-19 21:41:01,organic,desktop,2,0,0
2502,294,2024-12-20 03:46:33,social,desktop,8,0,0
2503,,2024-12-20 05:12:02,social,mobile,1,0,0
2504,271,2024-12-20 07:41:47,email,desktop,4,1,1
2505,,2024-12-20 10:59:56,organic,mobile,1,0,0
2506,,2024-12-20 12:44:58,organic,desktop,3,0,0
2507,,2024-12-21 02:08:02,organic,desktop,2,0,0
2508,,2024-12-21 05:09:10,direct,mobile,2,0,0
2509,,2024-12-21 10:44:52,email,mobile,1,1,0
2510,,2024-12-21 10:46:40,organic,mobile,5,0,0
2511,,2024-12-21 11:09:53,organic,mobile,9,1,0
2512,,2024-12-21 13:19:55,organic,mobile,5,0,0
2513,,2024-12-21 13:20:26,social,desktop,15,0,0
2514,380,2024-12-21 17:19:50,organic,tablet,2,0,0
2515,65,2024-12-21 17:53:26,email,desktop,1,0,0
2516,,2024-12-21 19:09:54,email,mobile,11,1,0
2517,130,2024-12-22 01:39:08,email,mobile,1,0,0
2518,276,2024-12-22 05:16:00,social,mobile,1,0,0
2519,109,2024-12-22 10:17:19,organic,mobile,1,0,0
2520,,2024-12-22 10:45:11,paid_search,mobile,6,0,0
2521,405,2024-12-22 12:00:39,organic,desktop,1,0,0
2522,489,2024-12-22 17:32:15,paid_search,mobile,7,1,0
2523,20,2024-12-22 17:46:35,social,desktop,3,0,0
2524,,2024-12-22 17:58:17,referral,mobile,16,0,0
2525,,2024-12-22 19:40:47,organic,mobile,4,1,1
2526,,2024-12-22 23:16:13,organic,mobile,1,0,0
2527,172,2024-12-23 17:10:47,social,mobile,1,0,0
2528,,2024-12-23 17:57:01,email,desktop,1,0,0
2529,348,2024-12-23 18:09:13,direct,desktop,8,0,0
2530,377,2024-12-23 18:17:51,paid_search,mobile,1,1,0
2531,39,2024-12-23 19:24:10,organic,mobile,1,0,0
2532,,2024-12-23 20:54:40,referral,mobile,1,0,0
2533,,2024-12-23 22:49:45,paid_search,desktop,10,0,0
2534,459,2024-12-24 09:44:07,social,tablet,2,1,1
2535,,2024-12-24 10:35:58,paid_search,desktop,7,0,0
2536,,2024-12-24 16:18:13,email,desktop,5,0,0
2537,105,2024-12-24 19:02:34,organic,desktop,1,0,0
2538,446,2024-12-24 20:46:46,email,mobile,2,0,0
2539,,2024-12-25 00:43:13,organic,mobile,1,0,0
2540,,2024-12-25 01:22:41,social,desktop,1,1,0
2541,203,2024-12-25 03:13:31,organic,desktop,2,0,0
2542,14,2024-12-25 11:47:13,paid_search,mobile,3,0,0
2543,,2024-12-25 13:06:33,email,mobile,1,0,0
2544,,2024-12-25 23:31:09,paid_search,desktop,19,1,0
2545,,2024-12-26 02:40:22,paid_search,desktop,1,0,0
2546,267,2024-12-26 05:56:35,paid_search,mobile,4,0,0
2547,,2024-12-26 06:04:43,organic,desktop,1,0,0
2548,,2024-12-26 06:28:47,email,desktop,2,1,0
2549,531,2024-12-26 08:06:18,email,desktop,6,0,0
2550,536,2024-12-26 17:07:39,paid_search,mobile,1,0,0
2551,32,2024-12-26 17:46:33,paid_search,desktop,3,0,0
2552,,2024-12-26 22:12:16,paid_search,desktop,8,0,0
2553,68,2024-12-26 22:25:32,organic,desktop,8,1,1
2554,496,2024-12-26 23:36:38,direct,mobile,1,0,0
2555,,2024-12-27 00:56:52,paid_search,mobile,1,1,0
2556,,2024-12-27 01:23:25,social,desktop,15,1,0
2557,,2024-12-27 01:37:00,direct,mobile,6,0,0
2558,,2024-12-27 03:06:23,direct,desktop,12,0,0
2559,144,2024-12-27 03:07:51,paid_search,mobile,2,0,0
2560,,2024-12-27 03:20:29,paid_search,mobile,4,0,0
2561,455,2024-12-27 04:10:34,email,mobile,2,1,1
2562,247,2024-12-27 12:29:58,paid_search,tablet,9,1,0
2563,,2024-12-27 16:48:44,social,mobile,9,1,0
2564,,2024-12-27 18:57:37,social,mobile,4,1,0
2565,,2024-12-27 19:16:54,organic,desktop,1,0,0
2566,548,2024-12-27 19:27:26,organic,tablet,3,0,0
2567,185,2024-12-27 19:40:01,organic,mobile,4,0,0
2568,,2024-12-27 19:45:27,email,mobile,3,0,0
2569,68,2024-12-28 05:18:02,direct,mobile,1,0,0
2570,541,2024-12-28 06:30:07,direct,mobile,9,1,0
2571,,2024-12-28 07:19:36,social,mobile,1,1,0
2572,,2024-12-28 08:51:31,email,mobile,1,0,0
2573,,2024-12-28 08:51:42,organic,mobile,2,1,0
2574,,2024-12-28 10:19:45,email,mobile,4,1,1
2575,360,2024-12-28 13:29:37,paid_search,mobile,5,0,0
2576,,2024-12-28 15:58:50,organic,mobile,3,0,0
2577,,2024-12-28 19:34:22,organic,tablet,1,0,0
2578,,2024-12-29 00:49:50,organic,mobile,4,0,0
2579,,2024-12-29 01:14:56,organic,desktop,1,0,0
2580,37,2024-12-29 02:52:05,email,mobile,1,0,0
2581,,2024-12-29 03:40:47,paid_search,mobile,1,0,0
2582,,2024-12-29 06:46:24,email,desktop,5,0,0
2583,,2024-12-29 08:53:43,referral,mobile,4,0,0
2584,43,2024-12-29 09:30:59,referral,mobile,1,1,0
2585,21,2024-12-29 13:53:49,organic,mobile,8,0,0
2586,,2024-12-29 18:06:32,referral,mobile,1,1,0
2587,,2024-12-29 20:29:21,referral,mobile,21,0,0
2588,515,2024-12-29 22:15:57,organic,mobile,2,0,0
2589,,2024-12-30 00:04:44,organic,mobile,4,0,0
2590,306,2024-12-30 01:59:02,direct,mobile,1,0,0
2591,,2024-12-30 05:11:46,direct,mobile,1,0,0
2592,268,2024-12-30 05:19:37,email,mobile,2,0,0
2593,389,2024-12-30 14:54:15,social,mobile,3,0,0
2594,,2024-12-30 18:37:35,paid_search,desktop,1,0,0
2595,149,2024-12-30 18:45:41,paid_search,desktop,6,0,0
2596,,2024-12-30 20:25:09,organic,desktop,8,1,1
2597,172,2024-12-31 02:08:45,paid_search,mobile,4,1,0
2598,,2024-12-31 04:25:14,organic,desktop,2,0,0
2599,,2024-12-31 04:44:08,organic,mobile,3,0,0
2600,,2024-12-31 07:07:37,direct,desktop,6,0,0
2601,275,2024-12-31 12:30:43,social,desktop,2,0,0
2602,,2024-12-31 15:46:49,social,mobile,8,0,0
2603,,2024-12-31 17:16:05,direct,desktop,2,0,0
2604,,2024-12-31 18:06:32,paid_search,mobile,13,1,0
2605,275,2024-12-31 22:22:30,direct,desktop,3,0,0
2606,,2025-01-01 03:43:52,direct,desktop,4,0,0
2607,,2025-01-01 04:17:09,paid_search,mobile,1,0,0
2608,202,2025-01-01 12:15:46,paid_search,desktop,33,0,0
2609,392,2025-01-01 12:43:49,email,mobile,3,0,0
2610,,2025-01-01 17:19:25,paid_search,mobile,3,0,0
2611,,2025-01-01 18:15:30,referral,desktop,4,0,0
2612,325,2025-01-01 21:33:53,organic,desktop,4,0,0
2613,526,2025-01-01 23:11:22,paid_search,desktop,2,0,0
2614,,2025-01-01 23:50:06,direct,mobile,10,0,0
2615,,2025-01-02 06:31:29,social,mobile,3,0,0
2616,552,2025-01-02 08:34:38,email,desktop,1,0,0
2617,,2025-01-02 12:05:32,paid_search,tablet,1,0,0
2618,,2025-01-02 14:32:07,social,mobile,10,0,0
2619,28,2025-01-02 20:31:42,organic,desktop,5,1,1
2620,121,2025-01-02 21:25:00,direct,mobile,2,0,0
2621,,2025-01-03 03:04:41,direct,desktop,1,0,0
2622,590,2025-01-03 06:31:55,direct,mobile,1,0,0
2623,,2025-01-03 09:06:34,organic,mobile,1,0,0
2624,371,2025-01-03 11:07:53,referral,desktop,4,0,0
2625,,2025-01-03 11:43:55,organic,mobile,4,0,0
2626,345,2025-01-03 14:03:59,direct,desktop,15,0,0
2627,200,2025-01-03 17:49:25,email,mobile,1,0,0
2628,,2025-01-03 21:25:55,organic,mobile,9,0,0
2629,,2025-01-04 00:02:58,direct,mobile,8,0,0
2630,,2025-01-04 01:52:01,organic,mobile,1,0,0
2631,578,2025-01-04 02:51:56,social,mobile,1,0,0
2632,328,2025-01-04 03:12:09,social,mobile,9,1,0
2633,,2025-01-04 05:00:08,paid_search,desktop,8,0,0
2634,,2025-01-04 05:55:14,direct,mobile,1,0,0
2635,,2025-01-04 09:40:09,social,desktop,4,0,0
2636,,2025-01-04 12:05:06,social,desktop,8,1,0
2637,400,2025-01-04 13:15:45,organic,desktop,4,0,0
2638,323,2025-01-04 16:37:25,organic,mobile,1,0,0
2639,236,2025-01-05 02:02:35,email,mobile,1,0,0
2640,581,2025-01-05 04:18:46,organic,mobile,2,0,0
2641,69,2025-01-05 04:36:47,direct,mobile,6,0,0
2642,,2025-01-05 06:50:21,organic,desktop,2,1,1
2643,345,2025-01-05 09:52:45,organic,mobile,5,0,0
2644,,2025-01-05 13:37:53,email,mobile,4,0,0
2645,,2025-01-05 14:44:23,organic,mobile,4,0,0
2646,151,2025-01-05 15:01:59,organic,mobile,1,1,0
2647,,2025-01-05 15:44:32,organic,tablet,4,0,0
2648,342,2025-01-05 18:38:30,direct,desktop,4,0,0
2649,,2025-01-05 20:02:55,direct,mobile,1,0,0
2650,232,2025-01-06 03:15:22,organic,mobile,1,0,0
2651,,2025-01-06 08:15:50,social,desktop,2,1,1
2652,235,2025-01-06 10:26:34,direct,mobile,2,0,0
2653,468,2025-01-06 10:41:16,organic,desktop,1,0,0
2654,,2025-01-06 10:42:33,paid_search,tablet,7,1,1
2655,,2025-01-06 12:26:17,paid_search,mobile,3,0,0
2656,109,2025-01-06 17:40:27,referral,desktop,10,0,0
2657,,2025-01-06 17:40:42,paid_search,desktop,1,0,0
2658,14,2025-01-06 18:43:46,social,desktop,4,0,0
2659,586,2025-01-06 20:01:30,organic,desktop,1,0,0
2660,,2025-01-06 20:31:06,paid_search,mobile,1,0,0
2661,,2025-01-07 00:09:21,email,desktop,3,0,0
2662,,2025-01-07 01:09:14,organic,mobile,1,0,0
2663,,2025-01-07 07:09:30,paid_search,mobile,1,0,0
2664,,2025-01-07 09:29:37,social,desktop,2,0,0
2665,533,2025-01-07 10:54:27,social,mobile,1,0,0
2666,,2025-01-07 16:02:50,social,mobile,2,0,0
2667,,2025-01-07 17:45:10,social,mobile,1,0,0
2668,,2025-01-07 21:46:15,organic,mobile,9,0,0
2669,,2025-01-08 00:32:29,email,mobile,1,0,0
2670,,2025-01-08 00:55:05,direct,desktop,13,1,1
2671,,2025-01-08 01:13:52,organic,mobile,1,1,0
2672,,2025-01-08 05:23:26,paid_search,mobile,1,0,0
2673,,2025-01-08 05:58:31,paid_search,desktop,1,0,0
2674,,2025-01-08 06:32:15,email,desktop,10,0,0
2675,,2025-01-08 11:19:33,organic,mobile,1,0,0
2676,,2025-01-08 14:35:06,organic,mobile,6,1,1
2677,59,2025-01-08 16:19:51,email,desktop,5,1,1
2678,513,2025-01-08 16:55:24,social,mobile,1,0,0
2679,,2025-01-08 23:39:20,direct,mobile,3,0,0
2680,,2025-01-09 01:03:39,social,desktop,1,0,0
2681,,2025-01-09 01:09:10,referral,mobile,2,0,0
2682,,2025-01-09 04:19:57,social,desktop,1,0,0
2683,,2025-01-09 06:22:48,organic,mobile,2,0,0
2684,,2025-01-09 13:21:35,social,tablet,3,0,0
2685,,2025-01-09 16:06:58,organic,mobile,1,0,0
2686,,2025-01-09 16:11:20,paid_search,desktop,1,0,0
2687,,2025-01-09 17:30:27,email,desktop,10,0,0
2688,,2025-01-09 19:30:40,organic,desktop,2,0,0
2689,585,2025-01-10 00:51:43,direct,desktop,6,0,0
2690,555,2025-01-10 01:12:07,organic,desktop,1,0,0
2691,118,2025-01-10 01:13:25,organic,desktop,5,0,0
2692,529,2025-01-10 02:21:46,organic,mobile,1,0,0
2693,,2025-01-10 07:55:24,direct,desktop,3,1,0
2694,444,2025-01-10 08:54:45,email,desktop,5,0,0
2695,,2025-01-10 09:22:37,paid_search,mobile,3,0,0
2696,115,2025-01-10 10:29:19,social,desktop,6,0,0
2697,,2025-01-10 10:40:18,email,mobile,8,0,0
2698,,2025-01-10 14:08:31,email,desktop,1,0,0
2699,,2025-01-10 17:13:43,social,mobile,3,0,0
2700,,2025-01-10 19:53:15,organic,mobile,5,0,0
2701,283,2025-01-11 03:51:31,email,mobile,3,0,0
2702,72,2025-01-11 10:07:33,social,mobile,4,0,0
2703,,2025-01-11 13:58:31,social,mobile,5,0,0
2704,392,2025-01-11 16:51:57,social,mobile,9,0,0
2705,,2025-01-11 17:10:19,social,desktop,5,0,0
2706,442,2025-01-11 19:09:41,organic,mobile,14,0,0
2707,,2025-01-11 19:23:47,email,mobile,1,1,0
2708,155,2025-01-11 22:38:37,direct,mobile,5,0,0
2709,166,2025-01-11 22:59:24,organic,tablet,4,0,0
2710,153,2025-01-12 03:06:25,referral,desktop,2,0,0
2711,464,2025-01-12 04:15:31,organic,desktop,2,0,0
2712,560,2025-01-12 04:27:14,email,mobile,3,0,0
2713,571,2025-01-12 05:07:26,paid_search,desktop,1,0,0
2714,262,2025-01-12 07:53:24,direct,mobile,3,0,0
2715,561,2025-01-12 09:09:11,organic,desktop,3,1,0
2716,559,2025-01-12 15:33:40,email,mobile,1,0,0
2717,,2025-01-12 21:07:42,social,desktop,2,0,0
2718,,2025-01-12 21:26:35,direct,mobile,1,0,0
2719,,2025-01-13 00:59:26,paid_search,desktop,5,1,0
2720,8,2025-01-13 01:01:21,direct,mobile,7,1,0
2721,,2025-01-13 08:09:52,direct,desktop,5,0,0
2722,,2025-01-13 10:14:37,referral,mobile,1,0,0
2723,,2025-01-13 14:43:39,organic,desktop,1,0,0
2724,74,2025-01-13 14:51:27,paid_search,desktop,9,0,0
2725,53,2025-01-13 16:38:23,organic,tablet,3,0,0
2726,,2025-01-13 22:58:49,paid_search,mobile,6,1,0
2727,,2025-01-13 23:23:42,paid_search,desktop,3,1,1
2728,221,2025-01-13 23:54:17,referral,mobile,3,0,0
2729,485,2025-01-14 00:24:29,direct,mobile,3,0,0
2730,,2025-01-14 01:16:12,referral,mobile,4,0,0
2731,550,2025-01-14 01:24:32,organic,desktop,13,1,0
2732,24,2025-01-14 02:02:23,direct,mobile,2,0,0
2733,194,2025-01-14 02:55:22,referral,desktop,2,0,0
2734,205,2025-01-14 07:42:56,direct,mobile,4,0,0
2735,516,2025-01-14 09:16:53,organic,desktop,3,1,0
2736,481,2025-01-14 10:46:07,paid_search,desktop,2,0,0
2737,495,2025-01-14 14:54:24,paid_search,mobile,3,0,0
2738,327,2025-01-14 15:00:29,email,desktop,5,0,0
2739,,2025-01-14 15:13:20,paid_search,desktop,13,1,0
2740,,2025-01-14 21:52:46,paid_search,desktop,13,0,0
2741,,2025-01-14 22:01:38,social,mobile,1,0,0
2742,,2025-01-15 06:00:53,paid_search,desktop,4,0,0
2743,,2025-01-15 08:49:07,social,mobile,1,0,0
2744,,2025-01-15 12:24:26,referral,tablet,3,0,0
2745,,2025-01-15 23:39:11,email,desktop,2,0,0
2746,,2025-01-16 01:36:56,organic,mobile,3,0,0
2747,,2025-01-16 01:45:09,paid_search,desktop,3,0,0
2748,,2025-01-16 04:44:51,direct,mobile,7,1,0
2749,,2025-01-16 05:00:14,direct,mobile,1,0,0
2750,,2025-01-16 07:32:17,social,desktop,1,0,0
2751,,2025-01-16 08:06:09,email,tablet,8,0,0
2752,,2025-01-16 12:22:30,organic,mobile,13,0,0
2753,187,2025-01-16 13:37:22,email,mobile,3,1,0
2754,,2025-01-16 15:34:35,organic,mobile,5,1,0
2755,554,2025-01-16 20:35:21,organic,tablet,9,0,0
2756,,2025-01-16 23:50:08,social,mobile,1,0,0
2757,,2025-01-17 01:52:32,organic,mobile,1,0,0
2758,,2025-01-17 02:52:53,direct,mobile,6,0,0
2759,,2025-01-17 06:50:53,organic,mobile,9,0,0
2760,117,2025-01-17 07:48:07,social,desktop,7,0,0
2761,334,2025-01-17 08:08:20,direct,mobile,1,0,0
2762,146,2025-01-17 09:56:41,referral,mobile,2,0,0
2763,,2025-01-17 13:15:09,social,desktop,10,0,0
2764,40,2025-01-17 17:17:42,organic,mobile,2,0,0
2765,,2025-01-17 18:55:14,paid_search,mobile,3,0,0
2766,106,2025-01-17 21:09:23,paid_search,mobile,6,1,0
2767,,2025-01-18 00:02:17,paid_search,desktop,7,1,0
2768,,2025-01-18 01:35:37,email,mobile,3,0,0
2769,370,2025-01-18 02:14:59,social,desktop,3,0,0
2770,162,2025-01-18 05:58:16,email,mobile,9,0,0
2771,,2025-01-18 06:42:36,social,mobile,1,0,0
2772,,2025-01-18 08:53:16,paid_search,desktop,1,0,0
2773,,2025-01-18 18:15:25,direct,tablet,1,0,0
2774,,2025-01-18 19:03:32,organic,mobile,14,0,0
2775,,2025-01-18 19:26:13,social,mobile,2,0,0
2776,,2025-01-18 21:12:58,direct,desktop,5,0,0
2777,,2025-01-18 23:30:04,organic,mobile,6,1,0
2778,,2025-01-19 03:35:10,organic,mobile,1,0,0
2779,135,2025-01-19 08:48:44,paid_search,desktop,2,0,0
2780,529,2025-01-19 08:59:44,organic,mobile,5,0,0
2781,492,2025-01-19 16:37:54,social,desktop,2,0,0
2782,,2025-01-19 16:45:31,direct,mobile,6,0,0
2783,,2025-01-19 20:19:44,direct,mobile,1,0,0
2784,422,2025-01-20 01:00:45,organic,desktop,17,1,1
2785,,2025-01-20 02:08:58,organic,mobile,2,0,0
2786,539,2025-01-20 02:32:07,referral,mobile,4,0,0
2787,308,2025-01-20 03:18:57,referral,mobile,3,1,1
2788,460,2025-01-20 03:52:46,organic,desktop,4,0,0
2789,,2025-01-20 09:44:09,organic,tablet,1,1,1
2790,,2025-01-20 11:18:19,email,mobile,1,0,0
2791,,2025-01-20 17:36:29,email,desktop,5,0,0
2792,554,2025-01-20 19:54:35,social,desktop,4,1,1
2793,70,2025-01-21 03:05:50,organic,mobile,2,0,0
2794,599,2025-01-21 05:35:28,referral,mobile,1,0,0
2795,,2025-01-21 08:55:38,organic,mobile,1,1,0
2796,221,2025-01-21 11:57:58,organic,desktop,1,0,0
2797,,2025-01-21 13:43:00,email,desktop,10,0,0
2798,571,2025-01-21 15:31:37,direct,mobile,1,0,0
2799,354,2025-01-21 15:44:42,social,mobile,3,0,0
2800,,2025-01-22 00:52:21,direct,desktop,2,0,0
2801,578,2025-01-22 03:55:19,organic,mobile,2,0,0
2802,519,2025-01-22 04:04:19,paid_search,mobile,9,1,0
2803,,2025-01-22 08:54:48,email,mobile,2,0,0
2804,462,2025-01-22 17:13:32,email,mobile,1,1,1
2805,357,2025-01-22 17:42:49,email,mobile,5,0,0
2806,224,2025-01-22 19:03:23,paid_search,desktop,6,1,1
2807,,2025-01-22 21:09:23,organic,mobile,1,0,0
2808,,2025-01-23 01:21:27,organic,mobile,1,0,0
2809,,2025-01-23 03:03:24,direct,mobile,2,0,0
2810,132,2025-01-23 04:56:53,direct,mobile,1,0,0
2811,238,2025-01-23 05:10:20,organic,mobile,1,0,0
2812,291,2025-01-23 08:22:31,email,mobile,4,0,0
2813,412,2025-01-23 09:40:51,email,desktop,16,0,0
2814,276,2025-01-23 11:36:12,paid_search,mobile,1,0,0
2815,,2025-01-23 16:00:15,organic,mobile,13,1,1
2816,,2025-01-23 16:32:43,referral,mobile,3,0,0
2817,,2025-01-23 17:45:33,organic,desktop,19,1,1
2818,,2025-01-23 18:15:30,organic,mobile,4,0,0
2819,,2025-01-23 18:54:15,social,desktop,14,0,0
2820,,2025-01-23 21:44:26,organic,mobile,7,0,0
2821,,2025-01-24 00:05:54,organic,tablet,2,0,0
2822,253,2025-01-24 02:33:27,organic,desktop,13,1,0
2823,,2025-01-24 04:20:35,paid_search,mobile,2,0,0
2824,,2025-01-24 05:00:12,direct,desktop,3,1,1
2825,,2025-01-24 06:45:31,direct,mobile,4,1,1
2826,225,2025-01-24 09:00:50,paid_search,desktop,10,0,0
2827,,2025-01-24 16:09:04,organic,mobile,1,0,0
2828,201,2025-01-24 16:12:42,organic,mobile,1,0,0
2829,7,2025-01-24 17:13:35,paid_search,mobile,7,0,0
2830,441,2025-01-24 19:14:06,referral,mobile,3,0,0
2831,,2025-01-25 07:06:41,referral,desktop,7,1,1
2832,171,2025-01-25 11:06:07,email,mobile,1,1,0
2833,589,2025-01-25 14:48:13,social,mobile,2,0,0
2834,1,2025-01-25 16:36:31,organic,mobile,1,1,1
2835,488,2025-01-25 20:09:29,social,mobile,6,0,0
2836,223,2025-01-25 21:50:38,organic,desktop,1,0,0
2837,,2025-01-25 23:46:09,social,mobile,1,0,0
2838,,2025-01-26 01:53:50,paid_search,tablet,1,0,0
2839,73,2025-01-26 04:03:25,email,mobile,10,1,1
2840,,2025-01-26 06:09:11,referral,desktop,4,0,0
2841,20,2025-01-26 11:05:31,social,desktop,3,0,0
2842,145,2025-01-26 12:59:12,email,desktop,7,0,0
2843,,2025-01-26 13:42:51,paid_search,mobile,2,1,1
2844,,2025-01-26 16:03:32,social,desktop,1,0,0
2845,,2025-01-27 01:55:53,organic,desktop,6,0,0
2846,64,2025-01-27 03:34:35,paid_search,mobile,1,0,0
2847,,2025-01-27 06:22:35,email,mobile,1,0,0
2848,,2025-01-27 08:04:36,social,mobile,2,0,0
2849,443,2025-01-27 08:25:38,organic,desktop,1,0,0
2850,,2025-01-27 14:06:39,email,desktop,8,0,0
2851,,2025-01-27 15:44:05,direct,mobile,1,1,1
2852,132,2025-01-27 16:49:08,organic,tablet,9,0,0
2853,231,2025-01-27 17:23:55,direct,mobile,1,0,0
2854,,2025-01-27 19:44:49,paid_search,mobile,3,0,0
2855,471,2025-01-27 23:00:15,organic,mobile,1,0,0
2856,,2025-01-28 00:55:15,email,desktop,11,0,0
2857,34,2025-01-28 01:36:22,organic,mobile,12,0,0
2858,,2025-01-28 08:33:09,social,desktop,5,1,0
2859,,2025-01-28 08:40:28,social,desktop,31,0,0
2860,497,2025-01-28 11:28:23,organic,mobile,7,1,0
2861,474,2025-01-28 14:39:25,organic,mobile,7,0,0
2862,394,2025-01-28 18:29:31,paid_search,mobile,11,0,0
2863,,2025-01-28 22:35:21,organic,desktop,9,0,0
2864,,2025-01-29 01:29:56,organic,mobile,6,0,0
2865,,2025-01-29 02:14:12,organic,mobile,14,1,0
2866,,2025-01-29 07:19:51,email,desktop,12,0,0
2867,150,2025-01-29 09:50:53,direct,mobile,1,0,0
2868,,2025-01-29 20:56:08,organic,tablet,4,0,0
2869,577,2025-01-30 01:38:17,referral,desktop,2,1,1
2870,,2025-01-30 01:40:13,paid_search,mobile,7,0,0
2871,,2025-01-30 05:25:57,organic,desktop,3,0,0
2872,304,2025-01-30 06:35:01,organic,desktop,1,0,0
2873,339,2025-01-30 11:06:24,email,mobile,1,1,1
2874,566,2025-01-30 11:30:27,referral,mobile,1,0,0
2875,,2025-01-30 14:01:51,email,mobile,4,1,0
2876,156,2025-01-30 14:06:31,social,desktop,1,1,0
2877,,2025-01-30 15:06:06,organic,desktop,1,0,0
2878,,2025-01-30 15:38:36,paid_search,tablet,3,0,0
2879,305,2025-01-30 16:35:09,organic,mobile,1,0,0
2880,595,2025-01-30 17:32:36,paid_search,desktop,6,0,0
2881,152,2025-01-30 17:48:04,organic,mobile,3,0,0
2882,,2025-01-30 18:00:36,direct,mobile,1,0,0
2883,,2025-01-31 04:10:07,social,desktop,2,0,0
2884,137,2025-01-31 04:15:51,direct,mobile,4,0,0
2885,157,2025-01-31 07:39:14,organic,desktop,11,0,0
2886,476,2025-01-31 10:07:02,paid_search,desktop,1,0,0
2887,221,2025-01-31 12:47:32,email,desktop,8,1,1
2888,,2025-01-31 16:43:02,paid_search,mobile,5,0,0
2889,3,2025-01-31 20:02:44,paid_search,mobile,8,0,0
2890,6,2025-01-31 20:09:53,organic,mobile,7,0,0
2891,514,2025-02-01 04:20:41,social,mobile,2,0,0
2892,24,2025-02-01 05:22:19,organic,desktop,11,0,0
2893,,2025-02-01 07:32:40,direct,mobile,2,0,0
2894,,2025-02-01 09:50:21,paid_search,mobile,13,1,1
2895,,2025-02-01 15:11:31,referral,mobile,8,1,0
2896,,2025-02-01 22:16:23,direct,desktop,6,0,0
2897,361,2025-02-01 23:26:24,paid_search,desktop,7,0,0
2898,,2025-02-02 02:16:37,organic,desktop,3,0,0
2899,,2025-02-02 07:46:39,social,mobile,2,1,1
2900,384,2025-02-02 08:00:45,organic,desktop,1,0,0
2901,,2025-02-02 08:10:49,social,desktop,20,0,0
2902,,2025-02-02 08:38:14,direct,mobile,1,0,0
2903,274,2025-02-02 11:00:31,direct,mobile,14,1,0
2904,,2025-02-02 13:26:56,social,mobile,11,1,0
2905,,2025-02-02 14:18:02,organic,desktop,3,0,0
2906,,2025-02-03 06:20:39,paid_search,desktop,3,0,0
2907,,2025-02-03 06:54:31,direct,desktop,1,0,0
2908,,2025-02-03 07:02:22,email,desktop,1,0,0
2909,550,2025-02-03 07:11:08,organic,desktop,1,0,0
2910,,2025-02-03 07:36:12,organic,desktop,15,1,0
2911,,2025-02-03 09:40:21,organic,desktop,2,0,0
2912,,2025-02-03 14:04:22,paid_search,desktop,1,0,0
2913,,2025-02-03 15:05:08,social,mobile,5,0,0
2914,,2025-02-03 16:18:28,organic,mobile,4,0,0
2915,,2025-02-03 17:12:35,paid_search,mobile,1,0,0
2916,,2025-02-03 19:44:30,social,mobile,4,0,0
2917,67,2025-02-03 20:44:55,paid_search,mobile,1,1,0
2918,,2025-02-03 21:17:38,direct,mobile,6,0,0
2919,,2025-02-03 22:45:13,social,desktop,3,0,0
2920,,2025-02-03 22:51:47,organic,mobile,1,1,0
2921,555,2025-02-04 02:21:27,social,mobile,1,0,0
2922,,2025-02-04 02:41:52,organic,desktop,4,0,0
2923,,2025-02-04 10:23:54,organic,desktop,12,1,0
2924,105,2025-02-04 10:45:31,referral,mobile,1,0,0
2925,248,2025-02-04 12:14:12,email,mobile,5,1,0
2926,,2025-02-04 12:46:04,social,mobile,7,0,0
2927,,2025-02-04 14:45:14,organic,mobile,7,1,0
2928,277,2025-02-04 16:32:30,organic,mobile,3,0,0
2929,484,2025-02-04 18:00:39,organic,mobile,2,0,0
2930,,2025-02-04 19:19:40,social,mobile,1,0,0
2931,463,2025-02-04 21:35:16,organic,mobile,1,1,0
2932,152,2025-02-04 21:49:12,paid_search,mobile,16,1,1
2933,537,2025-02-04 22:04:23,social,desktop,4,0,0
2934,,2025-02-05 01:12:58,direct,mobile,5,0,0
2935,,2025-02-05 01:14:36,email,tablet,1,1,0
2936,329,2025-02-05 02:32:01,organic,mobile,9,0,0
2937,,2025-02-05 04:50:13,organic,mobile,1,0,0
2938,,2025-02-05 08:26:26,social,mobile,8,0,0
2939,180,2025-02-05 08:59:06,social,mobile,1,0,0
2940,468,2025-02-05 12:44:59,email,mobile,1,0,0
2941,312,2025-02-05 16:43:12,organic,mobile,4,0,0
2942,98,2025-02-05 17:41:20,email,desktop,14,1,1
2943,127,2025-02-05 17:45:13,organic,desktop,6,0,0
2944,,2025-02-05 19:02:37,organic,desktop,2,0,0
2945,,2025-02-05 19:14:48,organic,desktop,1,0,0
2946,381,2025-02-05 22:14:27,organic,desktop,3,0,0
2947,188,2025-02-05 23:00:12,organic,desktop,2,0,0
2948,,2025-02-06 02:11:01,organic,mobile,6,1,0
2949,,2025-02-06 05:16:01,paid_search,mobile,2,0,0
2950,83,2025-02-06 05:40:14,paid_search,mobile,2,0,0
2951,431,2025-02-06 07:27:03,email,desktop,3,0,0
2952,,2025-02-06 09:24:15,organic,mobile,1,0,0
2953,,2025-02-06 11:11:58,direct,mobile,5,0,0
2954,,2025-02-06 14:44:58,email,tablet,8,0,0
2955,,2025-02-06 17:26:02,organic,tablet,2,0,0
2956,,2025-02-06 19:06:52,social,desktop,7,0,0
2957,204,2025-02-06 20:12:36,paid_search,mobile,6,0,0
2958,563,2025-02-07 04:03:21,organic,mobile,4,0,0
2959,,2025-02-07 05:54:09,organic,mobile,9,0,0
2960,428,2025-02-07 07:42:13,organic,desktop,9,0,0
2961,456,2025-02-07 11:48:26,organic,mobile,1,0,0
2962,,2025-02-07 12:55:11,organic,desktop,3,0,0
2963,,2025-02-07 14:25:39,organic,mobile,2,0,0
2964,,2025-02-07 16:32:31,organic,desktop,7,0,0
2965,584,2025-02-08 02:54:04,organic,mobile,1,0,0
2966,,2025-02-08 03:56:28,paid_search,desktop,1,0,0
2967,549,2025-02-08 06:36:42,organic,mobile,1,0,0
2968,,2025-02-08 12:39:07,paid_search,desktop,5,1,0
2969,,2025-02-08 14:38:47,organic,mobile,3,1,0
2970,,2025-02-08 14:56:22,paid_search,mobile,1,1,1
2971,,2025-02-08 15:50:29,paid_search,desktop,3,0,0
2972,226,2025-02-08 17:32:37,organic,tablet,5,0,0
2973,321,2025-02-08 19:13:26,social,mobile,1,0,0
2974,,2025-02-08 19:28:07,direct,mobile,8,0,0
2975,55,2025-02-09 03:56:45,email,desktop,1,0,0
2976,271,2025-02-09 06:03:03,social,mobile,2,0,0
2977,,2025-02-09 16:45:02,organic,desktop,1,0,0
2978,50,2025-02-09 17:30:07,social,mobile,4,1,1
2979,,2025-02-09 20:23:23,organic,tablet,1,0,0
2980,,2025-02-09 23:33:31,email,tablet,2,0,0
2981,,2025-02-10 05:00:59,paid_search,mobile,2,0,0
2982,336,2025-02-10 05:29:16,direct,mobile,18,1,1
2983,495,2025-02-10 05:50:31,paid_search,mobile,1,0,0
2984,540,2025-02-10 05:54:37,referral,desktop,2,0,0
2985,,2025-02-10 09:27:29,direct,mobile,3,0,0
2986,304,2025-02-10 13:08:30,organic,mobile,3,0,0
2987,,2025-02-10 13:40:36,paid_search,desktop,1,0,0
2988,40,2025-02-10 16:46:29,organic,mobile,2,0,0
2989,,2025-02-10 17:51:09,organic,desktop,4,0,0
2990,88,2025-02-10 18:39:55,paid_search,mobile,5,0,0
2991,341,2025-02-10 21:17:22,paid_search,mobile,1,0,0
2992,68,2025-02-11 00:18:48,paid_search,mobile,3,1,1
2993,79,2025-02-11 03:20:04,organic,desktop,5,0,0
2994,580,2025-02-11 08:19:25,paid_search,mobile,1,0,0
2995,,2025-02-11 10:14:38,referral,desktop,1,0,0
2996,5,2025-02-11 15:17:00,social,tablet,2,0,0
2997,,2025-02-11 15:42:20,organic,tablet,2,0,0
2998,,2025-02-11 20:17:03,email,mobile,3,0,0
2999,,2025-02-11 21:11:05,paid_search,desktop,10,0,0
3000,368,2025-02-12 01:11:58,organic,tablet,1,0,0
3001,,2025-02-12 02:52:59,direct,desktop,1,0,0
3002,431,2025-02-12 04:08:02,organic,mobile,1,0,0
3003,254,2025-02-12 04:21:20,direct,desktop,11,1,0
3004,338,2025-02-12 05:55:31,referral,mobile,4,0,0
3005,567,2025-02-12 09:51:07,direct,mobile,9,1,0
3006,454,2025-02-12 14:38:16,direct,mobile,1,0,0
3007,565,2025-02-12 16:31:32,email,mobile,24,1,0
3008,278,2025-02-12 17:21:43,social,desktop,3,0,0
3009,321,2025-02-12 18:02:40,organic,mobile,6,0,0
3010,381,2025-02-12 22:59:26,organic,mobile,2,0,0
3011,,2025-02-12 23:33:22,social,mobile,1,0,0
3012,,2025-02-13 01:57:46,paid_search,desktop,13,1,0
3013,242,2025-02-13 04:51:56,organic,desktop,5,0,0
3014,,2025-02-13 05:19:57,social,mobile,3,0,0
3015,,2025-02-13 09:56:01,paid_search,mobile,1,0,0
3016,,2025-02-13 12:13:49,organic,desktop,2,0,0
3017,,2025-02-13 13:49:12,social,desktop,14,0,0
3018,,2025-02-13 14:03:46,paid_search,desktop,8,0,0
3019,,2025-02-13 14:42:36,paid_search,mobile,6,0,0
3020,165,2025-02-13 18:49:42,paid_search,mobile,7,0,0
3021,,2025-02-13 19:10:55,email,mobile,2,1,0
3022,,2025-02-13 19:57:23,social,mobile,6,0,0
3023,,2025-02-13 19:58:49,organic,desktop,6,1,1
3024,20,2025-02-13 20:46:43,social,desktop,4,0,0
3025,559,2025-02-14 06:27:34,social,mobile,12,1,0
3026,,2025-02-14 08:03:43,paid_search,mobile,1,0,0
3027,,2025-02-14 08:48:32,social,mobile,3,0,0
3028,88,2025-02-14 13:12:48,paid_search,desktop,2,0,0
3029,77,2025-02-14 14:17:39,direct,tablet,1,0,0
3030,,2025-02-14 16:17:15,email,mobile,1,0,0
3031,115,2025-02-15 00:07:01,social,desktop,9,0,0
3032,114,2025-02-15 03:36:13,paid_search,mobile,1,0,0
3033,476,2025-02-15 06:15:15,organic,mobile,11,1,0
3034,,2025-02-15 07:17:56,organic,desktop,2,0,0
3035,,2025-02-15 10:53:27,direct,desktop,16,0,0
3036,,2025-02-15 12:08:41,paid_search,mobile,8,0,0
3037,184,2025-02-15 13:06:18,social,mobile,13,1,1
3038,524,2025-02-15 14:52:26,paid_search,desktop,7,0,0
3039,,2025-02-15 18:30:18,paid_search,mobile,1,0,0
3040,,2025-02-15 21:24:16,organic,mobile,5,0,0
3041,,2025-02-16 00:44:31,organic,mobile,7,0,0
3042,137,2025-02-16 03:13:44,direct,mobile,1,0,0
3043,25,2025-02-16 08:47:10,organic,desktop,17,1,0
3044,200,2025-02-16 14:19:03,organic,mobile,1,0,0
3045,,2025-02-16 17:48:50,social,mobile,1,1,0
3046,,2025-02-16 19:42:19,referral,mobile,3,0,0
3047,10,2025-02-16 20:52:31,email,desktop,6,0,0
3048,,2025-02-16 22:18:29,social,mobile,1,0,0
3049,64,2025-02-16 23:27:10,direct,desktop,5,0,0
3050,215,2025-02-16 23:46:56,direct,mobile,2,0,0
3051,424,2025-02-17 00:45:28,referral,desktop,52,1,1
3052,,2025-02-17 02:16:20,social,mobile,4,0,0
3053,160,2025-02-17 03:42:52,email,mobile,3,0,0
3054,376,2025-02-17 04:13:23,organic,mobile,9,0,0
3055,276,2025-02-17 04:14:51,paid_search,mobile,6,1,0
3056,,2025-02-17 04:24:23,social,desktop,2,0,0
3057,175,2025-02-17 06:37:11,email,mobile,6,1,0
3058,,2025-02-17 08:31:33,organic,mobile,1,0,0
3059,,2025-02-17 09:13:19,paid_search,mobile,1,0,0
3060,18,2025-02-17 12:27:36,direct,desktop,10,0,0
3061,,2025-02-17 17:24:54,referral,mobile,2,0,0
3062,95,2025-02-17 19:46:38,organic,mobile,3,0,0
3063,,2025-02-18 00:57:52,organic,mobile,6,0,0
3064,13,2025-02-18 01:34:17,organic,tablet,2,0,0
3065,,2025-02-18 01:40:23,organic,mobile,14,0,0
3066,,2025-02-18 04:05:07,paid_search,mobile,1,0,0
3067,105,2025-02-18 11:37:54,paid_search,desktop,1,0,0
3068,,2025-02-18 15:32:19,organic,mobile,13,0,0
3069,,2025-02-18 17:21:43,organic,mobile,1,0,0
3070,,2025-02-18 19:46:59,organic,mobile,2,1,0
3071,,2025-02-18 20:05:51,paid_search,desktop,1,0,0
3072,,2025-02-18 20:21:40,organic,desktop,4,0,0
3073,,2025-02-18 21:47:09,paid_search,desktop,6,0,0
3074,510,2025-02-19 06:38:20,paid_search,mobile,5,0,0
3075,,2025-02-19 10:02:57,organic,desktop,3,0,0
3076,435,2025-02-19 10:13:37,social,desktop,7,1,1
3077,150,2025-02-19 12:27:00,direct,desktop,6,0,0
3078,571,2025-02-19 19:07:04,social,desktop,11,0,0
3079,256,2025-02-19 21:15:57,email,mobile,2,0,0
3080,411,2025-02-20 01:43:53,social,desktop,5,0,0
3081,97,2025-02-20 02:43:53,direct,mobile,3,0,0
3082,442,2025-02-20 07:52:44,referral,desktop,1,0,0
3083,,2025-02-20 08:57:48,organic,desktop,1,0,0
3084,,2025-02-20 17:35:51,email,desktop,7,0,0
3085,,2025-02-20 17:52:13,organic,mobile,1,0,0
3086,,2025-02-21 00:52:00,email,mobile,2,1,1
3087,250,2025-02-21 04:49:13,direct,mobile,1,0,0
3088,,2025-02-21 05:20:31,direct,mobile,8,0,0
3089,12,2025-02-21 08:52:24,paid_search,mobile,3,0,0
3090,79,2025-02-21 09:36:07,paid_search,mobile,6,0,0
3091,,2025-02-21 10:07:57,direct,desktop,15,0,0
3092,,2025-02-21 16:05:07,organic,desktop,2,0,0
3093,,2025-02-21 16:17:36,referral,mobile,1,0,0
3094,,2025-02-21 19:29:38,organic,mobile,9,1,0
3095,,2025-02-21 21:53:43,referral,mobile,4,0,0
3096,,2025-02-21 22:28:34,direct,mobile,8,1,1
3097,,2025-02-22 03:07:09,organic,mobile,4,0,0
3098,,2025-02-22 03:13:36,direct,mobile,6,0,0
3099,,2025-02-22 03:33:23,paid_search,tablet,9,0,0
3100,,2025-02-22 04:07:48,direct,mobile,1,0,0
3101,,2025-02-22 06:09:47,organic,mobile,2,0,0
3102,,2025-02-22 07:54:12,organic,mobile,3,1,0
3103,,2025-02-22 10:34:06,social,mobile,3,0,0
3104,428,2025-02-22 11:41:54,social,mobile,5,0,0
3105,,2025-02-22 13:13:55,email,mobile,3,0,0
3106,,2025-02-22 16:33:10,organic,mobile,1,0,0
3107,63,2025-02-22 19:13:49,organic,desktop,10,0,0
3108,467,2025-02-22 21:26:58,paid_search,desktop,6,0,0
3109,546,2025-02-22 22:40:36,direct,tablet,6,1,1
3110,,2025-02-23 00:16:18,paid_search,mobile,5,0,0
3111,,2025-02-23 12:45:37,organic,mobile,1,0,0
3112,,2025-02-23 14:05:43,social,mobile,1,0,0
3113,,2025-02-23 18:40:17,paid_search,mobile,2,0,0
3114,568,2025-02-23 20:52:37,organic,mobile,1,0,0
3115,593,2025-02-23 21:08:59,social,mobile,1,0,0
3116,,2025-02-23 21:44:02,paid_search,mobile,4,0,0
3117,,2025-02-23 22:05:27,direct,tablet,1,0,0
3118,236,2025-02-23 23:27:10,organic,desktop,7,0,0
3119,,2025-02-24 01:50:31,organic,tablet,17,1,1
3120,113,2025-02-24 01:58:50,email,mobile,1,0,0
3121,435,2025-02-24 03:46:47,organic,desktop,1,0,0
3122,,2025-02-24 04:48:44,social,mobile,3,0,0
3123,561,2025-02-24 05:57:19,direct,mobile,4,0,0
3124,265,2025-02-24 12:28:08,organic,tablet,1,0,0
3125,284,2025-02-24 15:23:10,organic,mobile,4,1,0
3126,,2025-02-24 18:36:15,paid_search,desktop,1,0,0
3127,12,2025-02-24 18:45:06,paid_search,mobile,3,0,0
3128,,2025-02-24 19:56:27,organic,mobile,2,0,0
3129,151,2025-02-24 20:38:37,paid_search,tablet,1,0,0
3130,120,2025-02-24 23:37:48,direct,desktop,1,0,0
3131,448,2025-02-25 01:21:12,email,desktop,13,1,1
3132,,2025-02-25 02:58:22,organic,mobile,13,1,1
3133,164,2025-02-25 06:02:09,paid_search,mobile,1,1,0
3134,,2025-02-25 07:12:14,organic,desktop,1,0,0
3135,,2025-02-25 08:17:57,organic,desktop,2,0,0
3136,,2025-02-25 09:42:43,paid_search,mobile,3,0,0
3137,,2025-02-25 15:16:28,paid_search,desktop,6,0,0
3138,,2025-02-25 15:35:54,organic,desktop,3,0,0
3139,,2025-02-25 16:08:35,organic,desktop,1,0,0
3140,,2025-02-25 17:42:01,referral,desktop,7,0,0
3141,124,2025-02-25 22:47:14,direct,mobile,2,0,0
3142,123,2025-02-25 23:28:07,social,mobile,7,0,0
3143,56,2025-02-25 23:41:27,paid_search,desktop,13,1,1
3144,,2025-02-26 03:43:08,direct,desktop,5,1,1
3145,,2025-02-26 04:23:28,organic,desktop,1,0,0
3146,,2025-02-26 04:38:14,organic,mobile,8,0,0
3147,,2025-02-26 06:51:57,organic,desktop,1,0,0
3148,,2025-02-26 08:13:41,paid_search,mobile,1,1,1
3149,596,2025-02-26 13:41:08,social,mobile,19,0,0
3150,294,2025-02-26 16:15:23,direct,desktop,2,0,0
3151,439,2025-02-26 16:32:01,social,desktop,5,0,0
3152,297,2025-02-26 19:44:07,organic,mobile,1,0,0
3153,,2025-02-26 21:45:17,paid_search,mobile,1,0,0
3154,,2025-02-26 23:48:36,email,mobile,3,0,0
3155,311,2025-02-27 02:59:00,direct,mobile,1,0,0
3156,,2025-02-27 07:16:33,direct,mobile,8,0,0
3157,536,2025-02-27 09:13:56,paid_search,mobile,1,0,0
3158,489,2025-02-27 09:58:14,social,mobile,5,0,0
3159,,2025-02-27 18:11:15,direct,desktop,4,0,0
3160,,2025-02-27 21:07:18,direct,desktop,1,0,0
3161,,2025-02-28 03:12:00,social,mobile,1,0,0
3162,,2025-02-28 12:37:59,organic,mobile,1,0,0
3163,393,2025-02-28 14:34:36,direct,mobile,3,0,0
3164,,2025-02-28 21:49:19,direct,mobile,1,0,0
3165,,2025-02-28 22:32:28,email,mobile,1,1,0
3166,,2025-02-28 23:41:15,email,desktop,5,1,1
3167,392,2025-02-28 23:51:32,social,mobile,2,0,0
3168,,2025-03-01 06:20:17,organic,desktop,12,0,0
3169,,2025-03-01 07:16:29,organic,desktop,3,0,0
3170,,2025-03-01 08:28:56,organic,desktop,6,0,0
3171,308,2025-03-01 10:47:03,email,mobile,3,1,1
3172,38,2025-03-01 15:31:41,social,mobile,7,1,1
3173,,2025-03-01 21:13:32,email,mobile,1,0,0
3174,78,2025-03-02 08:29:31,social,desktop,1,0,0
3175,,2025-03-02 11:00:05,paid_search,desktop,1,0,0
3176,,2025-03-02 16:00:10,paid_search,mobile,1,0,0
3177,198,2025-03-02 16:56:50,direct,mobile,3,0,0
3178,,2025-03-02 17:06:21,organic,mobile,1,0,0
3179,256,2025-03-02 17:51:19,paid_search,desktop,1,0,0
3180,,2025-03-03 01:00:19,direct,mobile,16,0,0
3181,291,2025-03-03 06:50:09,organic,mobile,10,1,0
3182,531,2025-03-03 07:24:07,organic,mobile,9,0,0
3183,,2025-03-03 16:23:45,direct,desktop,14,1,1
3184,,2025-03-03 16:23:48,organic,desktop,10,0,0
3185,392,2025-03-03 22:08:57,paid_search,desktop,1,0,0
3186,438,2025-03-03 23:05:33,social,desktop,5,0,0
3187,176,2025-03-04 01:24:16,direct,mobile,3,1,1
3188,111,2025-03-04 03:06:21,organic,desktop,4,0,0
3189,,2025-03-04 04:40:07,referral,desktop,3,1,1
3190,,2025-03-04 07:04:36,organic,mobile,1,0,0
3191,121,2025-03-04 08:11:01,email,desktop,6,0,0
3192,,2025-03-04 09:40:12,direct,desktop,5,0,0
3193,224,2025-03-04 23:31:36,organic,desktop,3,0,0
3194,402,2025-03-05 00:23:13,paid_search,desktop,1,0,0
3195,548,2025-03-05 03:35:11,paid_search,mobile,2,0,0
3196,486,2025-03-05 06:30:39,social,mobile,2,1,0
3197,,2025-03-05 06:38:48,direct,desktop,2,0,0
3198,154,2025-03-05 07:40:16,email,mobile,8,1,0
3199,,2025-03-05 10:13:45,social,desktop,1,0,0
3200,31,2025-03-05 12:08:07,paid_search,desktop,3,0,0
3201,,2025-03-05 14:55:53,email,mobile,3,0,0
3202,100,2025-03-05 15:30:42,social,mobile,1,0,0
3203,,2025-03-05 15:49:30,organic,desktop,2,0,0
3204,,2025-03-05 18:48:36,paid_search,desktop,13,1,1
3205,,2025-03-05 21:04:47,direct,mobile,1,0,0
3206,52,2025-03-06 00:47:19,organic,mobile,9,0,0
3207,,2025-03-06 05:22:57,paid_search,tablet,4,1,1
3208,209,2025-03-06 09:11:37,email,mobile,1,0,0
3209,,2025-03-06 14:25:40,paid_search,tablet,6,1,0
3210,521,2025-03-06 14:59:41,organic,mobile,2,0,0
3211,,2025-03-06 15:55:25,email,desktop,7,0,0
3212,,2025-03-06 17:45:06,organic,mobile,13,1,0
3213,,2025-03-06 21:17:56,social,tablet,2,0,0
3214,558,2025-03-06 23:07:07,email,desktop,14,1,1
3215,,2025-03-07 00:40:03,email,mobile,1,0,0
3216,,2025-03-07 05:41:37,organic,mobile,5,0,0
3217,,2025-03-07 07:21:15,social,mobile,11,0,0
3218,118,2025-03-07 13:14:08,social,mobile,1,0,0
3219,65,2025-03-07 21:25:58,organic,mobile,1,0,0
3220,462,2025-03-08 01:35:47,organic,mobile,1,0,0
3221,,2025-03-08 03:09:22,organic,desktop,3,0,0
3222,237,2025-03-08 08:02:04,direct,desktop,1,0,0
3223,,2025-03-08 09:03:04,direct,mobile,3,0,0
3224,,2025-03-08 11:03:25,paid_search,mobile,1,0,0
3225,,2025-03-08 15:51:52,organic,mobile,8,0,0
3226,,2025-03-08 17:12:31,email,desktop,3,1,0
3227,,2025-03-08 19:21:08,organic,mobile,2,0,0
3228,,2025-03-08 20:46:26,organic,mobile,10,0,0
3229,597,2025-03-09 15:37:13,social,desktop,8,0,0
3230,336,2025-03-09 20:46:09,social,mobile,4,0,0
3231,,2025-03-09 20:55:28,organic,desktop,3,0,0
3232,494,2025-03-09 21:57:51,email,mobile,3,0,0
3233,,2025-03-10 04:56:04,paid_search,mobile,5,0,0
3234,435,2025-03-10 06:56:20,paid_search,desktop,3,0,0
3235,,2025-03-10 07:25:07,social,tablet,3,0,0
3236,217,2025-03-10 11:14:06,organic,desktop,14,1,1
3237,,2025-03-10 11:40:39,organic,desktop,9,0,0
3238,,2025-03-10 17:04:39,paid_search,desktop,1,0,0
3239,,2025-03-10 18:06:33,email,desktop,3,0,0
3240,,2025-03-10 18:46:13,email,tablet,12,0,0
3241,586,2025-03-10 22:25:10,paid_search,mobile,1,0,0
3242,,2025-03-10 23:41:30,direct,desktop,2,0,0
3243,,2025-03-11 07:44:34,paid_search,mobile,6,0,0
3244,,2025-03-11 09:35:48,social,tablet,1,0,0
3245,,2025-03-11 09:56:50,organic,desktop,2,0,0
3246,430,2025-03-11 15:24:30,paid_search,mobile,3,0,0
3247,555,2025-03-11 16:48:51,organic,desktop,2,0,0
3248,,2025-03-11 17:27:45,organic,mobile,1,0,0
3249,,2025-03-11 18:03:18,paid_search,desktop,2,0,0
3250,389,2025-03-11 19:55:20,email,desktop,2,0,0
3251,253,2025-03-11 19:55:41,direct,mobile,2,0,0
3252,130,2025-03-12 03:13:35,social,desktop,4,1,0
3253,,2025-03-12 04:48:12,organic,desktop,3,0,0
3254,,2025-03-12 05:47:36,direct,mobile,1,0,0
3255,,2025-03-12 13:58:13,organic,desktop,2,0,0
3256,394,2025-03-12 17:42:24,paid_search,mobile,1,0,0
3257,300,2025-03-13 02:01:59,referral,desktop,11,0,0
3258,216,2025-03-13 02:51:59,referral,mobile,3,0,0
3259,,2025-03-13 03:16:39,direct,mobile,1,0,0
3260,,2025-03-13 06:01:36,paid_search,desktop,4,1,0
3261,,2025-03-13 08:33:18,email,desktop,5,0,0
3262,,2025-03-13 08:47:59,organic,desktop,16,1,0
3263,163,2025-03-13 15:28:37,social,mobile,9,0,0
3264,,2025-03-14 04:01:41,referral,mobile,1,0,0
3265,,2025-03-14 05:07:40,direct,mobile,1,0,0
3266,,2025-03-14 07:58:23,direct,desktop,13,0,0
3267,,2025-03-14 08:50:19,organic,mobile,8,0,0
3268,,2025-03-14 11:43:47,paid_search,mobile,11,0,0
3269,49,2025-03-14 12:31:26,paid_search,tablet,3,0,0
3270,256,2025-03-14 16:38:08,direct,desktop,4,0,0
3271,,2025-03-14 18:38:43,organic,mobile,2,1,0
3272,,2025-03-14 19:28:13,social,mobile,1,0,0
3273,,2025-03-14 22:34:13,organic,mobile,7,0,0
3274,433,2025-03-15 00:30:29,paid_search,mobile,1,1,1
3275,,2025-03-15 02:01:49,organic,tablet,6,0,0
3276,,2025-03-15 07:10:49,organic,mobile,1,0,0
3277,,2025-03-15 07:33:04,social,desktop,14,0,0
3278,353,2025-03-15 10:23:07,organic,mobile,3,0,0
3279,,2025-03-15 11:55:51,organic,mobile,1,0,0
3280,19,2025-03-15 14:10:26,organic,mobile,1,1,1
3281,,2025-03-15 16:45:05,organic,mobile,3,0,0
3282,,2025-03-15 16:57:22,direct,desktop,13,1,0
3283,,2025-03-15 18:10:37,direct,tablet,1,0,0
3284,,2025-03-15 18:39:58,organic,desktop,7,0,0
3285,,2025-03-15 20:00:38,organic,mobile,4,0,0
3286,,2025-03-15 23:55:52,social,mobile,2,1,1
3287,170,2025-03-16 03:02:26,email,desktop,6,1,0
3288,,2025-03-16 03:10:22,organic,mobile,7,0,0
3289,593,2025-03-16 03:14:36,paid_search,mobile,1,0,0
3290,370,2025-03-16 04:07:00,referral,desktop,4,0,0
3291,564,2025-03-16 04:14:13,paid_search,mobile,1,0,0
3292,,2025-03-16 08:08:31,organic,mobile,13,1,0
3293,,2025-03-16 09:43:22,organic,mobile,5,0,0
3294,,2025-03-16 13:46:19,organic,desktop,1,0,0
3295,319,2025-03-16 15:39:38,social,tablet,3,0,0
3296,,2025-03-16 16:40:18,paid_search,desktop,1,0,0
3297,356,2025-03-16 17:38:40,email,desktop,3,0,0
3298,,2025-03-16 18:47:26,paid_search,tablet,7,1,0
3299,,2025-03-16 23:23:09,paid_search,mobile,1,0,0
3300,222,2025-03-16 23:36:54,email,tablet,1,0,0
3301,225,2025-03-17 04:55:30,paid_search,tablet,8,1,0
3302,442,2025-03-17 08:36:37,email,desktop,1,0,0
3303,103,2025-03-17 09:39:26,email,mobile,2,0,0
3304,244,2025-03-17 12:20:45,social,mobile,5,0,0
3305,,2025-03-17 12:37:39,direct,desktop,2,0,0
3306,,2025-03-17 15:05:40,social,desktop,5,0,0
3307,,2025-03-17 17:24:24,referral,mobile,1,0,0
3308,,2025-03-17 19:32:12,paid_search,desktop,10,1,1
3309,348,2025-03-18 04:53:49,email,desktop,2,0,0
3310,207,2025-03-18 11:52:24,paid_search,mobile,2,0,0
3311,,2025-03-18 14:45:35,organic,desktop,4,0,0
3312,56,2025-03-18 20:17:46,referral,desktop,5,1,1
3313,103,2025-03-18 20:33:53,direct,mobile,2,0,0
3314,,2025-03-18 21:01:50,direct,mobile,1,1,0
3315,563,2025-03-18 23:34:59,referral,desktop,1,0,0
3316,,2025-03-19 01:09:16,organic,mobile,2,0,0
3317,,2025-03-19 01:10:27,social,desktop,17,0,0
3318,158,2025-03-19 02:59:15,organic,desktop,3,1,1
3319,,2025-03-19 10:00:11,social,desktop,3,1,1
3320,,2025-03-19 10:04:17,direct,desktop,4,0,0
3321,566,2025-03-19 10:48:52,paid_search,desktop,3,0,0
3322,281,2025-03-19 12:38:23,paid_search,tablet,8,1,0
3323,462,2025-03-19 14:28:31,social,mobile,1,0,0
3324,309,2025-03-19 14:48:27,social,desktop,2,1,0
3325,,2025-03-19 16:12:51,social,mobile,6,0,0
3326,26,2025-03-19 17:17:37,email,mobile,4,0,0
3327,,2025-03-19 17:28:09,paid_search,mobile,1,0,0
3328,,2025-03-19 23:22:38,referral,mobile,3,0,0
3329,73,2025-03-20 00:54:46,paid_search,desktop,8,0,0
3330,254,2025-03-20 01:42:44,social,mobile,3,0,0
3331,,2025-03-20 08:33:10,direct,mobile,7,1,0
3332,,2025-03-20 12:32:40,social,mobile,1,1,0
3333,,2025-03-20 15:07:08,social,mobile,8,0,0
3334,,2025-03-20 15:31:17,social,mobile,3,1,0
3335,362,2025-03-20 18:04:38,organic,desktop,4,0,0
3336,,2025-03-20 23:52:54,social,desktop,15,0,0
3337,,2025-03-21 03:16:36,organic,mobile,3,0,0
3338,,2025-03-21 03:34:52,paid_search,mobile,7,0,0
3339,,2025-03-21 05:14:53,referral,mobile,2,0,0
3340,,2025-03-21 06:12:44,paid_search,mobile,7,0,0
3341,,2025-03-21 17:12:56,referral,mobile,7,0,0
3342,,2025-03-21 18:55:40,paid_search,desktop,1,0,0
3343,,2025-03-21 23:13:51,social,mobile,7,0,0
3344,,2025-03-22 02:22:56,organic,desktop,1,0,0
3345,183,2025-03-22 07:08:19,organic,mobile,2,0,0
3346,478,2025-03-22 08:46:35,organic,mobile,1,0,0
3347,565,2025-03-22 09:02:38,paid_search,tablet,1,0,0
3348,399,2025-03-22 12:56:32,direct,tablet,5,0,0
3349,,2025-03-22 15:09:31,direct,mobile,3,0,0
3350,161,2025-03-22 19:09:40,email,desktop,10,0,0
3351,155,2025-03-22 19:40:21,organic,mobile,3,1,1
3352,,2025-03-22 21:04:48,paid_search,mobile,4,0,0
3353,,2025-03-23 04:33:05,social,mobile,2,0,0
3354,246,2025-03-23 05:58:44,organic,mobile,1,0,0
3355,,2025-03-23 07:27:12,organic,mobile,9,1,0
3356,,2025-03-23 07:37:28,paid_search,mobile,2,0,0
3357,59,2025-03-23 10:54:39,social,mobile,4,0,0
3358,566,2025-03-23 11:20:16,referral,mobile,4,0,0
3359,560,2025-03-23 20:02:20,email,mobile,1,0,0
3360,,2025-03-23 22:17:53,email,desktop,3,0,0
3361,554,2025-03-24 05:27:11,organic,desktop,7,0,0
3362,129,2025-03-24 05:44:37,organic,mobile,7,0,0
3363,,2025-03-24 06:01:00,referral,tablet,4,1,0
3364,,2025-03-24 07:26:03,paid_search,tablet,1,0,0
3365,,2025-03-24 09:53:27,paid_search,mobile,3,0,0
3366,,2025-03-24 10:56:33,organic,mobile,2,0,0
3367,520,2025-03-24 12:35:50,organic,mobile,3,0,0
3368,,2025-03-24 14:51:24,organic,desktop,2,1,1
3369,,2025-03-24 15:58:17,direct,desktop,1,0,0
3370,,2025-03-24 18:04:13,paid_search,mobile,2,0,0
3371,505,2025-03-24 19:18:09,organic,mobile,5,1,0
3372,,2025-03-24 20:44:06,direct,desktop,10,1,1
3373,532,2025-03-25 02:20:34,organic,desktop,16,1,0
3374,,2025-03-25 08:30:47,organic,desktop,9,0,0
3375,,2025-03-25 13:11:30,email,desktop,5,1,0
3376,163,2025-03-25 20:20:03,paid_search,mobile,1,0,0
3377,,2025-03-25 22:14:04,organic,mobile,4,0,0
3378,,2025-03-26 00:24:26,social,mobile,6,1,0
3379,,2025-03-26 03:48:02,direct,mobile,9,0,0
3380,,2025-03-26 04:05:53,organic,desktop,2,0,0
3381,427,2025-03-26 13:05:03,organic,desktop,2,1,1
3382,,2025-03-26 15:45:47,paid_search,desktop,19,0,0
3383,210,2025-03-26 19:12:42,organic,mobile,4,0,0
3384,,2025-03-26 21:22:53,organic,mobile,1,0,0
3385,,2025-03-26 23:05:34,direct,mobile,1,0,0
3386,,2025-03-27 00:06:13,social,desktop,1,0,0
3387,416,2025-03-27 01:50:09,direct,desktop,16,0,0
3388,524,2025-03-27 02:00:22,social,desktop,1,0,0
3389,,2025-03-27 03:58:29,direct,mobile,3,0,0
3390,233,2025-03-27 04:47:48,organic,mobile,3,0,0
3391,516,2025-03-27 05:30:58,organic,desktop,3,0,0
3392,,2025-03-27 05:58:32,direct,desktop,4,0,0
3393,319,2025-03-27 06:22:21,social,mobile,3,0,0
3394,,2025-03-27 06:31:46,direct,desktop,3,0,0
3395,,2025-03-27 07:37:45,paid_search,mobile,1,0,0
3396,,2025-03-27 14:16:27,email,desktop,1,0,0
3397,,2025-03-27 14:41:03,referral,mobile,3,0,0
3398,,2025-03-27 17:14:07,paid_search,mobile,1,0,0
3399,15,2025-03-27 18:41:16,paid_search,mobile,2,0,0
3400,,2025-03-27 19:07:48,social,desktop,3,0,0
3401,,2025-03-27 21:01:29,social,mobile,1,0,0
3402,120,2025-03-27 22:40:39,email,mobile,1,1,0
3403,150,2025-03-27 23:45:54,social,mobile,5,1,0
3404,,2025-03-28 00:18:54,direct,mobile,1,0,0
3405,,2025-03-28 01:10:08,social,desktop,1,0,0
3406,552,2025-03-28 05:01:36,paid_search,mobile,2,0,0
3407,283,2025-03-28 08:31:44,organic,mobile,1,0,0
3408,149,2025-03-28 11:38:59,direct,desktop,2,0,0
3409,,2025-03-28 12:20:21,organic,mobile,7,0,0
3410,,2025-03-28 12:24:18,paid_search,mobile,1,0,0
3411,134,2025-03-28 16:00:19,organic,mobile,2,0,0
3412,31,2025-03-28 16:32:44,email,desktop,1,0,0
3413,202,2025-03-28 17:20:43,direct,desktop,4,0,0
3414,96,2025-03-28 19:21:46,direct,mobile,1,0,0
3415,568,2025-03-28 22:19:56,paid_search,desktop,3,0,0
3416,364,2025-03-29 00:35:11,email,mobile,13,1,1
3417,484,2025-03-29 15:43:45,referral,mobile,2,0,0
3418,217,2025-03-29 17:11:45,organic,mobile,1,0,0
3419,,2025-03-29 19:06:33,direct,mobile,1,0,0
3420,,2025-03-29 19:29:13,organic,desktop,1,0,0
3421,360,2025-03-29 20:32:40,email,mobile,1,1,0
3422,395,2025-03-29 20:58:12,paid_search,mobile,6,0,0
3423,383,2025-03-30 02:57:20,organic,tablet,2,0,0
3424,292,2025-03-30 05:12:26,social,tablet,5,0,0
3425,32,2025-03-30 08:17:52,organic,desktop,1,0,0
3426,,2025-03-30 11:34:09,organic,mobile,5,0,0
3427,,2025-03-30 12:50:46,paid_search,mobile,4,0,0
3428,480,2025-03-30 13:03:31,social,tablet,2,0,0
3429,,2025-03-30 14:30:27,organic,tablet,6,1,1
3430,119,2025-03-30 21:23:54,organic,desktop,7,0,0
3431,,2025-03-30 22:43:15,organic,mobile,5,0,0
3432,,2025-03-30 23:47:24,paid_search,mobile,1,0,0
3433,559,2025-03-31 01:34:20,direct,mobile,1,0,0
3434,,2025-03-31 02:16:13,organic,mobile,3,1,0
3435,,2025-03-31 04:08:35,social,desktop,2,0,0
3436,80,2025-03-31 04:09:50,direct,desktop,1,0,0
3437,28,2025-03-31 04:35:23,organic,desktop,1,0,0
3438,,2025-03-31 07:47:28,social,mobile,1,0,0
3439,,2025-03-31 16:38:45,direct,desktop,9,1,1
3440,179,2025-03-31 19:06:45,organic,mobile,1,0,0
3441,323,2025-03-31 20:23:08,organic,mobile,6,0,0
3442,,2025-03-31 23:16:12,paid_search,mobile,2,0,0
3443,144,2025-03-31 23:45:36,social,mobile,13,1,1
3444,,2025-03-31 23:48:30,referral,desktop,1,0,0
3445,586,2025-04-01 00:20:49,social,mobile,1,0,0
3446,205,2025-04-01 00:56:38,email,desktop,6,0,0
3447,,2025-04-01 03:13:53,paid_search,desktop,1,0,0
3448,,2025-04-01 05:22:41,organic,desktop,1,0,0
3449,,2025-04-01 07:54:37,paid_search,mobile,3,0,0
3450,,2025-04-01 08:04:00,direct,mobile,2,0,0
3451,,2025-04-01 08:45:03,organic,mobile,1,0,0
3452,388,2025-04-01 12:10:39,organic,mobile,1,0,0
3453,,2025-04-01 14:47:04,direct,mobile,6,0,0
3454,,2025-04-01 15:19:02,social,desktop,1,0,0
3455,,2025-04-01 20:33:29,direct,tablet,6,1,1
3456,,2025-04-01 21:31:39,organic,desktop,3,0,0
3457,,2025-04-01 23:52:18,paid_search,mobile,4,0,0
3458,573,2025-04-02 01:32:16,direct,desktop,3,0,0
3459,,2025-04-02 05:14:59,organic,mobile,6,0,0
3460,,2025-04-02 05:56:27,organic,mobile,2,0,0
3461,100,2025-04-02 07:15:34,email,mobile,2,0,0
3462,,2025-04-02 12:26:50,organic,tablet,4,0,0
3463,515,2025-04-02 12:49:49,organic,mobile,2,0,0
3464,534,2025-04-02 17:46:42,organic,mobile,8,0,0
3465,,2025-04-02 18:23:37,organic,desktop,5,0,0
3466,79,2025-04-03 01:53:21,organic,mobile,7,1,0
3467,,2025-04-03 02:50:36,social,mobile,1,0,0
3468,397,2025-04-03 04:19:19,email,mobile,2,0,0
3469,,2025-04-03 11:44:06,organic,mobile,5,0,0
3470,246,2025-04-03 13:52:32,social,mobile,12,0,0
3471,,2025-04-03 14:25:12,social,desktop,4,0,0
3472,,2025-04-03 18:26:43,referral,desktop,3,0,0
3473,286,2025-04-03 19:00:34,email,tablet,22,0,0
3474,,2025-04-03 19:04:32,direct,desktop,3,0,0
3475,,2025-04-03 20:39:05,email,desktop,8,0,0
3476,,2025-04-03 23:37:55,direct,mobile,6,0,0
3477,,2025-04-03 23:48:42,organic,desktop,4,0,0
3478,,2025-04-04 02:42:28,direct,mobile,2,0,0
3479,,2025-04-04 04:57:47,organic,desktop,3,0,0
3480,,2025-04-04 05:00:36,email,mobile,5,0,0
3481,,2025-04-04 05:16:43,organic,mobile,3,0,0
3482,,2025-04-04 05:54:04,social,desktop,5,0,0
3483,,2025-04-04 07:03:33,email,mobile,1,0,0
3484,290,2025-04-04 12:30:53,direct,desktop,18,1,0
3485,,2025-04-04 20:58:00,social,mobile,1,0,0
3486,369,2025-04-04 21:25:39,social,desktop,5,0,0
3487,,2025-04-05 00:38:13,paid_search,mobile,1,0,0
3488,,2025-04-05 05:47:05,email,mobile,4,0,0
3489,5,2025-04-05 12:00:13,organic,desktop,7,1,1
3490,526,2025-04-05 14:23:27,organic,mobile,24,1,0
3491,,2025-04-05 15:36:30,referral,mobile,1,0,0
3492,176,2025-04-05 17:43:42,social,mobile,5,0,0
3493,104,2025-04-05 18:28:28,social,desktop,2,1,0
3494,424,2025-04-05 18:57:03,organic,desktop,5,0,0
3495,,2025-04-05 22:15:56,paid_search,mobile,1,0,0
3496,351,2025-04-05 22:28:34,organic,mobile,2,0,0
3497,,2025-04-06 02:16:18,organic,desktop,1,0,0
3498,142,2025-04-06 14:43:20,paid_search,mobile,1,0,0
3499,171,2025-04-06 19:29:00,organic,mobile,2,1,1
3500,,2025-04-06 21:36:51,email,mobile,7,0,0
3501,412,2025-04-07 00:25:38,paid_search,mobile,2,0,0
3502,335,2025-04-07 01:41:52,paid_search,desktop,6,0,0
3503,,2025-04-07 04:51:49,social,mobile,1,1,0
3504,,2025-04-07 09:04:36,organic,tablet,1,1,0
3505,,2025-04-07 11:09:49,organic,desktop,14,0,0
3506,579,2025-04-07 11:21:08,direct,desktop,7,0,0
3507,356,2025-04-07 15:12:59,social,desktop,18,1,1
3508,,2025-04-07 17:23:36,organic,mobile,7,0,0
3509,,2025-04-07 21:54:02,paid_search,mobile,1,0,0
3510,299,2025-04-07 23:18:30,organic,mobile,2,0,0
3511,284,2025-04-07 23:41:27,social,mobile,2,0,0
3512,87,2025-04-08 07:00:17,referral,mobile,1,0,0
3513,,2025-04-08 07:15:01,email,desktop,4,0,0
3514,,2025-04-08 12:43:15,paid_search,mobile,1,0,0
3515,,2025-04-08 13:42:06,paid_search,mobile,2,0,0
3516,,2025-04-08 15:27:27,direct,desktop,5,0,0
3517,,2025-04-08 20:28:04,social,mobile,10,0,0
3518,,2025-04-08 20:42:59,social,mobile,3,0,0
3519,,2025-04-08 21:56:51,organic,mobile,1,0,0
3520,,2025-04-09 00:18:47,social,mobile,1,1,1
3521,,2025-04-09 01:21:02,email,mobile,5,0,0
3522,,2025-04-09 02:57:50,social,desktop,1,0,0
3523,278,2025-04-09 03:17:38,organic,tablet,9,0,0
3524,,2025-04-09 03:44:21,direct,desktop,1,0,0
3525,,2025-04-09 05:22:28,direct,tablet,14,0,0
3526,,2025-04-09 05:40:57,social,tablet,1,0,0
3527,,2025-04-09 05:44:34,referral,desktop,29,1,0
3528,394,2025-04-09 07:28:39,social,desktop,1,0,0
3529,,2025-04-09 08:01:33,direct,desktop,4,0,0
3530,,2025-04-09 09:55:48,paid_search,mobile,3,1,0
3531,220,2025-04-09 10:30:08,paid_search,mobile,2,0,0
3532,241,2025-04-09 18:10:20,direct,mobile,3,0,0
3533,,2025-04-09 18:13:08,organic,desktop,3,1,1
3534,386,2025-04-09 20:40:43,direct,tablet,3,0,0
3535,,2025-04-10 03:27:23,direct,desktop,1,0,0
3536,1,2025-04-10 05:12:33,paid_search,desktop,1,0,0
3537,,2025-04-10 06:38:02,email,desktop,7,0,0
3538,,2025-04-10 07:23:47,email,desktop,6,0,0
3539,447,2025-04-10 21:44:56,organic,mobile,23,1,1
3540,331,2025-04-10 22:14:50,direct,mobile,4,0,0
3541,557,2025-04-10 23:09:11,social,desktop,5,0,0
3542,569,2025-04-11 04:28:03,organic,desktop,1,0,0
3543,,2025-04-11 04:35:25,social,desktop,12,0,0
3544,2,2025-04-11 04:38:42,organic,mobile,1,0,0
3545,387,2025-04-11 07:27:04,social,desktop,7,1,0
3546,,2025-04-11 09:35:26,organic,mobile,2,0,0
3547,248,2025-04-11 12:27:35,organic,mobile,1,0,0
3548,431,2025-04-11 14:19:11,referral,desktop,1,0,0
3549,,2025-04-11 17:18:02,direct,desktop,1,0,0
3550,15,2025-04-11 17:49:30,social,mobile,10,0,0
3551,,2025-04-11 19:20:57,paid_search,mobile,1,0,0
3552,502,2025-04-11 23:05:21,social,mobile,1,0,0
3553,,2025-04-12 07:28:41,organic,desktop,5,1,1
3554,,2025-04-12 13:15:11,social,desktop,4,0,0
3555,,2025-04-12 15:41:14,referral,mobile,1,1,0
3556,,2025-04-13 00:38:40,organic,mobile,10,1,0
3557,,2025-04-13 01:14:38,paid_search,mobile,8,0,0
3558,,2025-04-13 03:03:43,organic,desktop,16,0,0
3559,488,2025-04-13 04:31:31,social,mobile,1,0,0
3560,218,2025-04-13 04:35:56,direct,desktop,9,0,0
3561,,2025-04-13 07:03:23,social,desktop,5,0,0
3562,180,2025-04-13 07:22:51,social,mobile,2,0,0
3563,,2025-04-13 08:13:20,referral,desktop,4,0,0
3564,297,2025-04-13 08:59:57,paid_search,desktop,2,0,0
3565,171,2025-04-13 10:21:17,paid_search,desktop,1,1,1
3566,,2025-04-13 13:57:14,paid_search,desktop,2,0,0
3567,89,2025-04-13 17:25:05,organic,desktop,1,0,0
3568,585,2025-04-13 18:22:34,organic,mobile,2,0,0
3569,,2025-04-13 19:45:43,social,desktop,1,0,0
3570,179,2025-04-13 19:58:14,organic,mobile,3,0,0
3571,133,2025-04-13 20:16:12,organic,desktop,3,0,0
3572,410,2025-04-14 01:21:55,referral,mobile,1,0,0
3573,,2025-04-14 03:16:55,referral,mobile,9,0,0
3574,,2025-04-14 05:53:29,referral,desktop,7,0,0
3575,497,2025-04-14 06:31:15,direct,mobile,9,0,0
3576,,2025-04-14 15:39:53,direct,desktop,4,0,0
3577,524,2025-04-14 16:52:55,email,mobile,1,0,0
3578,170,2025-04-14 17:18:32,social,mobile,4,1,0
3579,30,2025-04-14 19:31:55,social,mobile,2,0,0
3580,308,2025-04-14 21:35:25,social,mobile,4,0,0
3581,333,2025-04-15 02:20:16,organic,mobile,7,0,0
3582,,2025-04-15 02:20:16,referral,mobile,1,0,0
3583,,2025-04-15 07:37:02,paid_search,desktop,3,0,0
3584,290,2025-04-15 11:02:26,paid_search,mobile,3,0,0
3585,,2025-04-15 12:05:15,direct,desktop,6,0,0
3586,,2025-04-15 12:36:19,organic,desktop,9,1,0
3587,,2025-04-15 13:14:07,paid_search,mobile,2,0,0
3588,,2025-04-15 21:56:54,social,desktop,2,0,0
3589,,2025-04-16 00:22:05,social,mobile,6,0,0
3590,191,2025-04-16 02:48:41,social,desktop,4,1,1
3591,536,2025-04-16 03:12:48,organic,desktop,4,0,0
3592,,2025-04-16 03:58:16,direct,desktop,19,0,0
3593,565,2025-04-16 08:58:26,social,mobile,1,0,0
3594,,2025-04-16 11:19:12,social,desktop,5,0,0
3595,184,2025-04-16 12:16:48,email,mobile,1,0,0
3596,,2025-04-16 14:34:45,social,mobile,1,0,0
3597,472,2025-04-16 16:52:14,paid_search,mobile,3,1,1
3598,458,2025-04-16 17:23:40,paid_search,desktop,24,1,1
3599,509,2025-04-16 17:31:01,organic,mobile,3,0,0
3600,171,2025-04-16 17:38:18,paid_search,mobile,1,1,0
3601,,2025-04-16 18:55:09,referral,desktop,5,0,0
3602,,2025-04-16 23:23:05,paid_search,mobile,1,0,0
3603,,2025-04-17 03:09:41,email,desktop,9,0,0
3604,,2025-04-17 03:51:16,referral,mobile,8,0,0
3605,181,2025-04-17 04:12:24,paid_search,desktop,3,0,0
3606,,2025-04-17 05:15:43,organic,desktop,7,1,1
3607,,2025-04-17 05:33:59,email,mobile,4,0,0
3608,290,2025-04-17 07:07:44,paid_search,desktop,2,0,0
3609,,2025-04-17 12:43:25,paid_search,desktop,4,0,0
3610,,2025-04-17 13:38:49,direct,mobile,1,0,0
3611,468,2025-04-17 16:16:03,organic,desktop,23,0,0
3612,,2025-04-17 19:47:57,organic,mobile,5,0,0
3613,585,2025-04-18 00:47:11,organic,desktop,7,0,0
3614,,2025-04-18 06:30:43,organic,mobile,3,0,0
3615,139,2025-04-18 09:38:28,paid_search,desktop,1,0,0
3616,534,2025-04-18 11:12:16,social,mobile,4,0,0
3617,292,2025-04-18 12:33:08,email,desktop,7,0,0
3618,258,2025-04-18 18:01:26,organic,desktop,1,0,0
3619,199,2025-04-18 19:40:55,organic,desktop,5,1,1
3620,,2025-04-18 20:57:28,organic,mobile,1,0,0
3621,95,2025-04-18 22:23:12,paid_search,mobile,2,1,1
3622,,2025-04-19 07:52:27,social,mobile,1,0,0
3623,,2025-04-19 16:23:59,organic,desktop,6,0,0
3624,34,2025-04-19 23:32:13,organic,mobile,3,1,0
3625,,2025-04-20 00:16:22,referral,mobile,1,0,0
3626,556,2025-04-20 00:18:23,social,tablet,1,0,0
3627,,2025-04-20 06:56:35,organic,mobile,3,0,0
3628,369,2025-04-20 08:59:21,organic,desktop,2,1,0
3629,,2025-04-20 11:26:56,organic,desktop,1,0,0
3630,266,2025-04-20 13:23:39,social,mobile,5,0,0
3631,308,2025-04-20 21:56:02,direct,desktop,3,0,0
3632,,2025-04-20 22:21:22,email,mobile,2,0,0
3633,,2025-04-21 07:53:30,direct,desktop,1,0,0
3634,,2025-04-21 09:05:45,organic,mobile,6,1,0
3635,,2025-04-21 10:05:02,paid_search,desktop,7,0,0
3636,321,2025-04-21 10:42:19,organic,mobile,2,1,1
3637,287,2025-04-21 19:02:50,organic,mobile,7,0,0
3638,,2025-04-21 23:50:45,email,desktop,3,0,0
3639,153,2025-04-22 02:27:39,organic,desktop,1,0,0
3640,,2025-04-22 07:05:17,email,desktop,15,0,0
3641,350,2025-04-22 09:38:36,organic,mobile,1,0,0
3642,,2025-04-22 13:32:32,email,mobile,2,0,0
3643,,2025-04-22 13:56:17,organic,mobile,2,0,0
3644,497,2025-04-22 15:12:07,direct,desktop,5,0,0
3645,,2025-04-22 17:12:43,direct,mobile,7,0,0
3646,466,2025-04-22 17:15:01,organic,desktop,1,0,0
3647,70,2025-04-22 20:06:34,paid_search,desktop,11,1,1
3648,,2025-04-22 22:18:56,email,mobile,8,1,0
3649,,2025-04-23 02:48:13,paid_search,tablet,8,0,0
3650,,2025-04-23 05:40:56,social,desktop,2,0,0
3651,12,2025-04-23 07:58:44,direct,desktop,2,0,0
3652,,2025-04-23 09:36:05,social,desktop,1,0,0
3653,,2025-04-23 11:06:29,paid_search,mobile,1,0,0
3654,,2025-04-23 11:20:31,referral,mobile,1,0,0
3655,,2025-04-23 11:23:29,social,desktop,2,0,0
3656,,2025-04-23 12:46:47,direct,mobile,2,0,0
3657,,2025-04-23 13:45:41,organic,mobile,1,0,0
3658,576,2025-04-23 13:55:06,direct,mobile,6,0,0
3659,478,2025-04-23 22:41:39,social,desktop,6,0,0
3660,,2025-04-24 03:51:13,paid_search,desktop,2,0,0
3661,526,2025-04-24 04:05:36,organic,desktop,6,0,0
3662,394,2025-04-24 04:12:58,direct,desktop,9,0,0
3663,,2025-04-24 08:06:30,referral,tablet,2,0,0
3664,,2025-04-24 09:58:51,direct,mobile,1,0,0
3665,375,2025-04-24 14:10:07,referral,mobile,2,0,0
3666,80,2025-04-24 15:06:11,social,mobile,6,0,0
3667,,2025-04-24 16:33:07,organic,mobile,7,0,0
3668,255,2025-04-24 17:37:15,organic,desktop,5,0,0
3669,102,2025-04-24 19:40:22,organic,tablet,1,0,0
3670,518,2025-04-24 21:44:06,organic,desktop,23,0,0
3671,,2025-04-25 01:42:29,organic,mobile,2,0,0
3672,593,2025-04-25 03:23:55,email,desktop,1,1,0
3673,,2025-04-25 09:30:44,direct,desktop,1,0,0
3674,282,2025-04-25 10:04:57,organic,desktop,1,0,0
3675,,2025-04-25 14:43:27,organic,mobile,2,0,0
3676,,2025-04-26 01:29:11,direct,mobile,1,0,0
3677,,2025-04-26 04:13:13,paid_search,mobile,3,1,0
3678,,2025-04-26 04:14:37,paid_search,mobile,1,0,0
3679,,2025-04-26 07:53:09,direct,mobile,1,0,0
3680,412,2025-04-26 11:02:36,organic,mobile,3,0,0
3681,206,2025-04-26 14:39:42,organic,tablet,2,0,0
3682,,2025-04-26 15:29:09,direct,desktop,6,0,0
3683,,2025-04-26 16:28:11,organic,desktop,11,0,0
3684,,2025-04-26 17:45:53,direct,tablet,4,0,0
3685,149,2025-04-26 18:23:33,paid_search,mobile,4,0,0
3686,,2025-04-27 00:54:54,social,desktop,3,1,1
3687,586,2025-04-27 09:02:53,organic,mobile,11,0,0
3688,160,2025-04-27 09:47:11,paid_search,tablet,1,0,0
3689,,2025-04-27 17:11:37,paid_search,tablet,1,0,0
3690,165,2025-04-27 17:47:56,organic,desktop,5,0,0
3691,,2025-04-27 19:17:07,direct,mobile,1,0,0
3692,,2025-04-27 20:30:30,organic,desktop,1,0,0
3693,,2025-04-27 23:39:18,organic,desktop,5,1,1
3694,458,2025-04-28 02:12:33,organic,desktop,7,0,0
3695,,2025-04-28 03:12:03,paid_search,desktop,1,0,0
3696,,2025-04-28 05:49:26,paid_search,desktop,10,0,0
3697,487,2025-04-28 06:31:07,organic,desktop,16,1,0
3698,,2025-04-28 14:47:42,organic,tablet,1,0,0
3699,,2025-04-28 20:11:53,paid_search,mobile,4,1,0
3700,,2025-04-29 00:11:28,organic,mobile,6,0,0
3701,,2025-04-29 04:22:52,social,desktop,2,0,0
3702,157,2025-04-29 08:51:43,social,desktop,4,0,0
3703,,2025-04-29 09:03:07,organic,mobile,2,0,0
3704,,2025-04-29 10:27:03,paid_search,mobile,1,0,0
3705,218,2025-04-29 11:56:50,email,desktop,3,0,0
3706,,2025-04-29 14:19:28,organic,desktop,1,0,0
3707,271,2025-04-29 20:07:28,paid_search,mobile,4,1,1
3708,318,2025-04-29 21:32:52,social,mobile,1,0,0
3709,,2025-04-29 23:18:22,direct,tablet,8,0,0
3710,,2025-04-30 02:21:15,organic,mobile,2,0,0
3711,364,2025-04-30 03:57:45,direct,desktop,1,0,0
3712,,2025-04-30 06:37:19,direct,mobile,3,1,1
3713,,2025-04-30 14:14:16,direct,mobile,5,0,0
3714,577,2025-04-30 14:35:03,direct,mobile,2,0,0
3715,328,2025-04-30 15:20:04,paid_search,tablet,12,0,0
3716,568,2025-04-30 23:14:09,social,desktop,4,0,0
3717,,2025-04-30 23:16:03,social,mobile,1,0,0
3718,,2025-05-01 05:13:32,organic,mobile,8,0,0
3719,,2025-05-01 06:13:21,organic,mobile,3,0,0
3720,563,2025-05-01 09:11:19,paid_search,mobile,3,0,0
3721,557,2025-05-01 13:30:51,paid_search,desktop,6,0,0
3722,,2025-05-01 17:52:45,social,mobile,13,0,0
3723,,2025-05-01 19:59:02,email,desktop,1,0,0
3724,506,2025-05-01 20:17:23,paid_search,mobile,4,1,0
3725,397,2025-05-02 00:58:50,social,desktop,2,0,0
3726,,2025-05-02 03:23:23,paid_search,desktop,6,1,1
3727,,2025-05-02 04:10:23,social,desktop,11,0,0
3728,,2025-05-02 05:37:18,organic,mobile,5,0,0
3729,240,2025-05-02 06:18:42,email,mobile,6,0,0
3730,291,2025-05-02 08:33:20,paid_search,desktop,1,0,0
3731,,2025-05-02 10:56:18,organic,mobile,2,0,0
3732,,2025-05-02 13:29:05,organic,mobile,6,0,0
3733,,2025-05-02 16:02:08,paid_search,mobile,3,0,0
3734,,2025-05-02 22:14:57,direct,mobile,1,0,0
3735,,2025-05-02 23:37:19,referral,mobile,3,0,0
3736,,2025-05-03 02:19:06,direct,mobile,6,0,0
3737,55,2025-05-03 02:49:29,organic,tablet,3,1,0
3738,,2025-05-03 05:08:45,organic,desktop,3,0,0
3739,424,2025-05-04 02:42:53,social,mobile,1,0,0
3740,,2025-05-04 05:10:32,direct,tablet,12,1,0
3741,,2025-05-04 06:55:18,organic,tablet,3,0,0
3742,251,2025-05-04 10:11:53,paid_search,desktop,2,0,0
3743,,2025-05-04 13:14:06,referral,mobile,3,0,0
3744,334,2025-05-04 13:21:41,organic,mobile,1,0,0
3745,,2025-05-04 16:31:50,paid_search,mobile,2,0,0
3746,,2025-05-04 17:39:23,social,mobile,5,1,0
3747,,2025-05-04 17:42:35,email,mobile,5,0,0
3748,563,2025-05-04 18:27:28,paid_search,mobile,5,0,0
3749,,2025-05-04 19:08:23,organic,mobile,1,0,0
3750,103,2025-05-04 19:47:34,email,mobile,1,1,0
3751,455,2025-05-04 19:48:40,direct,mobile,8,0,0
3752,541,2025-05-04 20:07:01,organic,mobile,6,0,0
3753,72,2025-05-04 20:58:07,email,desktop,4,0,0
3754,,2025-05-04 22:21:23,social,mobile,1,0,0
3755,,2025-05-05 01:01:28,paid_search,mobile,1,0,0
3756,573,2025-05-05 02:43:15,organic,mobile,5,1,1
3757,197,2025-05-05 03:47:19,social,mobile,1,0,0
3758,99,2025-05-05 05:58:22,email,mobile,5,1,0
3759,505,2025-05-05 08:20:31,organic,desktop,4,0,0
3760,,2025-05-05 08:57:30,email,desktop,4,0,0
3761,,2025-05-05 09:04:18,email,desktop,3,1,1
3762,,2025-05-05 10:16:07,paid_search,desktop,6,1,1
3763,,2025-05-05 22:33:07,organic,desktop,4,0,0
3764,528,2025-05-05 22:41:17,email,desktop,11,0,0
3765,397,2025-05-05 23:17:26,paid_search,desktop,2,1,0
3766,,2025-05-06 01:28:34,organic,mobile,3,0,0
3767,308,2025-05-06 03:19:57,paid_search,mobile,5,0,0
3768,319,2025-05-06 06:06:55,paid_search,mobile,1,0,0
3769,354,2025-05-06 08:54:45,email,desktop,3,0,0
3770,,2025-05-06 09:24:53,paid_search,mobile,1,0,0
3771,197,2025-05-06 14:53:46,organic,mobile,2,0,0
3772,72,2025-05-06 18:00:29,organic,tablet,2,0,0
3773,236,2025-05-06 20:15:22,paid_search,desktop,2,1,1
3774,256,2025-05-07 00:32:58,paid_search,tablet,1,0,0
3775,457,2025-05-07 00:35:03,paid_search,mobile,1,0,0
3776,62,2025-05-07 03:03:20,social,mobile,5,0,0
3777,,2025-05-07 04:23:09,organic,desktop,5,0,0
3778,,2025-05-07 08:09:34,organic,mobile,1,0,0
3779,39,2025-05-07 10:31:36,email,mobile,1,0,0
3780,,2025-05-07 16:37:10,paid_search,mobile,6,0,0
3781,198,2025-05-07 18:03:01,paid_search,desktop,1,0,0
3782,481,2025-05-07 20:11:56,organic,mobile,1,0,0
3783,,2025-05-08 04:20:51,social,tablet,2,0,0
3784,,2025-05-08 04:52:07,social,mobile,5,0,0
3785,249,2025-05-08 05:29:09,social,mobile,2,0,0
3786,,2025-05-08 09:45:25,referral,desktop,1,1,0
3787,74,2025-05-08 12:51:51,referral,mobile,9,1,0
3788,,2025-05-08 16:57:03,organic,mobile,2,0,0
3789,,2025-05-08 17:41:19,direct,mobile,1,0,0
3790,,2025-05-08 17:48:11,organic,mobile,1,0,0
3791,470,2025-05-08 19:27:48,organic,tablet,1,0,0
3792,,2025-05-09 03:33:18,paid_search,mobile,1,0,0
3793,,2025-05-09 05:38:45,social,desktop,2,0,0
3794,,2025-05-09 06:44:12,direct,desktop,5,0,0
3795,,2025-05-09 16:26:49,email,mobile,3,0,0
3796,,2025-05-09 17:13:43,organic,mobile,6,0,0
3797,59,2025-05-09 20:47:49,direct,desktop,8,0,0
3798,,2025-05-09 22:49:13,social,desktop,4,1,1
3799,,2025-05-10 01:52:06,social,mobile,4,1,1
3800,,2025-05-10 05:33:10,paid_search,desktop,1,1,0
3801,,2025-05-10 06:23:30,organic,desktop,9,0,0
3802,,2025-05-10 08:07:14,email,mobile,1,0,0
3803,,2025-05-10 09:50:28,organic,desktop,1,0,0
3804,,2025-05-10 11:16:47,organic,mobile,8,0,0
3805,333,2025-05-10 16:22:45,social,desktop,3,0,0
3806,392,2025-05-10 20:56:37,organic,mobile,4,1,0
3807,,2025-05-11 08:59:06,paid_search,mobile,4,1,1
3808,,2025-05-11 10:28:03,paid_search,mobile,8,0,0
3809,,2025-05-11 16:33:28,organic,desktop,1,0,0
3810,,2025-05-11 19:13:10,paid_search,mobile,2,0,0
3811,,2025-05-12 02:48:31,organic,desktop,1,1,1
3812,267,2025-05-12 05:04:31,organic,mobile,3,0,0
3813,,2025-05-12 07:28:28,email,mobile,1,0,0
3814,595,2025-05-12 13:23:52,organic,mobile,1,0,0
3815,,2025-05-12 13:26:47,direct,desktop,13,1,0
3816,,2025-05-12 15:07:18,paid_search,mobile,9,0,0
3817,,2025-05-12 15:28:50,paid_search,mobile,1,0,0
3818,,2025-05-12 17:25:39,organic,mobile,4,0,0
3819,201,2025-05-12 22:46:26,organic,mobile,8,0,0
3820,403,2025-05-12 23:14:03,organic,desktop,3,0,0
3821,569,2025-05-13 02:31:54,email,mobile,6,0,0
3822,,2025-05-13 03:09:05,direct,tablet,1,0,0
3823,,2025-05-13 05:02:19,social,mobile,2,0,0
3824,569,2025-05-13 05:15:39,social,tablet,7,0,0
3825,532,2025-05-13 07:31:49,organic,mobile,7,0,0
3826,,2025-05-13 09:31:52,paid_search,desktop,3,0,0
3827,,2025-05-13 11:52:01,organic,mobile,1,0,0
3828,394,2025-05-13 13:39:56,paid_search,mobile,6,0,0
3829,,2025-05-13 16:32:48,referral,mobile,1,0,0
3830,,2025-05-13 17:33:25,social,mobile,1,1,0
3831,,2025-05-13 17:35:12,paid_search,mobile,6,0,0
3832,,2025-05-13 22:35:51,organic,mobile,1,0,0
3833,,2025-05-14 01:55:46,organic,mobile,4,1,0
3834,,2025-05-14 02:35:27,paid_search,desktop,8,0,0
3835,,2025-05-14 06:52:16,direct,mobile,1,0,0
3836,,2025-05-14 10:40:36,email,mobile,8,1,0
3837,54,2025-05-14 14:31:57,email,mobile,6,0,0
3838,,2025-05-14 20:36:20,referral,mobile,1,0,0
3839,515,2025-05-14 21:26:49,organic,mobile,2,0,0
3840,362,2025-05-14 22:35:54,paid_search,mobile,1,0,0
3841,33,2025-05-15 03:18:45,email,desktop,6,0,0
3842,,2025-05-15 03:24:33,organic,tablet,1,0,0
3843,,2025-05-15 08:32:14,paid_search,mobile,4,1,0
3844,,2025-05-15 13:24:49,organic,desktop,3,0,0
3845,,2025-05-15 14:31:24,organic,mobile,1,1,0
3846,277,2025-05-15 18:39:32,direct,desktop,13,0,0
3847,,2025-05-15 18:54:26,direct,mobile,1,0,0
3848,382,2025-05-15 19:52:41,direct,desktop,2,0,0
3849,,2025-05-16 02:23:56,organic,mobile,1,1,1
3850,346,2025-05-16 05:41:05,paid_search,mobile,4,0,0
3851,,2025-05-16 07:58:46,paid_search,desktop,4,0,0
3852,,2025-05-16 08:24:04,direct,desktop,2,0,0
3853,,2025-05-16 09:01:31,social,mobile,5,1,0
3854,,2025-05-16 09:10:46,organic,desktop,1,1,0
3855,331,2025-05-16 10:37:41,social,mobile,1,0,0
3856,223,2025-05-16 17:31:51,social,tablet,6,0,0
3857,,2025-05-16 18:12:46,email,mobile,5,0,0
3858,369,2025-05-16 20:44:24,organic,mobile,7,0,0
3859,,2025-05-16 21:51:47,referral,tablet,10,0,0
3860,,2025-05-16 22:05:10,direct,mobile,6,0,0
3861,428,2025-05-16 23:57:08,organic,desktop,20,1,1
3862,34,2025-05-17 01:13:45,organic,mobile,1,1,0
3863,394,2025-05-17 02:45:17,organic,desktop,9,0,0
3864,166,2025-05-17 03:04:44,organic,mobile,3,0,0
3865,520,2025-05-17 05:13:06,organic,mobile,6,1,0
3866,,2025-05-17 10:18:07,email,tablet,1,0,0
3867,,2025-05-17 10:23:09,paid_search,mobile,1,0,0
3868,,2025-05-17 10:57:45,social,mobile,4,0,0
3869,571,2025-05-17 11:29:08,direct,mobile,3,0,0
3870,,2025-05-18 00:46:23,social,mobile,1,0,0
3871,,2025-05-18 03:03:33,email,desktop,1,0,0
3872,,2025-05-18 04:04:28,organic,desktop,2,0,0
3873,,2025-05-18 06:34:01,organic,mobile,1,1,0
3874,447,2025-05-18 11:05:07,email,mobile,1,0,0
3875,154,2025-05-18 13:44:26,email,desktop,3,0,0
3876,47,2025-05-18 16:16:28,referral,mobile,3,0,0
3877,476,2025-05-18 22:45:27,paid_search,mobile,2,1,0
3878,491,2025-05-19 00:42:42,organic,mobile,1,0,0
3879,165,2025-05-19 02:42:21,paid_search,mobile,10,0,0
3880,549,2025-05-19 04:03:31,direct,desktop,4,0,0
3881,,2025-05-19 07:28:17,organic,mobile,3,0,0
3882,,2025-05-19 09:01:42,social,mobile,1,0,0
3883,,2025-05-19 09:37:32,email,desktop,3,0,0
3884,,2025-05-19 22:06:25,direct,desktop,1,0,0
3885,,2025-05-19 22:35:20,organic,mobile,2,0,0
3886,459,2025-05-20 00:51:01,referral,mobile,3,0,0
3887,,2025-05-20 02:14:49,organic,tablet,1,0,0
3888,518,2025-05-20 05:35:12,social,tablet,1,0,0
3889,128,2025-05-20 05:50:45,paid_search,desktop,16,1,1
3890,,2025-05-20 07:08:15,organic,mobile,2,0,0
3891,232,2025-05-20 09:36:44,organic,desktop,3,0,0
3892,,2025-05-20 12:08:10,organic,desktop,1,0,0
3893,,2025-05-20 13:27:05,paid_search,mobile,1,0,0
3894,390,2025-05-20 15:39:51,organic,desktop,4,0,0
3895,,2025-05-20 16:45:52,social,desktop,2,0,0
3896,,2025-05-20 17:56:33,organic,mobile,1,0,0
3897,,2025-05-20 21:43:22,social,mobile,2,0,0
3898,,2025-05-20 23:50:56,email,desktop,1,0,0
3899,412,2025-05-21 00:34:57,referral,desktop,20,0,0
3900,321,2025-05-21 01:38:50,paid_search,mobile,1,0,0
3901,,2025-05-21 02:34:00,organic,mobile,1,0,0
3902,,2025-05-21 05:04:08,paid_search,desktop,1,1,0
3903,340,2025-05-21 05:22:20,social,desktop,5,0,0
3904,,2025-05-21 06:46:02,organic,mobile,2,0,0
3905,550,2025-05-21 06:52:28,social,mobile,1,1,1
3906,580,2025-05-21 07:34:44,referral,mobile,5,0,0
3907,255,2025-05-21 10:10:17,paid_search,desktop,3,0,0
3908,581,2025-05-21 11:40:43,paid_search,mobile,8,0,0
3909,588,2025-05-21 14:38:29,email,mobile,4,0,0
3910,,2025-05-21 14:47:42,organic,mobile,1,0,0
3911,,2025-05-21 15:15:33,social,mobile,7,0,0
3912,,2025-05-21 15:32:20,direct,tablet,10,1,1
3913,383,2025-05-22 01:45:10,organic,desktop,11,1,1
3914,,2025-05-22 03:30:40,paid_search,mobile,1,0,0
3915,,2025-05-22 05:04:58,email,desktop,8,0,0
3916,,2025-05-22 08:57:32,direct,desktop,13,0,0
3917,334,2025-05-22 11:45:57,referral,mobile,1,1,1
3918,,2025-05-22 13:43:51,organic,mobile,6,0,0
3919,,2025-05-22 18:18:25,social,desktop,14,0,0
3920,430,2025-05-23 02:05:41,direct,mobile,4,1,0
3921,,2025-05-23 03:08:10,organic,mobile,1,0,0
3922,,2025-05-23 04:35:03,referral,desktop,1,0,0
3923,,2025-05-23 06:07:51,organic,mobile,2,0,0
3924,86,2025-05-23 06:42:16,organic,desktop,2,0,0
3925,,2025-05-23 09:50:18,email,desktop,3,0,0
3926,,2025-05-23 12:04:19,paid_search,mobile,2,0,0
3927,408,2025-05-23 12:29:35,organic,mobile,1,0,0
3928,,2025-05-23 13:18:18,organic,desktop,10,1,1
3929,301,2025-05-23 15:56:25,organic,mobile,5,1,0
3930,155,2025-05-24 01:48:06,email,desktop,7,0,0
3931,,2025-05-24 03:10:02,organic,mobile,1,0,0
3932,315,2025-05-24 03:42:07,organic,tablet,3,0,0
3933,,2025-05-24 05:18:32,organic,desktop,4,1,0
3934,597,2025-05-24 10:53:17,paid_search,mobile,3,0,0
3935,,2025-05-24 13:20:55,organic,desktop,4,1,1
3936,196,2025-05-24 16:11:53,direct,desktop,5,0,0
3937,,2025-05-24 16:24:29,email,mobile,5,0,0
3938,459,2025-05-24 17:43:12,email,mobile,8,0,0
3939,,2025-05-24 18:16:53,paid_search,tablet,5,0,0
3940,,2025-05-24 22:44:27,email,mobile,9,1,0
3941,,2025-05-25 00:18:43,paid_search,desktop,5,1,1
3942,,2025-05-25 03:12:29,referral,tablet,9,1,0
3943,,2025-05-25 08:16:16,organic,mobile,8,1,1
3944,152,2025-05-25 08:27:18,organic,mobile,7,0,0
3945,570,2025-05-25 13:09:38,social,mobile,1,0,0
3946,47,2025-05-25 13:10:23,social,desktop,7,1,1
3947,263,2025-05-25 16:11:29,organic,mobile,8,0,0
3948,,2025-05-25 17:50:13,direct,mobile,1,0,0
3949,,2025-05-25 18:22:04,referral,desktop,1,0,0
3950,381,2025-05-25 21:32:12,email,desktop,4,0,0
3951,,2025-05-26 00:03:51,referral,mobile,1,0,0
3952,405,2025-05-26 00:10:34,direct,mobile,8,1,0
3953,56,2025-05-26 03:16:26,paid_search,desktop,3,0,0
3954,461,2025-05-26 07:19:15,direct,desktop,16,0,0
3955,541,2025-05-26 10:05:09,paid_search,desktop,1,0,0
3956,,2025-05-26 11:44:04,referral,desktop,5,1,1
3957,156,2025-05-26 14:49:25,social,mobile,11,1,1
3958,,2025-05-26 17:02:56,social,mobile,5,0,0
3959,332,2025-05-27 01:34:43,social,mobile,3,0,0
3960,,2025-05-27 02:17:01,paid_search,tablet,16,0,0
3961,,2025-05-27 05:09:27,organic,mobile,1,0,0
3962,297,2025-05-27 06:59:09,organic,mobile,2,0,0
3963,,2025-05-27 07:47:46,social,desktop,1,0,0
3964,76,2025-05-27 10:08:46,organic,desktop,8,1,1
3965,146,2025-05-27 10:27:58,paid_search,mobile,7,1,0
3966,,2025-05-27 10:40:32,organic,mobile,7,0,0
3967,425,2025-05-27 19:07:12,direct,mobile,2,0,0
3968,490,2025-05-27 21:23:07,paid_search,desktop,7,0,0
3969,,2025-05-28 01:32:52,paid_search,desktop,1,0,0
3970,,2025-05-28 03:25:10,email,mobile,2,0,0
3971,290,2025-05-28 07:16:27,social,mobile,1,0,0
3972,,2025-05-28 18:08:07,social,mobile,1,0,0
3973,,2025-05-28 22:47:50,organic,mobile,2,0,0
3974,11,2025-05-28 23:13:16,paid_search,mobile,9,1,0
3975,,2025-05-29 01:53:05,organic,desktop,4,0,0
3976,,2025-05-29 02:56:31,social,mobile,3,0,0
3977,,2025-05-29 04:26:32,direct,mobile,5,0,0
3978,,2025-05-29 05:54:06,organic,mobile,2,0,0
3979,403,2025-05-29 11:04:10,email,desktop,1,0,0
3980,299,2025-05-29 13:36:14,social,mobile,1,0,0
3981,,2025-05-29 14:01:50,social,tablet,2,0,0
3982,321,2025-05-29 22:42:06,social,mobile,5,1,1
3983,,2025-05-29 22:52:22,direct,tablet,9,0,0
3984,,2025-05-29 23:22:09,organic,mobile,5,0,0
3985,,2025-05-30 02:21:18,paid_search,desktop,1,0,0
3986,,2025-05-30 04:27:34,organic,desktop,1,0,0
3987,,2025-05-30 06:22:57,direct,mobile,3,0,0
3988,557,2025-05-30 11:04:19,social,mobile,4,0,0
3989,558,2025-05-30 11:04:33,email,mobile,2,0,0
3990,,2025-05-30 14:49:30,direct,mobile,2,0,0
3991,11,2025-05-30 15:01:25,social,desktop,1,0,0
3992,519,2025-05-30 22:46:15,paid_search,mobile,3,0,0
3993,480,2025-05-31 01:23:22,paid_search,desktop,7,1,0
3994,513,2025-05-31 03:04:20,paid_search,desktop,3,0,0
3995,359,2025-05-31 03:31:17,organic,mobile,1,0,0
3996,,2025-05-31 06:44:25,organic,desktop,4,0,0
3997,299,2025-05-31 07:07:54,direct,mobile,1,0,0
3998,513,2025-05-31 08:31:53,social,desktop,2,0,0
3999,86,2025-05-31 14:59:13,organic,mobile,1,0,0
4000,,2025-05-31 15:14:21,referral,mobile,3,0,0
4001,,2025-06-01 04:14:27,paid_search,mobile,1,0,0
4002,210,2025-06-01 07:37:37,direct,mobile,15,1,0
4003,,2025-06-01 07:45:37,organic,mobile,2,0,0
4004,,2025-06-01 09:57:39,social,mobile,4,0,0
4005,,2025-06-01 10:26:34,organic,mobile,4,0,0
4006,,2025-06-01 13:42:35,organic,desktop,3,0,0
4007,62,2025-06-01 15:20:01,organic,mobile,1,1,0
4008,350,2025-06-01 18:49:29,organic,mobile,1,0,0
4009,,2025-06-01 21:59:14,direct,mobile,2,0,0
4010,378,2025-06-02 00:34:39,organic,desktop,2,0,0
4011,,2025-06-02 03:28:15,paid_search,mobile,1,0,0
4012,444,2025-06-02 06:05:32,paid_search,tablet,6,0,0
4013,283,2025-06-02 06:54:53,organic,tablet,13,0,0
4014,61,2025-06-02 07:20:29,paid_search,mobile,1,0,0
4015,43,2025-06-02 07:33:19,email,desktop,1,0,0
4016,146,2025-06-02 08:11:13,email,mobile,1,0,0
4017,405,2025-06-02 12:38:28,direct,mobile,1,0,0
4018,140,2025-06-02 14:11:27,social,desktop,1,0,0
4019,,2025-06-02 15:03:09,organic,desktop,10,0,0
4020,241,2025-06-02 16:19:00,organic,mobile,13,0,0
4021,,2025-06-02 20:14:35,paid_search,mobile,1,0,0
4022,599,2025-06-02 21:16:23,email,mobile,13,1,1
4023,33,2025-06-02 22:14:45,paid_search,desktop,1,1,0
4024,,2025-06-02 23:37:38,paid_search,desktop,1,1,1
4025,,2025-06-03 00:52:57,paid_search,mobile,1,0,0
4026,122,2025-06-03 11:00:10,direct,mobile,1,0,0
4027,,2025-06-03 19:57:05,paid_search,mobile,6,0,0
4028,570,2025-06-03 21:25:09,paid_search,mobile,4,0,0
4029,,2025-06-03 21:42:40,direct,mobile,1,0,0
4030,539,2025-06-04 03:34:04,organic,mobile,2,0,0
4031,212,2025-06-04 09:39:59,paid_search,mobile,22,1,0
4032,,2025-06-04 10:46:20,paid_search,desktop,1,0,0
4033,,2025-06-04 11:04:02,organic,desktop,1,0,0
4034,,2025-06-04 13:48:21,social,mobile,2,0,0
4035,,2025-06-04 22:00:48,direct,desktop,1,0,0
4036,433,2025-06-04 22:50:07,social,mobile,4,0,0
4037,102,2025-06-05 00:49:12,organic,mobile,2,0,0
4038,,2025-06-05 01:10:01,social,mobile,6,0,0
4039,,2025-06-05 02:12:05,organic,mobile,9,1,0
4040,,2025-06-05 02:51:14,social,desktop,11,1,1
4041,,2025-06-05 04:27:09,paid_search,desktop,1,0,0
4042,,2025-06-05 05:01:10,social,mobile,2,0,0
4043,101,2025-06-05 05:11:39,direct,desktop,4,0,0
4044,,2025-06-05 09:58:54,organic,mobile,5,1,0
4045,,2025-06-05 11:15:45,direct,mobile,2,0,0
4046,,2025-06-05 12:31:31,social,mobile,4,0,0
4047,,2025-06-05 12:41:18,email,mobile,3,0,0
4048,236,2025-06-05 16:30:24,paid_search,mobile,9,1,0
4049,,2025-06-05 17:46:27,organic,mobile,3,0,0
4050,,2025-06-05 20:30:28,paid_search,desktop,15,1,1
4051,557,2025-06-06 03:07:11,organic,mobile,5,0,0
4052,76,2025-06-06 08:38:46,direct,desktop,22,0,0
4053,,2025-06-06 09:04:07,social,mobile,5,0,0
4054,,2025-06-06 11:37:54,organic,mobile,1,0,0
4055,,2025-06-06 12:30:43,paid_search,mobile,2,0,0
4056,305,2025-06-06 16:33:50,referral,desktop,3,1,1
4057,,2025-06-06 18:21:27,organic,desktop,8,0,0
4058,,2025-06-06 19:28:14,referral,mobile,3,0,0
4059,,2025-06-06 22:54:46,organic,mobile,5,1,0
4060,485,2025-06-07 01:24:58,social,desktop,3,0,0
4061,482,2025-06-07 04:03:44,paid_search,desktop,6,0,0
4062,,2025-06-07 04:55:24,paid_search,mobile,1,0,0
4063,35,2025-06-07 08:57:01,organic,mobile,3,0,0
4064,,2025-06-07 09:00:36,paid_search,mobile,1,0,0
4065,,2025-06-07 11:23:03,referral,desktop,2,0,0
4066,,2025-06-07 15:47:31,organic,mobile,2,0,0
4067,473,2025-06-07 19:51:04,organic,mobile,7,0,0
4068,,2025-06-07 20:46:09,direct,desktop,1,0,0
4069,,2025-06-08 02:01:21,social,mobile,3,1,1
4070,,2025-06-08 02:17:12,organic,mobile,1,0,0
4071,,2025-06-08 13:38:35,organic,desktop,2,0,0
4072,,2025-06-08 21:46:08,paid_search,mobile,16,0,0
4073,,2025-06-09 00:25:11,direct,desktop,4,0,0
4074,,2025-06-09 03:44:16,paid_search,desktop,11,0,0
4075,,2025-06-09 05:44:16,social,mobile,6,0,0
4076,584,2025-06-09 07:57:12,paid_search,tablet,1,0,0
4077,54,2025-06-09 16:08:41,email,mobile,4,0,0
4078,,2025-06-09 19:13:51,organic,mobile,1,0,0
4079,,2025-06-09 19:19:33,social,desktop,5,1,0
4080,450,2025-06-10 03:34:20,organic,tablet,4,0,0
4081,337,2025-06-10 08:28:35,email,mobile,1,0,0
4082,,2025-06-10 08:30:14,paid_search,desktop,9,0,0
4083,497,2025-06-10 12:18:03,direct,desktop,6,1,1
4084,,2025-06-10 15:59:33,email,desktop,1,0,0
4085,24,2025-06-10 18:12:27,paid_search,mobile,3,0,0
4086,477,2025-06-10 19:30:09,organic,mobile,1,0,0
4087,,2025-06-10 22:21:46,direct,mobile,2,0,0
4088,,2025-06-11 01:09:38,organic,mobile,7,1,0
4089,579,2025-06-11 01:58:11,organic,mobile,1,0,0
4090,,2025-06-11 06:09:31,direct,tablet,1,0,0
4091,457,2025-06-11 06:32:35,paid_search,tablet,3,0,0
4092,145,2025-06-11 06:40:13,referral,mobile,5,0,0
4093,156,2025-06-11 11:21:09,paid_search,desktop,5,0,0
4094,,2025-06-11 14:29:54,organic,mobile,1,0,0
4095,,2025-06-11 14:47:04,paid_search,desktop,5,1,0
4096,,2025-06-12 00:08:37,referral,mobile,5,0,0
4097,,2025-06-12 02:29:40,social,desktop,7,0,0
4098,151,2025-06-12 05:33:41,direct,mobile,5,1,0
4099,,2025-06-12 07:35:00,email,mobile,10,1,1
4100,,2025-06-12 13:09:25,direct,mobile,1,0,0
4101,,2025-06-12 16:49:15,direct,desktop,1,0,0
4102,63,2025-06-12 18:36:45,email,mobile,1,0,0
4103,,2025-06-12 19:24:05,direct,mobile,2,0,0
4104,,2025-06-12 20:10:21,paid_search,mobile,7,0,0
4105,589,2025-06-13 00:37:14,email,mobile,8,0,0
4106,400,2025-06-13 07:32:48,organic,desktop,3,0,0
4107,,2025-06-13 08:14:31,direct,desktop,1,0,0
4108,,2025-06-13 09:33:07,direct,mobile,4,0,0
4109,,2025-06-13 12:27:07,direct,mobile,3,0,0
4110,334,2025-06-13 13:11:47,email,mobile,1,0,0
4111,,2025-06-13 13:32:00,email,mobile,1,0,0
4112,,2025-06-13 15:06:17,direct,mobile,3,0,0
4113,502,2025-06-13 16:53:14,organic,desktop,2,0,0
4114,,2025-06-13 17:34:24,direct,desktop,4,0,0
4115,,2025-06-13 20:28:51,organic,mobile,1,0,0
4116,,2025-06-13 21:02:05,organic,mobile,6,0,0
4117,418,2025-06-13 21:46:33,email,mobile,6,0,0
4118,,2025-06-14 01:00:36,paid_search,mobile,2,0,0
4119,,2025-06-14 07:40:03,paid_search,mobile,2,1,0
4120,,2025-06-14 12:33:09,organic,desktop,8,1,0
4121,220,2025-06-14 15:16:01,social,desktop,1,0,0
4122,323,2025-06-14 15:17:44,organic,desktop,1,0,0
4123,593,2025-06-14 16:43:13,paid_search,mobile,3,1,0
4124,,2025-06-14 16:49:41,organic,mobile,1,0,0
4125,,2025-06-14 17:36:07,paid_search,desktop,3,0,0
4126,99,2025-06-14 17:36:16,email,mobile,5,0,0
4127,213,2025-06-14 18:49:02,organic,mobile,1,0,0
4128,,2025-06-14 19:42:29,referral,mobile,1,0,0
4129,,2025-06-14 21:18:07,direct,mobile,2,0,0
4130,575,2025-06-15 01:37:49,social,mobile,1,0,0
4131,,2025-06-15 01:46:46,organic,mobile,5,1,0
4132,586,2025-06-15 06:49:45,organic,tablet,2,0,0
4133,,2025-06-15 08:57:59,organic,desktop,1,0,0
4134,354,2025-06-15 12:03:45,email,mobile,2,0,0
4135,586,2025-06-15 13:02:42,organic,tablet,3,0,0
4136,,2025-06-15 14:48:12,direct,desktop,2,0,0
4137,,2025-06-15 18:42:21,referral,mobile,1,0,0
4138,108,2025-06-16 03:19:51,paid_search,mobile,1,0,0
4139,,2025-06-16 04:20:13,organic,mobile,1,0,0
4140,515,2025-06-16 05:28:07,direct,mobile,4,0,0
4141,,2025-06-16 06:18:36,organic,tablet,1,0,0
4142,,2025-06-16 08:58:05,organic,desktop,2,0,0
4143,360,2025-06-16 09:04:50,organic,mobile,7,0,0
4144,32,2025-06-16 09:36:11,organic,mobile,1,1,0
4145,,2025-06-16 10:15:57,referral,mobile,9,1,1
4146,,2025-06-16 10:46:01,organic,desktop,5,0,0
4147,484,2025-06-16 11:11:39,email,mobile,9,1,0
4148,,2025-06-16 13:36:34,social,mobile,5,1,0
4149,,2025-06-16 14:11:06,organic,desktop,2,0,0
4150,,2025-06-16 19:07:22,organic,desktop,1,0,0
4151,457,2025-06-16 21:56:31,social,desktop,1,0,0
4152,,2025-06-17 05:23:25,direct,desktop,1,1,1
4153,,2025-06-17 07:51:37,email,desktop,2,0,0
4154,,2025-06-17 10:30:03,organic,mobile,7,0,0
4155,406,2025-06-17 10:41:28,organic,desktop,1,0,0
4156,,2025-06-17 11:35:13,direct,mobile,3,0,0
4157,494,2025-06-17 12:17:19,organic,mobile,6,0,0
4158,222,2025-06-17 15:23:28,email,tablet,1,0,0
4159,,2025-06-17 15:55:49,organic,mobile,1,1,1
4160,,2025-06-17 18:19:06,paid_search,mobile,6,0,0
4161,521,2025-06-17 20:31:36,email,mobile,5,1,1
4162,555,2025-06-17 21:52:40,paid_search,desktop,4,0,0
4163,284,2025-06-18 00:53:58,email,mobile,6,1,1
4164,,2025-06-18 09:15:05,organic,desktop,8,1,0
4165,,2025-06-18 14:26:46,social,mobile,1,0,0
4166,130,2025-06-18 15:43:17,paid_search,mobile,1,0,0
4167,296,2025-06-18 18:43:35,social,mobile,2,0,0
4168,465,2025-06-19 02:02:48,social,mobile,1,0,0
4169,471,2025-06-19 03:35:37,organic,desktop,1,0,0
4170,,2025-06-19 04:41:11,organic,desktop,1,0,0
4171,322,2025-06-19 05:24:45,paid_search,tablet,2,0,0
4172,,2025-06-19 11:30:22,direct,mobile,5,1,0
4173,,2025-06-19 12:19:30,direct,tablet,6,0,0
4174,527,2025-06-19 14:08:53,organic,mobile,16,0,0
4175,202,2025-06-19 15:59:19,email,desktop,4,0,0
4176,,2025-06-20 00:04:32,organic,mobile,12,0,0
4177,353,2025-06-20 01:16:59,direct,desktop,2,0,0
4178,399,2025-06-20 03:30:06,paid_search,desktop,7,0,0
4179,433,2025-06-20 07:18:03,organic,desktop,5,1,0
4180,,2025-06-20 09:50:33,direct,mobile,2,0,0
4181,,2025-06-20 16:02:11,referral,mobile,1,0,0
4182,403,2025-06-20 18:02:50,direct,mobile,1,0,0
4183,,2025-06-21 06:02:25,social,mobile,1,0,0
4184,590,2025-06-21 09:31:21,social,desktop,1,0,0
4185,,2025-06-21 14:28:59,direct,desktop,1,0,0
4186,,2025-06-21 15:09:37,paid_search,mobile,3,0,0
4187,315,2025-06-21 16:04:48,email,mobile,3,0,0
4188,,2025-06-21 17:00:16,organic,mobile,1,0,0
4189,,2025-06-21 20:39:03,referral,mobile,6,0,0
4190,,2025-06-21 20:50:40,referral,desktop,2,0,0
4191,,2025-06-21 21:11:18,email,desktop,16,1,1
4192,,2025-06-22 02:17:56,paid_search,tablet,1,0,0
4193,10,2025-06-22 05:27:20,referral,mobile,1,0,0
4194,,2025-06-22 05:32:25,organic,mobile,5,0,0
4195,,2025-06-22 09:04:35,direct,mobile,1,0,0
4196,12,2025-06-22 10:29:33,organic,desktop,1,0,0
4197,3,2025-06-22 14:17:32,social,mobile,1,0,0
4198,31,2025-06-22 14:37:24,direct,desktop,3,1,1
4199,220,2025-06-23 00:01:50,social,mobile,1,0,0
4200,503,2025-06-23 01:15:01,organic,mobile,11,1,0
4201,496,2025-06-23 02:08:10,referral,tablet,6,0,0
4202,,2025-06-23 05:35:42,social,mobile,5,1,1
4203,79,2025-06-23 06:34:44,email,desktop,5,1,0
4204,,2025-06-23 06:59:29,email,tablet,3,0,0
4205,393,2025-06-23 07:16:16,organic,tablet,1,0,0
4206,,2025-06-23 09:32:29,paid_search,mobile,1,1,0
4207,,2025-06-23 11:58:58,email,mobile,1,1,0
4208,,2025-06-23 15:18:43,email,tablet,1,0,0
4209,174,2025-06-23 17:01:43,social,mobile,2,0,0
4210,127,2025-06-23 17:16:45,paid_search,desktop,3,0,0
4211,,2025-06-23 19:07:57,organic,mobile,6,0,0
4212,,2025-06-23 22:25:59,email,tablet,2,0,0
4213,165,2025-06-24 00:31:57,paid_search,mobile,1,0,0
4214,319,2025-06-24 04:58:40,social,desktop,1,0,0
4215,103,2025-06-24 09:07:29,email,desktop,5,0,0
4216,591,2025-06-24 10:22:39,paid_search,desktop,5,1,1
4217,312,2025-06-24 14:19:03,referral,mobile,1,1,0
4218,,2025-06-24 16:54:35,organic,mobile,3,0,0
4219,479,2025-06-25 06:58:41,social,desktop,1,0,0
4220,,2025-06-25 07:43:53,organic,mobile,4,0,0
4221,,2025-06-25 09:54:18,paid_search,mobile,2,0,0
4222,,2025-06-25 10:44:27,direct,desktop,2,0,0
4223,,2025-06-25 14:09:03,direct,desktop,1,0,0
4224,,2025-06-25 14:50:39,organic,mobile,1,0,0
4225,211,2025-06-25 17:41:40,organic,mobile,1,0,0
4226,586,2025-06-25 19:40:04,organic,mobile,3,0,0
4227,,2025-06-25 20:42:33,organic,tablet,8,0,0
4228,,2025-06-25 21:02:37,direct,mobile,10,0,0
4229,,2025-06-26 00:57:00,organic,desktop,1,0,0
4230,,2025-06-26 02:53:33,referral,desktop,6,0,0
4231,564,2025-06-26 04:07:33,paid_search,mobile,11,1,1
4232,456,2025-06-26 08:07:08,email,mobile,3,0,0
4233,443,2025-06-26 14:03:15,paid_search,desktop,1,0,0
4234,350,2025-06-26 14:18:35,social,desktop,5,0,0
4235,517,2025-06-26 17:44:36,direct,mobile,4,1,1
4236,476,2025-06-27 00:45:02,paid_search,mobile,1,0,0
4237,,2025-06-27 04:41:51,social,mobile,2,0,0
4238,,2025-06-27 14:12:00,paid_search,desktop,8,1,0
4239,436,2025-06-27 18:41:45,organic,mobile,3,1,0
4240,78,2025-06-27 20:37:18,organic,mobile,1,0,0
4241,,2025-06-27 20:47:56,paid_search,mobile,5,1,0
4242,,2025-06-27 20:56:59,direct,desktop,14,0,0
4243,392,2025-06-28 01:53:29,organic,mobile,1,0,0
4244,296,2025-06-28 06:11:28,paid_search,mobile,3,1,0
4245,,2025-06-28 12:29:42,paid_search,desktop,37,1,1
4246,356,2025-06-28 13:04:08,organic,mobile,1,0,0
4247,,2025-06-28 13:25:08,organic,mobile,1,0,0
4248,,2025-06-28 14:39:22,social,mobile,2,0,0
4249,,2025-06-28 16:52:50,organic,mobile,1,0,0
4250,,2025-06-28 18:29:40,organic,tablet,6,0,0
4251,,2025-06-28 19:19:37,social,desktop,12,0,0
4252,,2025-06-28 22:05:18,organic,desktop,3,1,1
4253,72,2025-06-29 00:19:28,paid_search,mobile,2,0,0
4254,19,2025-06-29 02:34:59,paid_search,mobile,4,0,0
4255,,2025-06-29 02:42:36,social,desktop,1,0,0
4256,84,2025-06-29 08:46:53,referral,mobile,1,0,0
4257,,2025-06-29 09:16:12,organic,tablet,3,0,0
4258,,2025-06-29 13:31:27,paid_search,mobile,2,0,0
4259,,2025-06-29 19:45:54,organic,desktop,10,0,0
4260,,2025-06-30 00:44:51,paid_search,desktop,12,0,0
4261,,2025-06-30 05:04:47,organic,mobile,2,1,0
4262,,2025-06-30 05:45:21,paid_search,desktop,1,1,0
4263,593,2025-06-30 12:36:23,organic,mobile,7,1,0
4264,195,2025-06-30 12:46:08,paid_search,desktop,1,0,0
4265,,2025-06-30 14:35:58,organic,mobile,1,0,0
4266,,2025-06-30 14:45:25,organic,mobile,2,0,0
4267,,2025-06-30 20:41:41,organic,mobile,6,0,0
4268,,2025-06-30 22:30:35,social,desktop,5,1,0
4269,,2025-07-01 04:28:37,referral,desktop,5,0,0
4270,447,2025-07-01 06:58:01,social,mobile,4,0,0
4271,59,2025-07-01 12:01:09,paid_search,mobile,5,1,0
4272,144,2025-07-01 17:02:47,organic,mobile,6,0,0
4273,,2025-07-01 23:24:18,organic,mobile,5,1,0
4274,,2025-07-02 00:14:25,direct,desktop,2,0,0
4275,582,2025-07-02 00:52:23,organic,desktop,1,0,0
4276,522,2025-07-02 10:13:51,organic,mobile,1,0,0
4277,131,2025-07-02 18:05:38,direct,desktop,4,0,0
4278,552,2025-07-02 18:50:05,email,desktop,16,0,0
4279,,2025-07-02 19:01:29,direct,mobile,7,0,0
4280,112,2025-07-02 19:54:06,paid_search,desktop,9,1,1
4281,498,2025-07-02 22:05:20,email,mobile,6,0,0
4282,537,2025-07-02 23:01:57,organic,desktop,1,0,0
4283,229,2025-07-03 00:17:29,organic,mobile,1,0,0
4284,596,2025-07-03 07:18:26,organic,tablet,6,0,0
4285,439,2025-07-03 07:38:14,organic,mobile,1,1,0
4286,,2025-07-03 13:04:57,organic,desktop,3,0,0
4287,,2025-07-03 16:22:14,paid_search,mobile,1,0,0
4288,,2025-07-03 16:29:34,direct,tablet,7,0,0
4289,,2025-07-03 18:59:58,direct,mobile,1,0,0
4290,,2025-07-03 21:35:52,organic,mobile,4,0,0
4291,,2025-07-04 00:12:06,organic,desktop,1,0,0
4292,286,2025-07-04 06:52:48,paid_search,desktop,9,0,0
4293,199,2025-07-04 10:06:53,organic,desktop,2,0,0
4294,,2025-07-04 13:59:37,social,mobile,2,0,0
4295,592,2025-07-04 14:54:08,referral,desktop,9,0,0
4296,443,2025-07-04 15:37:16,organic,desktop,4,0,0
4297,5,2025-07-04 15:46:22,social,mobile,2,1,1
4298,99,2025-07-04 16:35:23,email,desktop,1,0,0
4299,,2025-07-04 19:36:22,organic,mobile,3,0,0
4300,,2025-07-04 21:08:34,organic,desktop,3,0,0
4301,,2025-07-04 23:12:43,organic,mobile,1,0,0
4302,,2025-07-05 07:01:02,social,mobile,1,0,0
4303,,2025-07-05 12:14:26,social,desktop,2,0,0
4304,156,2025-07-05 12:31:29,email,desktop,9,1,0
4305,95,2025-07-05 14:29:01,paid_search,mobile,9,0,0
4306,170,2025-07-05 15:16:20,organic,desktop,10,0,0
4307,135,2025-07-06 05:32:54,organic,desktop,1,0,0
4308,,2025-07-06 11:13:47,direct,desktop,12,0,0
4309,127,2025-07-06 16:13:54,paid_search,mobile,9,1,0
4310,,2025-07-06 17:05:29,direct,desktop,6,0,0
4311,94,2025-07-07 01:10:36,email,desktop,10,0,0
4312,216,2025-07-07 01:17:58,organic,mobile,1,0,0
4313,,2025-07-07 02:42:40,direct,tablet,2,0,0
4314,,2025-07-07 04:02:06,paid_search,mobile,1,0,0
4315,,2025-07-07 06:02:34,organic,desktop,2,0,0
4316,,2025-07-07 07:33:11,organic,desktop,1,0,0
4317,,2025-07-07 10:58:41,organic,mobile,2,1,1
4318,587,2025-07-07 11:36:03,paid_search,mobile,3,0,0
4319,392,2025-07-07 15:50:31,social,tablet,5,1,0
4320,213,2025-07-07 16:47:59,organic,mobile,4,0,0
4321,295,2025-07-07 22:25:04,direct,mobile,1,0,0
4322,,2025-07-07 23:40:20,email,mobile,2,0,0
4323,282,2025-07-07 23:41:52,email,mobile,3,0,0
4324,238,2025-07-08 03:33:48,organic,mobile,1,0,0
4325,,2025-07-08 05:32:48,paid_search,mobile,1,1,1
4326,131,2025-07-08 06:48:12,direct,mobile,4,0,0
4327,,2025-07-08 12:51:31,social,desktop,3,0,0
4328,,2025-07-08 19:10:04,social,mobile,6,1,0
4329,,2025-07-08 21:23:39,direct,mobile,2,0,0
4330,251,2025-07-08 23:54:14,organic,mobile,4,0,0
4331,,2025-07-09 04:39:57,direct,mobile,1,0,0
4332,,2025-07-09 05:29:48,paid_search,desktop,10,0,0
4333,,2025-07-09 10:50:14,social,mobile,4,0,0
4334,,2025-07-09 14:45:04,organic,tablet,7,1,1
4335,,2025-07-09 15:24:28,social,mobile,1,0,0
4336,,2025-07-09 17:52:44,social,desktop,3,0,0
4337,88,2025-07-09 23:15:36,organic,mobile,3,0,0
4338,,2025-07-10 00:44:26,social,mobile,11,1,0
4339,286,2025-07-10 04:15:20,organic,mobile,7,0,0
4340,,2025-07-10 10:46:19,direct,mobile,2,0,0
4341,,2025-07-10 14:44:58,email,desktop,11,0,0
4342,126,2025-07-10 16:09:03,paid_search,desktop,18,1,0
4343,,2025-07-10 19:15:16,organic,desktop,5,1,1
4344,131,2025-07-10 20:49:20,email,desktop,1,0,0
4345,200,2025-07-10 23:33:32,social,desktop,3,0,0
4346,559,2025-07-11 04:03:45,social,mobile,13,0,0
4347,,2025-07-11 11:05:17,referral,mobile,1,0,0
4348,,2025-07-11 21:43:28,organic,mobile,3,0,0
4349,129,2025-07-12 01:51:49,organic,desktop,8,1,1
4350,,2025-07-12 06:23:55,organic,mobile,4,0,0
4351,485,2025-07-12 07:14:36,direct,mobile,1,0,0
4352,412,2025-07-12 14:55:39,organic,desktop,1,0,0
4353,,2025-07-12 18:51:19,email,mobile,1,0,0
4354,,2025-07-12 19:11:54,direct,mobile,5,0,0
4355,,2025-07-12 20:11:40,organic,desktop,2,0,0
4356,334,2025-07-12 22:27:08,paid_search,desktop,2,0,0
4357,,2025-07-13 04:22:19,organic,mobile,1,0,0
4358,,2025-07-13 07:08:00,social,mobile,2,0,0
4359,,2025-07-13 11:13:33,organic,mobile,1,0,0
4360,,2025-07-13 11:32:58,organic,mobile,4,0,0
4361,,2025-07-13 12:40:50,organic,desktop,8,0,0
4362,281,2025-07-13 16:00:05,social,desktop,7,0,0
4363,79,2025-07-13 18:19:49,organic,mobile,11,0,0
4364,306,2025-07-13 18:43:37,email,desktop,12,1,1
4365,,2025-07-13 19:15:10,referral,mobile,3,0,0
4366,,2025-07-14 01:52:31,paid_search,desktop,1,0,0
4367,,2025-07-14 05:07:31,organic,desktop,13,1,1
4368,599,2025-07-14 05:49:59,direct,desktop,7,1,0
4369,269,2025-07-14 06:28:29,social,desktop,4,0,0
4370,,2025-07-14 13:44:00,organic,mobile,5,1,0
4371,,2025-07-14 16:27:19,organic,desktop,9,0,0
4372,,2025-07-14 17:58:49,paid_search,tablet,1,0,0
4373,,2025-07-14 19:51:02,organic,mobile,6,0,0
4374,528,2025-07-14 20:43:09,direct,desktop,2,0,0
4375,,2025-07-14 20:52:53,email,desktop,8,0,0
4376,,2025-07-15 00:07:46,organic,desktop,9,0,0
4377,,2025-07-15 02:02:05,paid_search,desktop,1,0,0
4378,,2025-07-15 02:24:44,paid_search,mobile,1,0,0
4379,,2025-07-15 04:12:57,direct,desktop,1,0,0
4380,,2025-07-15 14:50:55,direct,tablet,2,1,0
4381,,2025-07-15 18:08:05,direct,desktop,1,0,0
4382,45,2025-07-16 01:30:35,organic,mobile,9,1,0
4383,152,2025-07-16 07:02:44,referral,mobile,8,0,0
4384,,2025-07-16 08:17:34,organic,mobile,4,0,0
4385,,2025-07-16 13:26:20,organic,desktop,2,1,0
4386,,2025-07-16 19:52:35,organic,mobile,1,0,0
4387,290,2025-07-16 20:30:22,social,mobile,2,0,0
4388,,2025-07-16 20:45:08,organic,mobile,9,1,1
4389,590,2025-07-16 20:59:18,organic,mobile,3,0,0
4390,594,2025-07-17 03:41:52,direct,mobile,2,0,0
4391,,2025-07-17 04:04:28,organic,mobile,7,0,0
4392,,2025-07-17 11:32:54,social,mobile,4,0,0
4393,191,2025-07-17 12:07:55,organic,mobile,2,0,0
4394,,2025-07-17 12:34:22,organic,desktop,8,0,0
4395,,2025-07-17 12:35:42,social,mobile,10,0,0
4396,577,2025-07-17 20:40:24,referral,desktop,4,0,0
4397,,2025-07-17 22:59:00,social,mobile,2,0,0
4398,490,2025-07-17 23:57:13,social,desktop,3,0,0
4399,35,2025-07-18 04:57:51,direct,mobile,4,0,0
4400,362,2025-07-18 07:28:52,organic,mobile,17,0,0
4401,,2025-07-18 07:48:12,social,mobile,2,1,1
4402,,2025-07-18 11:13:41,paid_search,desktop,3,0,0
4403,,2025-07-18 13:26:34,paid_search,mobile,6,0,0
4404,586,2025-07-18 14:20:52,organic,mobile,2,0,0
4405,519,2025-07-18 15:04:37,social,mobile,5,0,0
4406,,2025-07-19 00:39:58,social,desktop,6,0,0
4407,,2025-07-19 01:01:30,social,mobile,2,0,0
4408,572,2025-07-19 04:07:55,direct,mobile,1,0,0
4409,183,2025-07-19 09:23:22,referral,desktop,4,0,0
4410,196,2025-07-19 13:40:31,organic,mobile,3,0,0
4411,279,2025-07-19 14:31:42,organic,mobile,8,0,0
4412,487,2025-07-19 17:48:12,organic,desktop,1,0,0
4413,,2025-07-19 18:55:06,paid_search,mobile,3,0,0
4414,,2025-07-19 20:54:59,organic,mobile,1,0,0
4415,,2025-07-19 21:01:38,direct,desktop,1,0,0
4416,253,2025-07-20 00:55:52,referral,mobile,1,0,0
4417,,2025-07-20 10:16:37,paid_search,tablet,1,0,0
4418,12,2025-07-20 10:19:52,social,mobile,1,0,0
4419,425,2025-07-20 10:22:53,paid_search,desktop,5,0,0
4420,348,2025-07-20 12:12:03,email,mobile,3,0,0
4421,266,2025-07-20 15:25:09,organic,mobile,3,0,0
4422,514,2025-07-20 18:20:47,paid_search,desktop,8,0,0
4423,,2025-07-20 18:34:29,direct,desktop,6,0,0
4424,448,2025-07-20 19:16:19,paid_search,desktop,1,0,0
4425,431,2025-07-20 22:16:42,referral,tablet,1,0,0
4426,,2025-07-21 00:49:44,organic,desktop,8,0,0
4427,,2025-07-21 05:20:30,direct,mobile,1,0,0
4428,,2025-07-21 10:48:04,direct,desktop,5,0,0
4429,30,2025-07-21 14:04:56,direct,desktop,2,0,0
4430,,2025-07-21 20:19:59,social,desktop,11,0,0
4431,340,2025-07-21 21:38:38,direct,mobile,1,0,0
4432,13,2025-07-21 21:43:39,direct,tablet,3,0,0
4433,275,2025-07-21 22:28:39,direct,desktop,5,0,0
4434,173,2025-07-22 00:55:56,direct,mobile,6,1,0
4435,,2025-07-22 02:50:45,organic,mobile,8,0,0
4436,,2025-07-22 03:42:23,paid_search,mobile,3,1,1
4437,26,2025-07-22 05:09:09,email,mobile,1,0,0
4438,,2025-07-22 05:17:06,paid_search,mobile,2,0,0
4439,,2025-07-22 10:56:50,direct,mobile,2,0,0
4440,374,2025-07-22 11:40:24,organic,mobile,10,1,0
4441,331,2025-07-22 16:57:58,direct,mobile,4,0,0
4442,,2025-07-22 20:01:40,referral,desktop,1,0,0
4443,84,2025-07-22 23:01:14,social,mobile,1,0,0
4444,,2025-07-22 23:01:53,social,tablet,1,0,0
4445,315,2025-07-23 00:28:15,paid_search,desktop,1,1,1
4446,,2025-07-23 03:15:08,direct,mobile,7,0,0
4447,,2025-07-23 09:36:41,social,desktop,4,0,0
4448,,2025-07-23 17:48:24,email,desktop,3,1,1
4449,78,2025-07-23 17:58:05,organic,desktop,8,0,0
4450,234,2025-07-23 22:56:29,referral,mobile,1,0,0
4451,,2025-07-24 06:14:59,social,mobile,2,0,0
4452,,2025-07-24 07:15:02,organic,desktop,5,1,0
4453,31,2025-07-24 08:56:39,paid_search,mobile,2,0,0
4454,161,2025-07-24 09:40:16,organic,desktop,2,0,0
4455,,2025-07-24 09:43:40,email,tablet,5,0,0
4456,,2025-07-24 10:24:04,social,desktop,1,0,0
4457,,2025-07-24 13:14:58,social,mobile,5,0,0
4458,,2025-07-24 13:21:22,direct,desktop,6,1,0
4459,432,2025-07-24 13:42:34,paid_search,desktop,1,0,0
4460,,2025-07-24 19:52:29,referral,mobile,8,1,0
4461,491,2025-07-25 00:56:02,social,mobile,8,1,1
4462,149,2025-07-25 02:49:47,email,mobile,4,1,0
4463,465,2025-07-25 08:44:39,social,tablet,3,0,0
4464,,2025-07-25 09:15:45,email,mobile,10,0,0
4465,,2025-07-25 13:26:01,organic,desktop,15,0,0
4466,,2025-07-25 13:47:37,organic,mobile,1,1,1
4467,,2025-07-25 14:53:43,organic,mobile,3,0,0
4468,,2025-07-25 17:50:57,organic,mobile,1,0,0
4469,,2025-07-25 21:29:24,organic,tablet,2,0,0
4470,325,2025-07-26 01:47:29,direct,desktop,1,0,0
4471,,2025-07-26 04:41:57,referral,desktop,3,0,0
4472,,2025-07-26 06:36:03,social,desktop,19,1,1
4473,93,2025-07-26 08:39:49,paid_search,desktop,3,0,0
4474,406,2025-07-26 11:28:43,email,tablet,1,0,0
4475,429,2025-07-26 17:21:49,paid_search,mobile,6,1,1
4476,,2025-07-26 21:36:04,email,desktop,1,0,0
4477,196,2025-07-27 04:18:23,referral,mobile,5,0,0
4478,120,2025-07-27 04:56:20,organic,mobile,7,0,0
4479,491,2025-07-27 13:37:54,direct,desktop,1,0,0
4480,,2025-07-27 13:38:52,organic,mobile,1,0,0
4481,29,2025-07-27 21:05:03,organic,desktop,1,1,1
4482,,2025-07-27 22:00:30,social,mobile,2,0,0
4483,129,2025-07-27 23:34:49,paid_search,mobile,6,0,0
4484,147,2025-07-28 07:37:29,social,mobile,1,0,0
4485,356,2025-07-28 13:21:24,social,desktop,4,0,0
4486,,2025-07-28 14:03:34,paid_search,desktop,2,0,0
4487,,2025-07-28 16:01:02,organic,mobile,1,0,0
4488,,2025-07-28 18:00:17,social,mobile,8,1,0
4489,70,2025-07-29 00:22:20,organic,desktop,1,0,0
4490,,2025-07-29 06:26:05,social,desktop,13,1,1
4491,,2025-07-29 15:47:34,paid_search,mobile,11,1,1
4492,436,2025-07-29 16:44:50,direct,mobile,1,0,0
4493,95,2025-07-29 18:57:27,social,desktop,6,0,0
4494,489,2025-07-29 19:38:50,organic,desktop,1,1,0
4495,,2025-07-29 20:10:59,organic,desktop,7,0,0
4496,,2025-07-30 00:58:40,email,mobile,2,0,0
4497,,2025-07-30 04:09:53,direct,desktop,1,0,0
4498,593,2025-07-30 05:18:13,social,mobile,1,1,0
4499,,2025-07-30 08:11:20,social,desktop,3,0,0
4500,,2025-07-30 09:12:16,email,desktop,1,0,0
4501,,2025-07-30 14:39:25,social,mobile,4,1,0
4502,,2025-07-30 16:02:18,organic,mobile,1,0,0
4503,91,2025-07-30 16:04:27,social,mobile,8,1,1
4504,52,2025-07-30 17:51:32,paid_search,desktop,8,0,0
4505,265,2025-07-30 19:03:47,social,desktop,12,1,0
4506,17,2025-07-30 19:39:02,social,desktop,7,0,0
4507,215,2025-07-30 20:27:47,social,desktop,24,0,0
4508,,2025-07-30 20:40:18,organic,tablet,2,0,0
4509,134,2025-07-30 22:06:14,paid_search,mobile,2,0,0
4510,162,2025-07-30 23:49:09,social,mobile,6,0,0
4511,,2025-07-31 13:44:13,organic,mobile,4,0,0
4512,,2025-07-31 18:32:46,direct,mobile,3,0,0
4513,310,2025-07-31 21:27:49,paid_search,mobile,4,0,0
4514,,2025-07-31 22:43:04,paid_search,mobile,8,1,1
4515,,2025-08-01 00:13:24,organic,mobile,1,0,0
4516,,2025-08-01 01:11:50,direct,mobile,1,0,0
4517,127,2025-08-01 02:17:41,paid_search,mobile,5,1,1
4518,,2025-08-01 02:44:35,direct,desktop,1,0,0
4519,104,2025-08-01 07:32:24,paid_search,mobile,2,0,0
4520,42,2025-08-01 10:18:37,social,mobile,1,0,0
4521,328,2025-08-01 14:27:43,email,mobile,4,0,0
4522,,2025-08-01 14:35:27,organic,mobile,3,0,0
4523,,2025-08-01 16:30:14,organic,mobile,1,0,0
4524,350,2025-08-01 19:02:07,organic,mobile,1,0,0
4525,569,2025-08-01 22:10:31,paid_search,desktop,2,0,0
4526,74,2025-08-01 22:11:21,referral,mobile,4,1,0
4527,245,2025-08-02 00:56:07,organic,mobile,2,0,0
4528,260,2025-08-02 01:30:40,paid_search,desktop,3,0,0
4529,,2025-08-02 02:26:13,social,desktop,11,1,1
4530,293,2025-08-02 08:28:37,email,mobile,5,0,0
4531,,2025-08-02 09:21:01,email,desktop,6,1,1
4532,,2025-08-02 11:54:16,paid_search,desktop,1,0,0
4533,533,2025-08-02 12:45:14,paid_search,desktop,6,1,1
4534,,2025-08-02 12:56:52,paid_search,desktop,1,0,0
4535,,2025-08-02 14:38:21,direct,desktop,6,1,0
4536,,2025-08-02 17:25:11,organic,desktop,2,0,0
4537,,2025-08-02 17:27:46,direct,mobile,6,0,0
4538,,2025-08-02 23:12:25,direct,mobile,1,0,0
4539,62,2025-08-03 01:23:58,organic,mobile,1,0,0
4540,370,2025-08-03 01:37:13,referral,desktop,2,0,0
4541,,2025-08-03 02:25:26,referral,mobile,9,0,0
4542,,2025-08-03 03:16:09,email,desktop,11,1,0
4543,45,2025-08-03 04:44:15,social,mobile,2,0,0
4544,,2025-08-03 06:30:31,organic,desktop,13,1,0
4545,,2025-08-03 07:33:27,organic,tablet,3,0,0
4546,,2025-08-03 08:35:23,organic,desktop,9,0,0
4547,,2025-08-03 14:49:09,organic,mobile,2,1,0
4548,,2025-08-03 14:56:21,social,mobile,3,0,0
4549,263,2025-08-03 15:59:16,paid_search,desktop,1,0,0
4550,206,2025-08-03 17:52:53,direct,mobile,1,0,0
4551,18,2025-08-03 18:21:01,email,desktop,6,0,0
4552,65,2025-08-03 18:51:06,email,mobile,3,0,0
4553,,2025-08-03 22:21:49,email,desktop,2,0,0
4554,503,2025-08-04 00:24:15,direct,mobile,2,0,0
4555,,2025-08-04 05:27:22,organic,desktop,4,1,1
4556,,2025-08-04 06:12:23,organic,desktop,11,0,0
4557,278,2025-08-04 06:37:53,social,mobile,3,0,0
4558,257,2025-08-04 07:45:02,referral,mobile,1,0,0
4559,,2025-08-04 15:53:54,organic,mobile,1,0,0
4560,298,2025-08-04 19:07:00,direct,mobile,1,1,0
4561,222,2025-08-04 19:13:47,social,tablet,2,0,0
4562,582,2025-08-04 20:42:52,paid_search,mobile,1,0,0
4563,,2025-08-04 22:09:52,direct,desktop,13,1,0
4564,24,2025-08-05 05:35:18,referral,desktop,1,0,0
4565,194,2025-08-05 07:16:18,paid_search,mobile,2,0,0
4566,,2025-08-05 08:57:26,social,mobile,4,0,0
4567,371,2025-08-05 14:41:41,email,mobile,2,0,0
4568,,2025-08-05 18:44:38,email,desktop,5,0,0
4569,,2025-08-06 00:09:41,organic,mobile,4,0,0
4570,,2025-08-06 00:09:53,direct,desktop,5,0,0
4571,,2025-08-06 00:38:20,organic,mobile,1,0,0
4572,285,2025-08-06 01:15:12,email,mobile,9,0,0
4573,313,2025-08-06 01:25:44,organic,desktop,1,0,0
4574,,2025-08-06 06:31:58,direct,mobile,1,0,0
4575,,2025-08-06 06:44:05,social,mobile,4,0,0
4576,228,2025-08-06 07:23:00,direct,mobile,7,1,1
4577,374,2025-08-06 07:43:39,social,mobile,7,0,0
4578,,2025-08-06 12:55:20,social,desktop,7,0,0
4579,,2025-08-06 14:19:01,paid_search,mobile,10,1,0
4580,,2025-08-06 14:48:52,email,mobile,1,0,0
4581,,2025-08-06 16:51:36,organic,desktop,2,0,0
4582,,2025-08-06 17:00:04,organic,mobile,2,0,0
4583,,2025-08-06 17:59:04,paid_search,mobile,11,1,0
4584,,2025-08-06 18:32:57,organic,mobile,1,0,0
4585,370,2025-08-06 20:40:14,social,mobile,11,1,1
4586,36,2025-08-06 21:54:54,referral,mobile,1,0,0
4587,,2025-08-06 22:27:16,organic,mobile,1,0,0
4588,281,2025-08-07 00:05:37,social,desktop,4,0,0
4589,,2025-08-07 03:36:40,organic,desktop,6,0,0
4590,,2025-08-07 04:18:18,paid_search,mobile,2,0,0
4591,,2025-08-07 05:21:53,social,mobile,5,0,0
4592,,2025-08-07 07:39:24,social,desktop,6,0,0
4593,,2025-08-07 08:57:05,direct,mobile,5,0,0
4594,,2025-08-07 10:41:47,paid_search,desktop,6,0,0
4595,,2025-08-08 05:00:38,direct,desktop,1,1,0
4596,266,2025-08-08 05:19:22,direct,mobile,7,1,1
4597,295,2025-08-08 07:25:39,organic,mobile,1,0,0
4598,298,2025-08-08 11:32:38,organic,mobile,2,0,0
4599,,2025-08-08 13:27:23,organic,desktop,5,0,0
4600,,2025-08-08 14:58:30,paid_search,desktop,8,1,1
4601,71,2025-08-08 19:50:10,organic,desktop,1,0,0
4602,,2025-08-08 20:14:36,email,mobile,1,0,0
4603,456,2025-08-08 23:59:10,direct,desktop,14,1,0
4604,,2025-08-09 00:02:27,referral,mobile,5,0,0
4605,187,2025-08-09 06:19:34,email,desktop,1,0,0
4606,494,2025-08-09 07:35:10,organic,mobile,1,0,0
4607,,2025-08-09 10:24:20,organic,desktop,7,1,0
4608,,2025-08-09 14:27:57,paid_search,mobile,8,1,0
4609,,2025-08-09 14:55:56,direct,mobile,3,0,0
4610,562,2025-08-09 15:15:28,organic,mobile,1,0,0
4611,477,2025-08-09 16:03:36,organic,mobile,1,0,0
4612,,2025-08-09 17:22:58,social,mobile,2,0,0
4613,548,2025-08-09 18:05:27,paid_search,mobile,4,0,0
4614,,2025-08-09 20:32:09,organic,tablet,1,0,0
4615,,2025-08-09 20:52:12,paid_search,desktop,7,1,1
4616,273,2025-08-10 02:23:57,email,desktop,6,0,0
4617,569,2025-08-10 02:36:06,direct,desktop,5,0,0
4618,,2025-08-10 05:06:24,organic,desktop,1,0,0
4619,,2025-08-10 06:09:26,social,desktop,2,0,0
4620,,2025-08-10 19:06:46,organic,mobile,5,0,0
4621,,2025-08-11 01:17:36,referral,desktop,9,0,0
4622,23,2025-08-11 06:02:51,organic,mobile,1,0,0
4623,,2025-08-11 14:34:53,paid_search,desktop,3,0,0
4624,,2025-08-11 15:35:59,email,mobile,6,1,1
4625,,2025-08-11 16:27:57,paid_search,desktop,22,1,0
4626,,2025-08-11 18:17:21,organic,mobile,5,1,0
4627,,2025-08-11 22:29:58,organic,mobile,1,0,0
4628,142,2025-08-12 01:19:31,email,tablet,1,0,0
4629,,2025-08-12 04:02:18,organic,desktop,3,0,0
4630,,2025-08-12 12:39:39,organic,mobile,8,1,0
4631,101,2025-08-12 12:52:27,email,desktop,5,0,0
4632,,2025-08-12 18:57:09,paid_search,mobile,4,1,0
4633,,2025-08-12 22:33:03,referral,desktop,4,0,0
4634,,2025-08-13 00:11:07,organic,desktop,1,1,1
4635,,2025-08-13 01:13:09,social,mobile,9,1,0
4636,,2025-08-13 03:46:12,paid_search,mobile,8,1,0
4637,,2025-08-13 04:37:28,social,desktop,5,0,0
4638,,2025-08-13 06:32:04,organic,desktop,2,0,0
4639,,2025-08-13 11:49:30,email,desktop,2,0,0
4640,409,2025-08-13 12:53:00,email,desktop,10,1,1
4641,,2025-08-13 12:54:52,email,desktop,6,0,0
4642,,2025-08-13 13:40:08,organic,desktop,11,1,0
4643,450,2025-08-13 13:44:56,organic,desktop,5,0,0
4644,126,2025-08-13 15:29:32,email,desktop,4,0,0
4645,,2025-08-13 17:10:59,social,desktop,1,0,0
4646,,2025-08-13 20:32:33,organic,desktop,1,0,0
4647,,2025-08-13 20:39:48,direct,mobile,1,0,0
4648,46,2025-08-14 00:17:50,organic,mobile,1,0,0
4649,,2025-08-14 04:05:20,social,tablet,1,0,0
4650,,2025-08-14 04:08:05,paid_search,desktop,1,0,0
4651,71,2025-08-14 06:25:46,email,desktop,1,0,0
4652,595,2025-08-14 06:45:40,paid_search,mobile,1,0,0
4653,,2025-08-14 11:16:18,social,desktop,4,0,0
4654,,2025-08-14 15:23:58,direct,desktop,1,0,0
4655,,2025-08-14 19:30:10,paid_search,mobile,7,1,1
4656,,2025-08-15 00:23:28,organic,mobile,4,0,0
4657,,2025-08-15 04:37:10,organic,tablet,3,0,0
4658,204,2025-08-15 05:00:56,organic,mobile,2,0,0
4659,479,2025-08-15 06:57:10,social,desktop,2,0,0
4660,,2025-08-15 09:14:29,organic,desktop,3,0,0
4661,338,2025-08-15 11:16:17,organic,mobile,6,0,0
4662,451,2025-08-15 12:45:15,social,desktop,3,0,0
4663,,2025-08-15 15:10:17,direct,tablet,1,0,0
4664,257,2025-08-15 17:15:05,email,mobile,3,1,0
4665,,2025-08-15 17:19:51,organic,mobile,5,1,1
4666,350,2025-08-15 17:58:05,organic,desktop,2,0,0
4667,,2025-08-15 18:57:46,direct,mobile,2,0,0
4668,,2025-08-15 23:15:46,email,mobile,1,0,0
4669,441,2025-08-16 01:37:30,social,desktop,14,0,0
4670,128,2025-08-16 02:30:28,email,mobile,1,0,0
4671,,2025-08-16 03:14:39,organic,desktop,19,1,0
4672,114,2025-08-16 07:16:55,social,desktop,8,0,0
4673,556,2025-08-16 07:45:01,email,tablet,5,1,1
4674,208,2025-08-16 09:36:13,social,mobile,3,0,0
4675,,2025-08-16 12:35:18,organic,tablet,5,0,0
4676,55,2025-08-16 19:08:46,direct,tablet,2,0,0
4677,370,2025-08-16 21:34:46,referral,mobile,1,0,0
4678,,2025-08-16 22:11:38,email,desktop,5,0,0
4679,398,2025-08-17 00:29:35,social,desktop,2,0,0
4680,,2025-08-17 01:02:45,referral,tablet,1,0,0
4681,548,2025-08-17 03:41:13,organic,tablet,1,0,0
4682,394,2025-08-17 04:51:52,paid_search,desktop,5,1,1
4683,509,2025-08-17 06:24:23,organic,mobile,1,0,0
4684,,2025-08-17 07:33:05,email,desktop,8,1,1
4685,486,2025-08-17 11:19:05,email,mobile,1,0,0
4686,320,2025-08-17 11:49:56,referral,desktop,1,0,0
4687,10,2025-08-17 13:17:42,direct,desktop,3,0,0
4688,426,2025-08-17 13:49:15,email,desktop,4,0,0
4689,365,2025-08-17 14:50:08,direct,mobile,11,1,1
4690,,2025-08-17 19:27:31,organic,tablet,13,1,1
4691,,2025-08-17 20:57:06,email,mobile,9,1,0
4692,73,2025-08-18 00:36:22,paid_search,mobile,1,0,0
4693,,2025-08-18 03:38:25,social,mobile,2,0,0
4694,,2025-08-18 07:05:29,email,mobile,1,0,0
4695,,2025-08-18 07:58:21,direct,mobile,11,1,0
4696,108,2025-08-18 08:45:58,organic,mobile,6,0,0
4697,,2025-08-18 14:12:39,organic,mobile,7,1,1
4698,,2025-08-18 16:19:00,email,mobile,2,0,0
4699,,2025-08-18 17:25:02,direct,desktop,7,0,0
4700,10,2025-08-19 02:44:59,paid_search,mobile,1,0,0
4701,,2025-08-19 08:22:44,paid_search,desktop,7,0,0
4702,,2025-08-19 09:02:25,organic,tablet,7,1,0
4703,403,2025-08-19 11:17:38,organic,desktop,4,0,0
4704,,2025-08-19 13:03:39,paid_search,desktop,1,0,0
4705,,2025-08-19 13:41:45,direct,mobile,7,1,1
4706,,2025-08-19 14:27:28,organic,mobile,1,0,0
4707,85,2025-08-19 14:48:17,direct,mobile,6,1,1
4708,,2025-08-19 15:15:12,paid_search,mobile,1,0,0
4709,,2025-08-19 15:35:02,organic,desktop,6,0,0
4710,74,2025-08-19 17:58:14,referral,desktop,4,0,0
4711,,2025-08-19 20:47:47,organic,desktop,7,0,0
4712,335,2025-08-20 00:08:47,social,mobile,15,0,0
4713,188,2025-08-20 02:44:25,paid_search,desktop,20,0,0
4714,,2025-08-20 05:04:56,direct,mobile,3,0,0
4715,152,2025-08-20 09:55:29,email,mobile,6,1,0
4716,193,2025-08-20 10:14:35,direct,tablet,1,0,0
4717,,2025-08-20 12:19:21,organic,mobile,1,0,0
4718,116,2025-08-20 15:17:38,organic,mobile,9,0,0
4719,,2025-08-20 16:41:20,paid_search,desktop,7,0,0
4720,,2025-08-20 17:50:11,organic,desktop,1,0,0
4721,,2025-08-20 19:51:37,social,mobile,1,0,0
4722,354,2025-08-20 19:53:23,email,mobile,2,0,0
4723,272,2025-08-20 19:55:18,direct,mobile,1,1,0
4724,,2025-08-20 22:26:28,organic,desktop,14,0,0
4725,,2025-08-20 23:58:29,organic,mobile,5,0,0
4726,,2025-08-21 00:32:44,organic,desktop,21,0,0
4727,86,2025-08-21 00:51:45,paid_search,mobile,3,0,0
4728,,2025-08-21 02:22:36,direct,mobile,3,0,0
4729,,2025-08-21 04:04:23,organic,mobile,4,0,0
4730,,2025-08-21 05:30:33,organic,mobile,2,0,0
4731,533,2025-08-21 09:23:43,paid_search,mobile,4,0,0
4732,,2025-08-21 11:35:34,paid_search,mobile,2,0,0
4733,477,2025-08-21 13:22:58,email,mobile,7,0,0
4734,,2025-08-21 14:08:46,email,mobile,4,1,0
4735,,2025-08-21 14:51:20,direct,tablet,4,0,0
4736,,2025-08-21 15:20:15,organic,mobile,7,1,0
4737,,2025-08-21 18:08:16,organic,mobile,4,1,1
4738,181,2025-08-21 18:20:33,organic,mobile,1,0,0
4739,,2025-08-21 18:57:32,direct,mobile,5,0,0
4740,,2025-08-21 20:01:50,social,mobile,4,0,0
4741,,2025-08-22 06:52:01,organic,desktop,4,0,0
4742,,2025-08-22 09:16:40,organic,mobile,2,0,0
4743,,2025-08-22 14:36:50,email,mobile,9,0,0
4744,25,2025-08-22 15:32:22,social,desktop,18,1,1
4745,,2025-08-22 23:53:15,direct,desktop,1,0,0
4746,,2025-08-23 00:18:06,organic,tablet,6,0,0
4747,272,2025-08-23 02:44:44,paid_search,desktop,6,0,0
4748,,2025-08-23 08:49:07,email,mobile,7,1,0
4749,,2025-08-23 09:48:26,email,mobile,6,1,0
4750,,2025-08-23 12:19:17,paid_search,mobile,14,0,0
4751,,2025-08-23 17:36:00,organic,mobile,9,1,0
4752,95,2025-08-23 18:11:56,referral,mobile,3,0,0
4753,,2025-08-23 18:13:26,direct,mobile,3,0,0
4754,238,2025-08-23 19:46:21,direct,desktop,6,1,1
4755,271,2025-08-23 20:37:00,paid_search,desktop,3,0,0
4756,,2025-08-23 20:41:34,social,mobile,1,0,0
4757,,2025-08-23 22:17:35,organic,tablet,1,0,0
4758,,2025-08-24 00:56:07,referral,mobile,1,0,0
4759,,2025-08-24 02:23:35,social,desktop,1,0,0
4760,106,2025-08-24 04:58:15,direct,desktop,3,0,0
4761,,2025-08-24 06:16:45,paid_search,mobile,1,0,0
4762,,2025-08-24 08:56:25,social,tablet,5,0,0
4763,,2025-08-24 11:49:22,referral,desktop,3,0,0
4764,425,2025-08-24 15:00:34,email,mobile,2,0,0
4765,,2025-08-24 16:00:40,organic,mobile,1,0,0
4766,554,2025-08-24 18:56:41,organic,mobile,8,0,0
4767,247,2025-08-25 02:33:15,email,mobile,1,0,0
4768,208,2025-08-25 07:29:46,organic,desktop,2,0,0
4769,506,2025-08-25 09:06:02,email,mobile,4,0,0
4770,,2025-08-25 09:32:19,direct,tablet,3,0,0
4771,,2025-08-25 12:32:59,organic,mobile,1,1,0
4772,314,2025-08-25 16:02:55,paid_search,mobile,1,0,0
4773,,2025-08-25 22:58:05,email,mobile,3,0,0
4774,,2025-08-25 23:16:29,paid_search,mobile,1,0,0
4775,,2025-08-26 00:08:49,direct,desktop,9,0,0
4776,509,2025-08-26 03:55:14,organic,mobile,1,0,0
4777,217,2025-08-26 09:41:46,organic,tablet,9,0,0
4778,,2025-08-26 09:49:09,organic,mobile,1,0,0
4779,479,2025-08-26 12:21:59,social,desktop,3,1,0
4780,309,2025-08-26 13:32:45,organic,mobile,12,1,0
4781,,2025-08-26 16:26:25,organic,mobile,4,1,0
4782,,2025-08-26 16:32:33,organic,mobile,1,1,1
4783,,2025-08-26 16:40:22,paid_search,desktop,7,0,0
4784,401,2025-08-26 17:20:00,email,mobile,1,1,0
4785,432,2025-08-26 17:28:55,organic,mobile,2,0,0
4786,,2025-08-26 21:10:17,organic,mobile,11,1,0
4787,,2025-08-26 22:45:30,social,mobile,8,0,0
4788,,2025-08-27 00:57:53,organic,mobile,5,0,0
4789,577,2025-08-27 01:52:36,organic,desktop,3,1,0
4790,,2025-08-27 08:49:05,direct,desktop,1,0,0
4791,,2025-08-27 11:19:40,organic,desktop,3,0,0
4792,,2025-08-27 12:02:24,email,mobile,2,0,0
4793,420,2025-08-27 15:27:02,social,desktop,1,0,0
4794,,2025-08-27 17:30:15,organic,tablet,5,0,0
4795,517,2025-08-27 19:36:38,organic,tablet,2,0,0
4796,497,2025-08-27 19:53:23,referral,desktop,10,1,0
4797,113,2025-08-28 01:38:22,direct,desktop,1,1,0
4798,306,2025-08-28 02:26:44,social,desktop,1,0,0
4799,545,2025-08-28 03:32:23,social,mobile,4,0,0
4800,,2025-08-28 03:59:21,paid_search,desktop,4,0,0
4801,329,2025-08-28 04:58:41,organic,mobile,2,0,0
4802,571,2025-08-28 06:09:44,organic,desktop,5,0,0
4803,,2025-08-28 09:40:19,email,mobile,1,0,0
4804,536,2025-08-28 10:25:59,social,mobile,4,0,0
4805,,2025-08-28 12:08:04,social,desktop,1,0,0
4806,171,2025-08-28 13:19:23,paid_search,mobile,3,0,0
4807,,2025-08-28 14:17:38,organic,desktop,1,1,1
4808,,2025-08-28 18:17:30,organic,desktop,2,0,0
4809,,2025-08-28 19:43:50,direct,desktop,1,0,0
4810,,2025-08-28 21:14:58,social,mobile,1,0,0
4811,71,2025-08-29 06:51:54,organic,desktop,1,1,0
4812,445,2025-08-29 06:59:11,direct,mobile,1,0,0
4813,,2025-08-29 08:17:37,organic,desktop,4,0,0
4814,,2025-08-29 10:36:00,paid_search,desktop,3,0,0
4815,143,2025-08-29 13:18:07,organic,desktop,6,1,0
4816,,2025-08-29 15:55:55,referral,desktop,2,0,0
4817,,2025-08-29 16:12:07,organic,desktop,2,0,0
4818,501,2025-08-29 19:21:05,social,desktop,3,0,0
4819,205,2025-08-29 20:31:54,direct,mobile,2,0,0
4820,,2025-08-30 02:10:07,direct,tablet,5,0,0
4821,498,2025-08-30 02:33:10,organic,mobile,1,0,0
4822,,2025-08-30 05:37:43,direct,mobile,4,0,0
4823,,2025-08-30 09:07:09,direct,mobile,2,0,0
4824,164,2025-08-30 13:05:16,paid_search,desktop,5,1,0
4825,580,2025-08-30 21:49:48,email,mobile,1,0,0
4826,176,2025-08-31 00:57:04,organic,mobile,1,0,0
4827,,2025-08-31 01:14:46,organic,desktop,8,0,0
4828,,2025-08-31 06:56:28,organic,mobile,2,0,0
4829,448,2025-08-31 08:41:19,social,mobile,3,0,0
4830,,2025-08-31 10:40:45,organic,desktop,1,0,0
4831,,2025-08-31 13:31:44,paid_search,desktop,14,1,1
4832,325,2025-08-31 21:38:45,organic,mobile,3,0,0
4833,,2025-08-31 22:32:01,organic,mobile,16,0,0
4834,,2025-08-31 23:44:51,organic,desktop,3,0,0
4835,,2025-09-01 00:03:12,paid_search,desktop,1,0,0
4836,,2025-09-01 07:52:24,social,tablet,8,0,0
4837,,2025-09-01 08:50:12,paid_search,mobile,3,0,0
4838,,2025-09-01 10:57:49,email,desktop,6,0,0
4839,84,2025-09-01 18:03:16,organic,desktop,1,1,0
4840,224,2025-09-01 18:03:20,organic,tablet,1,0,0
4841,175,2025-09-02 02:01:58,social,tablet,1,0,0
4842,,2025-09-02 05:46:51,referral,mobile,1,0,0
4843,400,2025-09-02 05:52:45,paid_search,mobile,1,0,0
4844,276,2025-09-02 05:55:08,organic,mobile,4,0,0
4845,,2025-09-02 09:51:34,organic,mobile,6,1,1
4846,413,2025-09-02 14:20:30,direct,mobile,1,0,0
4847,,2025-09-02 15:21:22,email,desktop,9,1,0
4848,536,2025-09-02 16:55:55,organic,mobile,4,0,0
4849,,2025-09-02 20:35:22,social,mobile,10,0,0
4850,,2025-09-02 22:09:33,social,mobile,1,0,0
4851,,2025-09-02 22:37:58,paid_search,mobile,6,0,0
4852,,2025-09-02 23:46:51,paid_search,mobile,1,0,0
4853,,2025-09-03 01:39:54,organic,mobile,1,0,0
4854,84,2025-09-03 02:20:06,organic,desktop,11,0,0
4855,292,2025-09-03 02:22:06,organic,desktop,2,1,1
4856,287,2025-09-03 04:08:27,organic,desktop,1,0,0
4857,451,2025-09-03 08:33:26,organic,desktop,1,0,0
4858,223,2025-09-03 09:37:07,organic,mobile,4,0,0
4859,522,2025-09-03 10:35:58,organic,desktop,9,0,0
4860,,2025-09-03 13:04:18,organic,mobile,5,0,0
4861,146,2025-09-03 14:15:22,social,tablet,1,0,0
4862,,2025-09-03 19:39:28,social,mobile,2,0,0
4863,,2025-09-03 22:38:03,organic,desktop,1,0,0
4864,,2025-09-04 08:47:30,direct,tablet,12,1,0
4865,,2025-09-04 16:47:21,organic,mobile,7,0,0
4866,97,2025-09-04 19:02:44,organic,mobile,5,1,1
4867,,2025-09-04 19:41:53,direct,tablet,4,0,0
4868,307,2025-09-04 20:42:20,referral,desktop,1,1,1
4869,,2025-09-04 20:51:39,organic,mobile,2,0,0
4870,,2025-09-05 02:12:28,organic,desktop,1,0,0
4871,,2025-09-05 02:21:15,direct,mobile,1,0,0
4872,,2025-09-05 04:04:45,paid_search,mobile,7,0,0
4873,412,2025-09-05 07:34:24,direct,desktop,1,0,0
4874,,2025-09-05 11:25:59,paid_search,mobile,2,0,0
4875,,2025-09-05 15:36:48,paid_search,mobile,2,0,0
4876,456,2025-09-05 20:20:59,paid_search,desktop,5,0,0
4877,,2025-09-05 21:23:20,email,mobile,4,0,0
4878,,2025-09-06 01:42:42,email,mobile,1,0,0
4879,546,2025-09-06 05:58:18,organic,tablet,4,0,0
4880,227,2025-09-06 09:29:35,organic,mobile,5,0,0
4881,13,2025-09-06 13:44:52,organic,desktop,1,0,0
4882,,2025-09-06 14:07:56,email,mobile,4,1,0
4883,266,2025-09-06 14:29:04,organic,mobile,1,0,0
4884,177,2025-09-06 16:53:02,direct,tablet,1,0,0
4885,,2025-09-06 20:58:35,organic,desktop,5,1,1
4886,,2025-09-06 22:49:40,social,desktop,1,0,0
4887,488,2025-09-07 00:45:16,referral,desktop,3,0,0
4888,,2025-09-07 02:49:57,paid_search,mobile,1,0,0
4889,490,2025-09-07 06:40:15,social,mobile,5,1,0
4890,,2025-09-07 10:46:17,organic,mobile,11,0,0
4891,526,2025-09-07 12:41:49,direct,mobile,1,0,0
4892,,2025-09-07 17:05:13,paid_search,mobile,11,0,0
4893,94,2025-09-07 21:33:55,social,desktop,1,0,0
4894,63,2025-09-07 22:31:04,paid_search,mobile,1,0,0
4895,,2025-09-07 22:33:06,social,desktop,6,0,0
4896,70,2025-09-08 06:35:56,direct,mobile,2,0,0
4897,58,2025-09-08 06:51:32,email,desktop,15,1,0
4898,183,2025-09-08 08:26:48,social,mobile,2,0,0
4899,,2025-09-08 08:38:00,organic,tablet,3,0,0
4900,536,2025-09-08 11:06:37,paid_search,mobile,2,1,1
4901,402,2025-09-08 15:49:12,organic,desktop,8,1,0
4902,,2025-09-08 16:13:25,organic,mobile,3,0,0
4903,,2025-09-08 17:10:52,direct,tablet,2,0,0
4904,,2025-09-08 17:23:52,organic,tablet,1,0,0
4905,567,2025-09-08 18:51:11,direct,mobile,1,0,0
4906,,2025-09-08 22:10:09,social,mobile,2,0,0
4907,315,2025-09-08 23:41:11,paid_search,mobile,3,0,0
4908,,2025-09-09 04:30:28,social,tablet,3,0,0
4909,,2025-09-09 07:45:57,social,mobile,6,0,0
4910,119,2025-09-09 08:49:59,social,mobile,5,0,0
4911,,2025-09-09 11:18:43,referral,mobile,1,0,0
4912,,2025-09-09 12:01:02,organic,mobile,3,0,0
4913,,2025-09-09 20:22:20,organic,mobile,7,0,0
4914,509,2025-09-10 01:35:43,organic,mobile,2,0,0
4915,43,2025-09-10 02:28:34,organic,tablet,1,0,0
4916,483,2025-09-10 04:12:52,social,mobile,3,0,0
4917,,2025-09-10 04:52:20,email,mobile,27,1,0
4918,409,2025-09-10 09:16:00,organic,mobile,5,0,0
4919,,2025-09-10 11:48:47,email,mobile,7,1,0
4920,,2025-09-10 19:02:43,organic,mobile,4,0,0
4921,285,2025-09-10 19:57:14,social,desktop,1,0,0
4922,303,2025-09-10 23:21:45,organic,mobile,5,0,0
4923,,2025-09-11 00:28:55,social,mobile,3,0,0
4924,,2025-09-11 02:41:58,organic,tablet,1,0,0
4925,342,2025-09-11 06:03:42,social,desktop,3,0,0
4926,,2025-09-11 08:50:40,email,desktop,3,1,1
4927,,2025-09-11 11:06:19,direct,desktop,2,0,0
4928,,2025-09-11 12:28:05,organic,mobile,6,1,0
4929,,2025-09-11 13:45:04,organic,mobile,6,1,0
4930,450,2025-09-11 14:17:14,social,desktop,1,0,0
4931,96,2025-09-11 14:55:47,social,mobile,4,0,0
4932,,2025-09-11 16:49:55,email,desktop,1,1,1
4933,,2025-09-11 23:12:43,social,desktop,2,0,0
4934,48,2025-09-12 02:18:00,organic,mobile,1,0,0
4935,,2025-09-12 06:20:35,social,desktop,4,0,0
4936,,2025-09-12 11:46:39,direct,mobile,6,0,0
4937,81,2025-09-12 12:16:11,referral,tablet,11,1,0
4938,,2025-09-13 01:29:20,paid_search,mobile,3,0,0
4939,550,2025-09-13 04:31:44,organic,desktop,4,0,0
4940,,2025-09-13 04:48:00,paid_search,tablet,3,0,0
4941,,2025-09-13 04:57:14,direct,mobile,1,0,0
4942,,2025-09-13 05:09:01,referral,mobile,1,0,0
4943,121,2025-09-13 07:11:16,organic,desktop,6,0,0
4944,,2025-09-13 15:15:45,direct,mobile,2,1,0
4945,,2025-09-13 15:52:11,organic,mobile,4,0,0
4946,588,2025-09-13 18:57:08,social,desktop,1,0,0
4947,,2025-09-14 01:42:53,paid_search,mobile,4,0,0
4948,,2025-09-14 01:55:02,organic,mobile,1,0,0
4949,236,2025-09-14 05:29:00,organic,desktop,1,0,0
4950,,2025-09-14 08:35:59,paid_search,mobile,1,0,0
4951,460,2025-09-14 14:52:20,social,desktop,9,1,1
4952,174,2025-09-14 15:42:39,email,desktop,4,0,0
4953,479,2025-09-14 18:10:48,paid_search,desktop,7,1,0
4954,197,2025-09-14 22:00:09,email,mobile,12,1,0
4955,,2025-09-14 22:06:35,organic,mobile,3,0,0
4956,100,2025-09-15 00:43:14,referral,mobile,5,0,0
4957,,2025-09-15 07:30:38,organic,desktop,5,0,0
4958,276,2025-09-15 09:13:25,social,mobile,7,0,0
4959,68,2025-09-15 09:38:39,direct,tablet,3,1,1
4960,,2025-09-15 10:10:10,organic,mobile,4,0,0
4961,,2025-09-15 11:04:21,organic,mobile,7,1,0
4962,,2025-09-15 13:05:18,paid_search,desktop,2,0,0
4963,,2025-09-15 13:47:13,direct,mobile,2,1,1
4964,344,2025-09-15 13:53:05,organic,mobile,1,0,0
4965,467,2025-09-15 17:45:00,direct,desktop,6,0,0
4966,,2025-09-15 18:30:01,direct,desktop,4,0,0
4967,,2025-09-15 18:44:42,paid_search,mobile,1,0,0
4968,252,2025-09-15 21:37:07,organic,mobile,1,0,0
4969,430,2025-09-15 22:57:43,direct,mobile,7,0,0
4970,,2025-09-15 23:41:35,direct,desktop,2,0,0
4971,124,2025-09-16 01:08:11,paid_search,desktop,2,0,0
4972,,2025-09-16 03:47:57,organic,desktop,4,0,0
4973,,2025-09-16 11:02:40,organic,desktop,4,0,0
4974,,2025-09-16 12:50:30,organic,desktop,3,0,0
4975,503,2025-09-16 13:52:22,referral,mobile,8,0,0
4976,479,2025-09-16 14:17:08,organic,mobile,4,1,0
4977,431,2025-09-16 17:45:16,referral,mobile,1,0,0
4978,256,2025-09-16 17:46:30,email,desktop,1,0,0
4979,,2025-09-16 18:49:23,paid_search,mobile,1,0,0
4980,469,2025-09-16 21:31:38,paid_search,mobile,1,0,0
4981,410,2025-09-17 05:41:11,organic,tablet,5,0,0
4982,108,2025-09-17 05:54:24,organic,mobile,1,0,0
4983,,2025-09-17 08:50:31,paid_search,desktop,2,0,0
4984,,2025-09-17 10:33:16,organic,desktop,1,0,0
4985,548,2025-09-17 12:03:56,email,desktop,1,1,0
4986,452,2025-09-17 12:20:47,email,tablet,5,0,0
4987,,2025-09-17 15:53:10,organic,mobile,1,0,0
4988,,2025-09-17 20:13:45,social,desktop,16,1,1
4989,120,2025-09-18 00:45:31,organic,tablet,1,0,0
4990,,2025-09-18 00:58:22,organic,mobile,1,0,0
4991,597,2025-09-18 06:20:11,paid_search,mobile,1,0,0
4992,482,2025-09-18 08:42:41,social,desktop,2,0,0
4993,108,2025-09-18 08:58:18,email,mobile,3,0,0
4994,439,2025-09-18 11:35:40,social,desktop,4,0,0
4995,,2025-09-18 17:25:45,direct,mobile,1,0,0
4996,,2025-09-19 00:32:55,organic,mobile,6,0,0
4997,94,2025-09-19 01:15:42,organic,mobile,2,0,0
4998,589,2025-09-19 07:17:17,organic,tablet,8,0,0
4999,455,2025-09-19 07:40:31,referral,mobile,5,0,0
5000,,2025-09-19 11:52:00,direct,mobile,7,0,0
5001,259,2025-09-19 12:21:17,paid_search,desktop,1,0,0
5002,,2025-09-19 14:10:31,paid_search,mobile,9,0,0
5003,,2025-09-19 18:29:46,organic,mobile,14,0,0
5004,11,2025-09-19 22:02:49,direct,desktop,1,0,0
5005,145,2025-09-20 02:47:16,organic,desktop,1,0,0
5006,,2025-09-20 03:45:08,paid_search,mobile,4,1,1
5007,76,2025-09-20 04:53:05,organic,mobile,3,0,0
5008,482,2025-09-20 05:36:52,social,desktop,4,0,0
5009,,2025-09-20 06:06:50,paid_search,mobile,4,0,0
5010,21,2025-09-20 08:32:03,organic,mobile,1,0,0
5011,,2025-09-20 16:16:46,social,desktop,6,1,1
5012,549,2025-09-21 01:00:01,organic,mobile,2,0,0
5013,214,2025-09-21 02:10:12,referral,desktop,1,0,0
5014,106,2025-09-21 02:41:27,social,mobile,1,0,0
5015,,2025-09-21 02:47:56,organic,mobile,1,0,0
5016,,2025-09-21 04:41:56,organic,mobile,1,0,0
5017,,2025-09-21 11:15:25,referral,tablet,3,0,0
5018,,2025-09-21 14:13:32,paid_search,mobile,1,0,0
5019,,2025-09-21 14:31:48,social,desktop,8,0,0
5020,,2025-09-21 19:09:38,direct,mobile,7,0,0
5021,,2025-09-21 19:59:41,paid_search,desktop,4,0,0
5022,243,2025-09-21 22:44:26,organic,mobile,5,1,1
5023,308,2025-09-21 23:42:38,organic,mobile,2,0,0
5024,,2025-09-22 00:07:29,direct,mobile,3,0,0
5025,,2025-09-22 02:12:43,paid_search,tablet,5,0,0
5026,,2025-09-22 03:17:28,organic,mobile,1,0,0
5027,533,2025-09-22 04:09:08,organic,desktop,2,0,0
5028,,2025-09-22 05:17:04,organic,mobile,13,1,1
5029,577,2025-09-22 05:53:27,paid_search,mobile,1,0,0
5030,,2025-09-22 09:41:15,email,tablet,14,1,1
5031,,2025-09-22 13:21:48,email,desktop,7,1,0
5032,571,2025-09-22 16:24:28,email,mobile,17,1,0
5033,,2025-09-22 17:28:47,paid_search,desktop,4,0,0
5034,,2025-09-22 19:44:59,paid_search,tablet,7,0,0
5035,,2025-09-22 21:20:33,organic,mobile,4,0,0
5036,,2025-09-22 22:10:57,organic,desktop,1,0,0
5037,36,2025-09-22 23:01:22,social,mobile,9,0,0
5038,118,2025-09-23 08:38:52,paid_search,desktop,9,1,1
5039,,2025-09-23 21:16:31,direct,mobile,2,0,0
5040,65,2025-09-23 23:34:49,organic,mobile,6,0,0
5041,80,2025-09-24 00:28:29,organic,desktop,6,1,0
5042,186,2025-09-24 01:42:09,social,mobile,1,0,0
5043,,2025-09-24 01:52:42,social,desktop,2,0,0
5044,,2025-09-24 02:19:30,social,mobile,1,0,0
5045,,2025-09-24 10:19:05,email,mobile,12,1,1
5046,302,2025-09-24 11:09:07,organic,mobile,3,0,0
5047,,2025-09-24 11:47:05,direct,desktop,2,0,0
5048,,2025-09-24 12:23:12,paid_search,desktop,3,0,0
5049,,2025-09-24 14:07:46,paid_search,mobile,3,0,0
5050,540,2025-09-24 14:51:26,direct,desktop,9,0,0
5051,,2025-09-24 15:47:44,organic,desktop,11,0,0
5052,,2025-09-24 16:41:57,organic,desktop,12,1,1
5053,,2025-09-24 19:17:17,direct,desktop,1,0,0
5054,,2025-09-24 20:12:44,paid_search,mobile,1,0,0
5055,452,2025-09-24 20:57:56,social,mobile,5,0,0
5056,382,2025-09-24 23:29:19,referral,mobile,2,0,0
5057,,2025-09-25 09:04:21,social,desktop,1,0,0
5058,,2025-09-25 09:11:41,organic,mobile,7,0,0
5059,117,2025-09-25 10:25:32,organic,mobile,7,0,0
5060,485,2025-09-25 11:56:40,paid_search,desktop,6,0,0
5061,,2025-09-25 14:20:16,paid_search,mobile,4,0,0
5062,,2025-09-25 14:46:35,social,desktop,3,0,0
5063,,2025-09-25 17:12:00,organic,mobile,4,1,0
5064,380,2025-09-25 23:48:06,paid_search,mobile,2,0,0
5065,,2025-09-26 03:12:41,referral,desktop,4,0,0
5066,,2025-09-26 09:17:29,paid_search,desktop,1,1,1
5067,,2025-09-26 09:39:58,social,mobile,2,0,0
5068,,2025-09-26 13:24:04,social,mobile,3,1,1
5069,20,2025-09-26 14:12:08,paid_search,mobile,3,0,0
5070,,2025-09-26 18:14:17,email,mobile,6,0,0
5071,40,2025-09-26 22:12:52,referral,mobile,5,0,0
5072,8,2025-09-26 23:11:04,paid_search,tablet,12,0,0
5073,,2025-09-26 23:40:17,paid_search,mobile,11,0,0
5074,112,2025-09-27 01:19:07,organic,mobile,2,0,0
5075,292,2025-09-27 08:33:11,organic,mobile,3,0,0
5076,456,2025-09-27 09:38:58,organic,mobile,11,0,0
5077,244,2025-09-27 13:15:28,organic,desktop,4,1,0
5078,,2025-09-27 13:56:00,social,desktop,1,0,0
5079,584,2025-09-27 16:16:39,organic,mobile,1,0,0
5080,409,2025-09-27 18:08:00,paid_search,mobile,15,0,0
5081,537,2025-09-27 22:01:22,social,mobile,1,0,0
5082,101,2025-09-28 03:16:33,organic,desktop,10,0,0
5083,,2025-09-28 03:48:11,organic,desktop,14,1,0
5084,530,2025-09-28 06:03:59,paid_search,desktop,2,0,0
5085,,2025-09-28 07:05:46,paid_search,mobile,2,0,0
5086,532,2025-09-28 07:54:07,organic,desktop,1,0,0
5087,,2025-09-28 08:58:32,organic,mobile,2,0,0
5088,,2025-09-28 12:08:32,organic,mobile,6,1,1
5089,105,2025-09-28 15:14:13,organic,mobile,3,0,0
5090,61,2025-09-28 16:18:25,social,desktop,4,1,1
5091,451,2025-09-28 18:01:39,paid_search,desktop,2,0,0
5092,,2025-09-28 18:54:07,organic,desktop,6,1,0
5093,,2025-09-28 23:59:33,direct,desktop,2,0,0
5094,,2025-09-29 00:06:13,email,mobile,9,0,0
5095,225,2025-09-29 00:14:06,paid_search,desktop,6,1,0
5096,264,2025-09-29 00:26:11,referral,mobile,1,0,0
5097,,2025-09-29 01:09:09,paid_search,mobile,2,1,0
5098,23,2025-09-29 05:19:23,referral,mobile,5,0,0
5099,424,2025-09-29 05:55:47,referral,tablet,1,0,0
5100,167,2025-09-29 12:54:24,direct,mobile,1,0,0
5101,230,2025-09-29 13:11:43,organic,mobile,6,0,0
5102,,2025-09-29 14:45:16,organic,desktop,6,0,0
5103,391,2025-09-29 14:45:34,social,desktop,15,1,1
5104,271,2025-09-29 15:19:08,direct,desktop,1,0,0
5105,23,2025-09-29 16:54:53,social,mobile,1,0,0
5106,187,2025-09-29 18:56:22,paid_search,mobile,1,0,0
5107,,2025-09-29 21:11:28,organic,mobile,1,0,0
5108,120,2025-09-29 21:30:25,email,tablet,1,0,0
5109,543,2025-09-29 21:42:09,organic,mobile,9,0,0
5110,,2025-09-29 22:03:51,direct,mobile,7,0,0
5111,,2025-09-29 22:46:14,paid_search,tablet,3,0,0
5112,,2025-09-30 03:09:33,email,desktop,6,1,0
5113,294,2025-09-30 03:39:00,social,mobile,2,0,0
5114,,2025-09-30 05:07:15,paid_search,desktop,7,0,0
5115,,2025-09-30 06:43:46,organic,mobile,1,0,0
5116,,2025-09-30 09:07:46,email,desktop,1,0,0
5117,,2025-09-30 12:39:40,direct,desktop,5,0,0
5118,531,2025-09-30 17:53:06,direct,desktop,1,0,0
5119,369,2025-09-30 18:09:49,organic,mobile,7,0,0
5120,,2025-09-30 21:55:14,organic,mobile,6,1,1
5121,322,2025-09-30 21:56:05,social,desktop,2,0,0
5122,,2025-09-30 22:45:50,direct,desktop,2,1,1
5123,,2025-10-01 01:25:36,paid_search,desktop,1,0,0
5124,,2025-10-01 02:35:46,email,mobile,1,0,0
5125,586,2025-10-01 06:08:47,organic,desktop,2,0,0
5126,541,2025-10-01 09:52:24,organic,mobile,3,0,0
5127,,2025-10-01 11:34:02,organic,mobile,3,1,0
5128,,2025-10-01 11:49:50,paid_search,desktop,1,0,0
5129,184,2025-10-01 13:42:45,paid_search,mobile,3,0,0
5130,405,2025-10-01 21:02:29,direct,mobile,7,0,0
5131,,2025-10-02 00:24:13,social,mobile,9,0,0
5132,309,2025-10-02 01:17:55,paid_search,tablet,1,0,0
5133,,2025-10-02 03:53:26,referral,mobile,2,0,0
5134,,2025-10-02 09:05:02,social,tablet,5,0,0
5135,,2025-10-02 09:31:46,organic,desktop,3,0,0
5136,,2025-10-02 11:24:32,organic,mobile,8,1,1
5137,,2025-10-02 13:55:06,organic,desktop,24,0,0
5138,100,2025-10-02 16:04:36,paid_search,desktop,8,1,1
5139,344,2025-10-02 22:37:57,organic,mobile,3,0,0
5140,,2025-10-03 04:37:09,organic,mobile,1,0,0
5141,,2025-10-03 09:12:34,paid_search,mobile,6,0,0
5142,302,2025-10-03 10:49:10,organic,mobile,5,0,0
5143,,2025-10-03 12:29:09,paid_search,desktop,11,1,1
5144,,2025-10-03 13:05:16,paid_search,desktop,6,0,0
5145,,2025-10-03 13:55:53,direct,desktop,14,1,1
5146,,2025-10-03 13:59:49,social,desktop,8,0,0
5147,218,2025-10-03 14:08:34,social,mobile,6,1,1
5148,554,2025-10-03 15:08:52,referral,mobile,9,0,0
5149,,2025-10-03 16:27:43,paid_search,desktop,2,0,0
5150,551,2025-10-03 17:16:36,social,mobile,1,1,0
5151,112,2025-10-03 17:52:54,email,desktop,19,1,0
5152,,2025-10-03 18:29:32,paid_search,mobile,5,1,1
5153,,2025-10-03 20:20:57,organic,tablet,2,0,0
5154,232,2025-10-03 22:14:45,paid_search,desktop,8,0,0
5155,,2025-10-04 02:40:31,organic,desktop,5,0,0
5156,,2025-10-04 08:16:49,organic,desktop,4,0,0
5157,,2025-10-04 09:15:09,referral,desktop,2,0,0
5158,,2025-10-04 10:23:57,email,desktop,1,0,0
5159,508,2025-10-04 14:00:21,direct,mobile,1,0,0
5160,,2025-10-04 14:45:12,direct,desktop,5,0,0
5161,,2025-10-04 19:34:08,organic,tablet,1,0,0
5162,336,2025-10-05 02:16:29,organic,mobile,10,0,0
5163,433,2025-10-05 02:35:00,email,mobile,1,0,0
5164,575,2025-10-05 03:07:55,paid_search,mobile,3,0,0
5165,575,2025-10-05 04:00:51,organic,desktop,8,0,0
5166,,2025-10-05 04:34:26,organic,desktop,7,1,1
5167,61,2025-10-05 08:56:58,email,desktop,20,0,0
5168,,2025-10-05 13:39:20,email,mobile,1,0,0
5169,,2025-10-05 21:42:42,direct,mobile,2,0,0
5170,,2025-10-05 23:12:21,referral,mobile,5,0,0
5171,397,2025-10-06 00:31:13,social,mobile,2,0,0
5172,425,2025-10-06 02:42:07,organic,mobile,1,0,0
5173,75,2025-10-06 03:40:29,paid_search,desktop,3,1,0
5174,189,2025-10-06 03:54:48,email,mobile,7,0,0
5175,,2025-10-06 09:45:37,organic,mobile,1,0,0
5176,,2025-10-06 13:54:33,organic,mobile,1,0,0
5177,31,2025-10-06 14:41:11,organic,desktop,13,1,1
5178,14,2025-10-06 16:49:18,paid_search,mobile,8,1,0
5179,,2025-10-06 23:37:19,organic,desktop,2,0,0
5180,175,2025-10-07 00:28:25,direct,mobile,7,0,0
5181,374,2025-10-07 01:16:02,organic,mobile,2,0,0
5182,,2025-10-07 02:38:39,direct,mobile,3,0,0
5183,592,2025-10-07 03:41:50,organic,mobile,2,0,0
5184,63,2025-10-07 05:09:44,paid_search,desktop,12,0,0
5185,,2025-10-07 06:34:19,email,mobile,3,1,1
5186,,2025-10-07 08:18:47,referral,mobile,6,0,0
5187,,2025-10-07 09:39:13,paid_search,mobile,2,0,0
5188,,2025-10-07 09:42:40,organic,mobile,2,0,0
5189,,2025-10-07 15:45:53,referral,mobile,3,0,0
5190,97,2025-10-07 17:01:31,referral,mobile,1,1,1
5191,,2025-10-07 17:59:27,paid_search,mobile,4,0,0
5192,288,2025-10-07 18:27:53,email,mobile,4,1,0
5193,473,2025-10-08 06:45:02,social,mobile,2,0,0
5194,,2025-10-08 09:52:30,paid_search,desktop,2,0,0
5195,,2025-10-08 10:59:48,referral,mobile,3,0,0
5196,,2025-10-08 12:10:23,paid_search,desktop,1,0,0
5197,,2025-10-08 14:28:55,organic,mobile,3,1,1
5198,,2025-10-08 21:27:10,email,desktop,2,0,0
5199,63,2025-10-09 01:12:57,organic,desktop,2,0,0
5200,82,2025-10-09 02:42:02,direct,mobile,9,1,0
5201,,2025-10-09 03:06:08,direct,desktop,3,0,0
5202,,2025-10-09 07:59:44,organic,mobile,4,0,0
5203,114,2025-10-09 09:13:09,social,desktop,3,0,0
5204,113,2025-10-09 11:11:13,paid_search,mobile,1,0,0
5205,,2025-10-09 11:43:04,social,tablet,1,0,0
5206,123,2025-10-09 13:58:47,paid_search,mobile,1,0,0
5207,188,2025-10-09 19:58:29,social,mobile,2,0,0
5208,,2025-10-09 22:44:15,direct,mobile,1,0,0
5209,214,2025-10-09 23:26:47,organic,desktop,3,0,0
5210,36,2025-10-09 23:39:39,email,mobile,1,0,0
5211,,2025-10-10 00:33:36,organic,mobile,1,0,0
5212,340,2025-10-10 03:25:40,organic,mobile,3,0,0
5213,,2025-10-10 04:13:23,organic,mobile,11,1,1
5214,391,2025-10-10 09:17:33,direct,mobile,1,0,0
5215,,2025-10-10 15:05:19,paid_search,tablet,3,0,0
5216,,2025-10-10 17:35:32,email,mobile,3,0,0
5217,480,2025-10-10 18:08:22,paid_search,desktop,18,1,0
5218,,2025-10-10 19:48:01,referral,desktop,4,0,0
5219,108,2025-10-11 00:31:53,social,desktop,1,0,0
5220,494,2025-10-11 04:00:04,organic,mobile,2,0,0
5221,,2025-10-11 04:28:00,direct,desktop,6,0,0
5222,311,2025-10-11 09:05:53,social,desktop,3,0,0
5223,,2025-10-11 13:42:15,organic,desktop,1,0,0
5224,,2025-10-11 13:59:44,organic,desktop,1,0,0
5225,292,2025-10-11 14:32:22,organic,desktop,22,0,0
5226,,2025-10-11 18:32:41,referral,mobile,1,1,1
5227,421,2025-10-11 19:54:20,paid_search,desktop,16,1,0
5228,,2025-10-11 21:28:30,paid_search,mobile,1,0,0
5229,224,2025-10-12 02:15:41,organic,mobile,8,1,1
5230,,2025-10-12 06:06:05,direct,mobile,5,0,0
5231,144,2025-10-12 08:17:08,organic,mobile,5,0,0
5232,,2025-10-12 11:38:31,organic,mobile,3,0,0
5233,,2025-10-12 14:31:01,social,mobile,1,0,0
5234,,2025-10-12 16:07:33,organic,desktop,12,0,0
5235,352,2025-10-12 18:51:05,organic,mobile,4,0,0
5236,583,2025-10-12 19:30:27,organic,mobile,1,0,0
5237,,2025-10-12 22:09:20,referral,mobile,1,0,0
5238,133,2025-10-12 23:08:24,email,mobile,8,0,0
5239,,2025-10-13 02:09:23,direct,desktop,1,0,0
5240,571,2025-10-13 03:02:07,organic,mobile,1,0,0
5241,,2025-10-13 06:59:12,direct,desktop,1,0,0
5242,,2025-10-13 07:34:50,email,mobile,1,0,0
5243,,2025-10-13 08:02:18,email,mobile,1,0,0
5244,,2025-10-13 08:26:23,organic,desktop,13,0,0
5245,,2025-10-13 09:30:44,organic,mobile,2,0,0
5246,417,2025-10-13 16:23:00,direct,mobile,7,0,0
5247,,2025-10-13 19:43:07,social,desktop,1,0,0
5248,543,2025-10-14 05:33:44,email,mobile,1,0,0
5249,26,2025-10-14 07:24:01,organic,desktop,1,0,0
5250,,2025-10-14 12:16:52,organic,mobile,1,0,0
5251,86,2025-10-14 13:12:36,paid_search,desktop,13,0,0
5252,158,2025-10-14 14:43:15,paid_search,desktop,7,0,0
5253,434,2025-10-14 22:08:00,paid_search,desktop,1,0,0
5254,442,2025-10-14 22:40:46,organic,mobile,1,0,0
5255,572,2025-10-15 00:28:13,referral,desktop,24,0,0
5256,164,2025-10-15 06:09:36,direct,mobile,1,0,0
5257,124,2025-10-15 09:45:21,organic,desktop,4,0,0
5258,,2025-10-15 15:24:17,email,desktop,5,0,0
5259,,2025-10-15 16:10:06,direct,desktop,12,1,1
5260,306,2025-10-15 17:14:27,email,desktop,7,1,0
5261,201,2025-10-15 21:35:34,organic,desktop,9,1,0
5262,,2025-10-16 01:09:24,email,mobile,1,0,0
5263,344,2025-10-16 05:37:56,paid_search,desktop,7,0,0
5264,,2025-10-16 06:06:08,organic,mobile,1,0,0
5265,,2025-10-16 08:09:24,referral,desktop,6,1,1
5266,,2025-10-16 09:04:33,direct,desktop,1,0,0
5267,,2025-10-16 14:39:17,paid_search,mobile,3,0,0
5268,339,2025-10-16 17:33:39,organic,mobile,4,0,0
5269,,2025-10-16 20:12:06,organic,tablet,3,0,0
5270,,2025-10-16 23:57:52,paid_search,desktop,1,0,0
5271,497,2025-10-17 01:40:03,organic,desktop,22,0,0
5272,,2025-10-17 08:22:56,paid_search,mobile,5,0,0
5273,307,2025-10-17 08:44:38,organic,tablet,1,0,0
5274,,2025-10-17 10:25:26,email,mobile,1,0,0
5275,559,2025-10-17 18:37:37,paid_search,mobile,3,0,0
5276,287,2025-10-17 19:17:19,paid_search,tablet,5,0,0
5277,,2025-10-17 22:19:14,organic,desktop,3,0,0
5278,,2025-10-18 04:41:52,direct,mobile,5,1,0
5279,,2025-10-18 06:26:15,social,mobile,2,0,0
5280,,2025-10-18 08:29:19,social,mobile,1,0,0
5281,117,2025-10-18 11:20:50,email,desktop,22,1,1
5282,134,2025-10-18 12:46:41,social,mobile,9,0,0
5283,464,2025-10-18 15:05:05,organic,mobile,10,1,0
5284,,2025-10-18 15:43:23,social,mobile,2,0,0
5285,420,2025-10-18 18:09:39,direct,desktop,5,0,0
5286,,2025-10-18 18:39:47,social,mobile,2,0,0
5287,,2025-10-18 22:18:08,organic,tablet,14,1,1
5288,315,2025-10-18 22:27:42,organic,tablet,1,0,0
5289,,2025-10-19 02:24:38,email,mobile,4,0,0
5290,,2025-10-19 07:29:12,direct,desktop,14,0,0
5291,53,2025-10-19 08:02:21,paid_search,mobile,4,0,0
5292,,2025-10-19 16:12:26,direct,tablet,3,0,0
5293,149,2025-10-19 21:50:49,organic,desktop,5,0,0
5294,,2025-10-19 21:57:56,paid_search,desktop,1,0,0
5295,44,2025-10-19 23:03:22,social,mobile,10,0,0
5296,157,2025-10-20 03:29:12,email,tablet,1,0,0
5297,,2025-10-20 03:50:13,social,desktop,2,0,0
5298,,2025-10-20 04:03:33,email,desktop,2,1,0
5299,280,2025-10-20 05:48:50,referral,desktop,1,0,0
5300,,2025-10-20 08:15:50,paid_search,mobile,2,0,0
5301,,2025-10-20 11:40:48,social,desktop,8,0,0
5302,,2025-10-20 13:19:41,social,desktop,3,0,0
5303,,2025-10-20 14:04:40,organic,desktop,7,1,0
5304,238,2025-10-20 17:15:33,email,desktop,11,0,0
5305,,2025-10-20 18:01:02,organic,tablet,7,0,0
5306,267,2025-10-20 19:49:53,paid_search,mobile,6,1,0
5307,,2025-10-20 20:07:47,organic,mobile,1,0,0
5308,,2025-10-20 20:08:35,organic,desktop,1,0,0
5309,527,2025-10-20 22:05:44,social,mobile,12,1,1
5310,201,2025-10-20 22:43:13,organic,mobile,1,0,0
5311,435,2025-10-21 01:16:36,organic,desktop,6,0,0
5312,,2025-10-21 02:00:18,organic,desktop,7,1,1
5313,,2025-10-21 02:05:39,paid_search,mobile,3,0,0
5314,,2025-10-21 04:51:06,referral,desktop,5,0,0
5315,,2025-10-21 06:07:30,organic,mobile,1,0,0
5316,408,2025-10-21 07:59:55,direct,tablet,13,1,0
5317,269,2025-10-21 12:04:08,direct,desktop,9,1,1
5318,394,2025-10-21 14:23:40,organic,desktop,1,0,0
5319,,2025-10-21 17:27:01,paid_search,mobile,2,0,0
5320,576,2025-10-21 18:50:54,email,desktop,1,1,0
5321,70,2025-10-21 23:49:32,referral,mobile,1,0,0
5322,,2025-10-22 00:47:54,organic,mobile,4,0,0
5323,310,2025-10-22 09:10:33,organic,desktop,1,0,0
5324,,2025-10-22 09:17:01,social,mobile,1,0,0
5325,,2025-10-22 14:41:52,paid_search,mobile,1,1,1
5326,287,2025-10-22 19:19:36,referral,mobile,4,0,0
5327,378,2025-10-22 21:00:20,email,desktop,6,1,0
5328,,2025-10-22 21:59:44,organic,mobile,4,0,0
5329,153,2025-10-22 23:44:49,social,desktop,8,1,0
5330,,2025-10-23 02:25:57,social,mobile,2,0,0
5331,,2025-10-23 02:41:46,referral,mobile,5,0,0
5332,,2025-10-23 06:27:20,email,mobile,1,0,0
5333,,2025-10-23 07:09:43,paid_search,desktop,1,0,0
5334,236,2025-10-23 15:42:54,paid_search,desktop,6,0,0
5335,,2025-10-23 16:23:05,paid_search,mobile,7,0,0
5336,289,2025-10-24 00:02:13,direct,desktop,18,0,0
5337,5,2025-10-24 00:20:10,organic,desktop,8,0,0
5338,,2025-10-24 00:55:44,referral,mobile,4,0,0
5339,234,2025-10-24 01:27:54,social,mobile,4,0,0
5340,412,2025-10-24 04:02:20,email,mobile,1,0,0
5341,,2025-10-24 06:14:23,email,desktop,7,1,0
5342,,2025-10-24 06:29:02,direct,tablet,2,0,0
5343,,2025-10-24 07:59:04,organic,tablet,1,0,0
5344,14,2025-10-24 08:32:02,paid_search,mobile,4,0,0
5345,,2025-10-24 11:30:46,email,desktop,1,0,0
5346,,2025-10-24 15:49:51,paid_search,desktop,10,0,0
5347,,2025-10-24 16:53:56,organic,mobile,2,0,0
5348,,2025-10-24 18:31:34,organic,mobile,6,0,0
5349,115,2025-10-24 18:54:30,email,desktop,16,1,0
5350,3,2025-10-24 20:36:56,direct,desktop,8,1,0
5351,142,2025-10-24 22:29:24,organic,desktop,1,0,0
5352,,2025-10-25 02:35:34,paid_search,desktop,1,0,0
5353,300,2025-10-25 04:44:23,paid_search,mobile,1,0,0
5354,336,2025-10-25 06:23:23,email,mobile,12,1,0
5355,483,2025-10-25 09:58:32,direct,desktop,1,0,0
5356,,2025-10-25 11:23:46,organic,mobile,8,0,0
5357,284,2025-10-25 14:05:33,organic,desktop,6,0,0
5358,,2025-10-25 14:26:58,paid_search,desktop,1,1,1
5359,433,2025-10-25 16:18:46,social,desktop,2,1,1
5360,,2025-10-25 20:09:41,social,mobile,1,0,0
5361,111,2025-10-25 21:44:27,referral,tablet,2,0,0
5362,,2025-10-25 21:51:17,email,mobile,13,1,1
5363,220,2025-10-25 23:27:34,paid_search,mobile,1,0,0
5364,,2025-10-26 00:17:18,organic,mobile,1,0,0
5365,,2025-10-26 03:47:16,organic,tablet,1,0,0
5366,,2025-10-26 19:03:50,paid_search,mobile,11,1,0
5367,,2025-10-27 02:01:20,organic,mobile,3,0,0
5368,249,2025-10-27 07:19:27,social,desktop,16,0,0
5369,,2025-10-27 08:35:41,paid_search,desktop,1,0,0
5370,194,2025-10-27 08:44:02,paid_search,mobile,9,0,0
5371,250,2025-10-27 09:22:53,email,mobile,1,0,0
5372,,2025-10-27 18:11:41,referral,mobile,7,0,0
5373,,2025-10-27 21:06:08,direct,mobile,9,0,0
5374,,2025-10-28 03:42:50,organic,mobile,1,0,0
5375,35,2025-10-28 05:07:48,paid_search,mobile,2,0,0
5376,,2025-10-28 08:11:49,organic,mobile,1,0,0
5377,,2025-10-28 08:34:33,organic,mobile,4,1,1
5378,,2025-10-28 12:47:33,organic,mobile,10,1,1
5379,443,2025-10-28 13:12:50,organic,desktop,6,1,1
5380,94,2025-10-28 15:08:13,direct,desktop,2,0,0
5381,510,2025-10-28 16:10:44,email,desktop,3,1,1
5382,321,2025-10-29 03:47:36,direct,desktop,13,1,1
5383,,2025-10-29 11:42:18,direct,tablet,1,0,0
5384,,2025-10-29 13:58:53,social,mobile,1,0,0
5385,93,2025-10-29 14:55:44,social,desktop,1,0,0
5386,,2025-10-29 16:05:05,social,mobile,5,0,0
5387,427,2025-10-29 16:10:52,organic,mobile,5,0,0
5388,,2025-10-29 17:44:25,paid_search,desktop,2,0,0
5389,220,2025-10-29 19:33:18,social,desktop,4,0,0
5390,519,2025-10-29 22:40:00,organic,mobile,5,0,0
5391,70,2025-10-29 23:01:13,direct,desktop,11,1,1
5392,474,2025-10-29 23:17:38,organic,mobile,1,1,1
5393,,2025-10-29 23:19:27,organic,mobile,6,0,0
5394,,2025-10-30 03:43:48,organic,mobile,3,0,0
5395,,2025-10-30 11:28:53,social,desktop,1,0,0
5396,235,2025-10-30 11:50:38,organic,mobile,1,0,0
5397,,2025-10-30 12:01:37,social,desktop,6,1,0
5398,385,2025-10-30 12:52:43,social,mobile,1,0,0
5399,,2025-10-30 15:41:09,paid_search,desktop,4,0,0
5400,,2025-10-30 17:04:50,organic,desktop,2,0,0
5401,,2025-10-30 18:34:57,email,desktop,11,0,0
5402,,2025-10-30 19:02:49,organic,desktop,2,1,0
5403,2,2025-10-30 19:07:37,organic,tablet,1,0,0
5404,,2025-10-30 23:53:19,paid_search,tablet,1,0,0
5405,,2025-10-31 06:37:10,email,desktop,21,1,1
5406,,2025-10-31 11:01:53,organic,desktop,8,1,0
5407,283,2025-10-31 11:29:52,organic,desktop,7,1,1
5408,,2025-10-31 13:39:06,email,tablet,1,0,0
5409,76,2025-10-31 14:49:46,organic,mobile,8,0,0
5410,,2025-10-31 17:59:29,direct,mobile,1,0,0
5411,,2025-10-31 20:29:17,social,tablet,2,1,1
5412,83,2025-10-31 21:10:20,organic,mobile,1,0,0
5413,,2025-10-31 21:59:34,organic,desktop,7,0,0
5414,46,2025-10-31 22:03:51,direct,mobile,9,1,1
5415,,2025-11-01 00:27:30,direct,mobile,3,1,1
5416,171,2025-11-01 02:37:23,social,desktop,1,0,0
5417,331,2025-11-01 04:44:36,paid_search,mobile,3,0,0
5418,546,2025-11-01 05:40:06,organic,tablet,3,1,1
5419,,2025-11-01 08:54:33,organic,tablet,4,0,0
5420,,2025-11-01 09:48:08,paid_search,mobile,12,0,0
5421,563,2025-11-01 13:22:06,organic,mobile,2,1,0
5422,,2025-11-01 16:54:30,direct,mobile,1,0,0
5423,173,2025-11-01 17:31:38,paid_search,desktop,11,0,0
5424,554,2025-11-01 21:43:30,paid_search,mobile,1,0,0
5425,,2025-11-02 05:57:18,organic,mobile,4,1,0
5426,341,2025-11-02 09:57:22,organic,mobile,2,0,0
5427,,2025-11-02 12:44:45,organic,desktop,2,0,0
5428,543,2025-11-02 13:55:19,referral,mobile,2,0,0
5429,58,2025-11-02 16:28:11,organic,mobile,3,0,0
5430,,2025-11-02 16:56:11,referral,mobile,1,0,0
5431,225,2025-11-02 17:01:31,email,desktop,2,0,0
5432,174,2025-11-02 20:47:06,organic,tablet,1,0,0
5433,,2025-11-02 22:33:25,social,mobile,2,0,0
5434,350,2025-11-03 00:42:17,organic,desktop,5,1,1
5435,35,2025-11-03 01:11:57,direct,mobile,3,0,0
5436,393,2025-11-03 04:02:41,social,mobile,5,0,0
5437,528,2025-11-03 06:47:23,social,desktop,4,0,0
5438,433,2025-11-03 09:47:44,organic,mobile,6,0,0
5439,,2025-11-03 10:51:16,paid_search,mobile,2,0,0
5440,70,2025-11-03 11:04:42,paid_search,mobile,3,0,0
5441,379,2025-11-03 11:37:21,paid_search,mobile,2,0,0
5442,405,2025-11-03 13:23:38,organic,mobile,11,1,1
5443,3,2025-11-03 14:18:14,organic,mobile,2,1,0
5444,236,2025-11-03 16:46:33,organic,tablet,2,0,0
5445,301,2025-11-03 16:46:43,referral,mobile,1,1,1
5446,,2025-11-03 19:58:00,referral,mobile,1,0,0
5447,,2025-11-03 20:39:51,organic,mobile,2,0,0
5448,,2025-11-03 23:41:53,organic,mobile,6,0,0
5449,,2025-11-04 01:37:18,social,mobile,1,0,0
5450,204,2025-11-04 02:11:16,paid_search,mobile,10,1,0
5451,526,2025-11-04 02:41:17,organic,desktop,12,1,1
5452,129,2025-11-04 05:20:46,email,mobile,1,0,0
5453,112,2025-11-04 06:24:10,referral,mobile,2,0,0
5454,111,2025-11-04 06:46:46,organic,mobile,1,0,0
5455,104,2025-11-04 07:38:43,email,tablet,2,1,0
5456,286,2025-11-04 09:13:19,paid_search,tablet,2,0,0
5457,,2025-11-04 10:11:18,paid_search,desktop,1,1,1
5458,,2025-11-04 12:40:40,email,desktop,6,0,0
5459,,2025-11-04 18:36:30,direct,desktop,5,0,0
5460,222,2025-11-04 18:50:17,paid_search,mobile,1,0,0
5461,,2025-11-04 22:11:18,social,mobile,1,0,0
5462,226,2025-11-05 00:28:21,paid_search,mobile,2,0,0
5463,,2025-11-05 02:06:33,social,desktop,1,0,0
5464,593,2025-11-05 05:07:58,organic,mobile,5,0,0
5465,556,2025-11-05 06:17:44,paid_search,desktop,6,0,0
5466,555,2025-11-05 11:50:13,organic,mobile,3,0,0
5467,548,2025-11-05 13:02:41,organic,mobile,1,0,0
5468,,2025-11-05 14:07:41,organic,mobile,3,0,0
5469,,2025-11-05 14:21:17,paid_search,mobile,6,0,0
5470,,2025-11-05 16:42:11,email,mobile,1,1,0
5471,585,2025-11-06 01:43:53,email,mobile,1,0,0
5472,,2025-11-06 05:58:56,email,mobile,3,1,0
5473,576,2025-11-06 06:36:26,paid_search,desktop,1,0,0
5474,,2025-11-06 07:38:35,organic,desktop,10,1,1
5475,340,2025-11-06 09:52:38,organic,mobile,22,0,0
5476,,2025-11-06 11:41:55,paid_search,desktop,1,0,0
5477,,2025-11-06 19:36:59,direct,mobile,1,0,0
5478,,2025-11-06 20:14:48,email,tablet,1,0,0
5479,,2025-11-06 20:39:03,social,desktop,3,0,0
5480,,2025-11-06 22:08:59,direct,mobile,1,0,0
5481,,2025-11-07 01:07:47,paid_search,tablet,2,0,0
5482,102,2025-11-07 02:44:29,organic,mobile,4,0,0
5483,241,2025-11-07 04:24:46,organic,mobile,4,1,0
5484,46,2025-11-07 04:44:03,paid_search,mobile,2,1,1
5485,359,2025-11-07 04:51:40,paid_search,mobile,14,1,0
5486,319,2025-11-07 05:43:16,email,desktop,4,0,0
5487,,2025-11-07 11:54:14,paid_search,desktop,8,1,1
5488,,2025-11-07 16:43:57,referral,desktop,6,0,0
5489,,2025-11-07 17:16:29,organic,mobile,3,0,0
5490,333,2025-11-07 17:40:09,organic,desktop,8,0,0
5491,355,2025-11-07 20:48:33,paid_search,mobile,4,0,0
5492,,2025-11-07 22:54:27,organic,mobile,1,0,0
5493,438,2025-11-08 00:03:45,email,mobile,11,0,0
5494,,2025-11-08 00:11:15,social,mobile,1,0,0
5495,52,2025-11-08 02:11:16,social,desktop,13,1,0
5496,,2025-11-08 02:51:49,email,mobile,9,0,0
5497,,2025-11-08 05:55:31,paid_search,mobile,2,0,0
5498,,2025-11-08 07:56:40,email,mobile,6,0,0
5499,,2025-11-08 10:20:44,paid_search,tablet,3,0,0
5500,,2025-11-08 12:49:51,paid_search,mobile,1,0,0
5501,448,2025-11-08 14:27:20,social,mobile,7,0,0
5502,412,2025-11-08 20:26:27,paid_search,tablet,1,0,0
5503,432,2025-11-09 00:12:48,referral,desktop,2,0,0
5504,,2025-11-09 03:20:15,paid_search,mobile,4,0,0
5505,,2025-11-09 12:35:41,referral,mobile,3,0,0
5506,531,2025-11-09 14:02:42,direct,desktop,3,1,1
5507,,2025-11-09 16:23:31,organic,mobile,1,0,0
5508,,2025-11-09 16:54:05,email,desktop,1,0,0
5509,250,2025-11-09 17:24:17,social,desktop,11,0,0
5510,,2025-11-09 17:33:04,referral,mobile,2,0,0
5511,,2025-11-09 18:45:00,social,desktop,7,0,0
5512,358,2025-11-10 01:48:28,social,desktop,3,0,0
5513,271,2025-11-10 02:12:02,email,mobile,5,0,0
5514,,2025-11-10 05:34:58,social,desktop,8,0,0
5515,,2025-11-10 08:09:22,paid_search,mobile,1,0,0
5516,,2025-11-10 08:41:06,organic,desktop,6,1,0
5517,,2025-11-10 10:32:20,organic,tablet,1,0,0
5518,13,2025-11-10 10:53:30,organic,desktop,10,0,0
5519,,2025-11-10 13:30:08,referral,mobile,4,0,0
5520,176,2025-11-10 21:12:59,organic,mobile,1,0,0
5521,,2025-11-10 21:28:43,email,desktop,1,0,0
5522,,2025-11-10 22:11:19,social,desktop,2,0,0
5523,,2025-11-11 00:48:40,email,mobile,1,0,0
5524,,2025-11-11 05:23:49,paid_search,mobile,4,0,0
5525,464,2025-11-11 06:53:29,organic,mobile,15,0,0
5526,279,2025-11-11 07:47:46,organic,desktop,10,0,0
5527,319,2025-11-11 11:48:03,paid_search,mobile,3,0,0
5528,459,2025-11-11 14:14:34,organic,desktop,5,1,1
5529,,2025-11-11 15:48:26,referral,mobile,2,0,0
5530,306,2025-11-11 20:13:50,organic,mobile,1,0,0
5531,,2025-11-12 03:35:36,referral,desktop,27,1,0
5532,,2025-11-12 04:45:48,organic,mobile,10,1,0
5533,,2025-11-12 07:15:39,organic,mobile,5,0,0
5534,525,2025-11-12 08:18:10,organic,mobile,2,0,0
5535,,2025-11-12 17:35:48,paid_search,mobile,1,0,0
5536,337,2025-11-12 17:47:14,direct,mobile,5,0,0
5537,,2025-11-12 22:29:40,social,mobile,8,0,0
5538,,2025-11-12 22:51:46,social,mobile,15,1,1
5539,,2025-11-13 00:58:33,paid_search,desktop,1,0,0
5540,,2025-11-13 01:05:04,organic,mobile,7,0,0
5541,411,2025-11-13 01:06:28,organic,mobile,1,0,0
5542,124,2025-11-13 05:28:42,paid_search,desktop,3,0,0
5543,,2025-11-13 06:15:57,social,mobile,4,0,0
5544,456,2025-11-13 07:34:22,paid_search,tablet,1,0,0
5545,69,2025-11-13 10:24:36,paid_search,desktop,16,1,0
5546,449,2025-11-13 11:23:08,organic,tablet,7,1,1
5547,,2025-11-13 14:49:26,social,mobile,11,1,0
5548,89,2025-11-13 17:12:23,organic,mobile,4,0,0
5549,,2025-11-13 22:17:54,paid_search,mobile,1,0,0
5550,524,2025-11-14 00:14:32,email,desktop,2,0,0
5551,,2025-11-14 03:04:25,referral,desktop,9,0,0
5552,569,2025-11-14 11:39:16,paid_search,desktop,1,0,0
5553,,2025-11-14 12:27:45,referral,desktop,1,0,0
5554,421,2025-11-14 17:29:30,direct,mobile,10,1,0
5555,,2025-11-14 19:05:48,direct,desktop,1,0,0
5556,,2025-11-14 19:14:13,organic,mobile,4,0,0
5557,,2025-11-14 21:46:05,email,mobile,2,0,0
5558,459,2025-11-14 22:49:09,organic,desktop,2,0,0
5559,,2025-11-15 00:48:46,organic,mobile,4,1,0
5560,592,2025-11-15 04:19:53,paid_search,mobile,1,0,0
5561,582,2025-11-15 09:08:25,paid_search,mobile,2,0,0
5562,,2025-11-15 14:49:52,organic,mobile,11,0,0
5563,,2025-11-15 18:48:24,organic,mobile,1,1,0
5564,,2025-11-15 19:40:17,organic,mobile,1,0,0
5565,390,2025-11-15 20:50:43,paid_search,mobile,4,0,0
5566,195,2025-11-15 21:59:44,direct,tablet,4,0,0
5567,478,2025-11-16 04:32:42,referral,tablet,17,0,0
5568,351,2025-11-16 04:55:30,paid_search,desktop,1,0,0
5569,258,2025-11-16 05:08:19,direct,desktop,15,0,0
5570,119,2025-11-16 05:29:48,organic,mobile,5,0,0
5571,234,2025-11-16 06:00:46,email,desktop,10,0,0
5572,,2025-11-16 06:10:21,referral,desktop,3,0,0
5573,,2025-11-16 06:40:55,email,mobile,2,0,0
5574,,2025-11-16 11:05:39,organic,mobile,4,1,0
5575,,2025-11-16 11:18:43,organic,mobile,4,0,0
5576,,2025-11-16 11:45:49,paid_search,mobile,3,1,0
5577,389,2025-11-16 11:46:12,paid_search,mobile,1,0,0
5578,,2025-11-16 13:54:20,social,mobile,7,0,0
5579,,2025-11-16 16:44:48,direct,mobile,1,0,0
5580,,2025-11-16 17:34:20,organic,mobile,1,1,1
5581,,2025-11-17 06:26:17,organic,mobile,1,0,0
5582,,2025-11-17 07:58:51,direct,mobile,7,0,0
5583,78,2025-11-17 08:26:06,organic,tablet,1,0,0
5584,,2025-11-17 11:46:25,social,desktop,6,0,0
5585,,2025-11-17 11:56:25,direct,tablet,3,0,0
5586,,2025-11-17 12:06:13,direct,mobile,4,1,0
5587,590,2025-11-17 14:26:43,paid_search,mobile,6,0,0
5588,230,2025-11-17 14:41:20,email,mobile,2,0,0
5589,,2025-11-17 23:19:57,social,desktop,5,0,0
5590,58,2025-11-18 05:47:53,organic,mobile,2,0,0
5591,,2025-11-18 06:24:39,paid_search,mobile,2,1,0
5592,179,2025-11-18 07:39:19,organic,mobile,1,0,0
5593,94,2025-11-18 15:15:09,social,mobile,3,0,0
5594,375,2025-11-18 15:25:02,referral,desktop,4,0,0
5595,222,2025-11-18 16:39:44,direct,mobile,4,1,0
5596,,2025-11-18 16:57:18,organic,mobile,3,0,0
5597,405,2025-11-18 19:25:17,paid_search,desktop,4,0,0
5598,,2025-11-19 02:02:08,organic,mobile,1,0,0
5599,,2025-11-19 03:46:49,organic,mobile,9,0,0
5600,,2025-11-19 05:51:57,direct,tablet,1,0,0
5601,,2025-11-19 06:10:37,social,mobile,1,0,0
5602,,2025-11-19 06:59:08,direct,desktop,2,1,1
5603,554,2025-11-20 05:59:21,direct,desktop,5,0,0
5604,,2025-11-20 07:31:25,paid_search,mobile,7,0,0
5605,409,2025-11-20 07:37:33,paid_search,mobile,3,0,0
5606,331,2025-11-20 07:57:37,organic,desktop,1,0,0
5607,,2025-11-20 10:33:06,social,mobile,3,0,0
5608,,2025-11-20 10:56:56,direct,mobile,2,0,0
5609,,2025-11-20 11:58:27,social,mobile,4,0,0
5610,,2025-11-20 12:21:31,direct,desktop,1,0,0
5611,,2025-11-20 13:57:31,organic,mobile,4,0,0
5612,,2025-11-20 15:00:52,organic,mobile,7,0,0
5613,,2025-11-20 15:50:28,paid_search,desktop,3,0,0
5614,227,2025-11-20 17:57:19,organic,desktop,5,1,0
5615,496,2025-11-20 19:35:30,direct,desktop,2,0,0
5616,113,2025-11-20 20:02:04,organic,mobile,2,1,1
5617,191,2025-11-20 22:05:41,direct,desktop,4,0,0
5618,287,2025-11-21 03:52:18,referral,mobile,2,0,0
5619,,2025-11-21 09:30:39,organic,desktop,5,0,0
5620,,2025-11-21 11:07:51,social,mobile,1,0,0
5621,214,2025-11-21 11:38:46,organic,mobile,8,0,0
5622,45,2025-11-21 12:12:21,direct,desktop,1,0,0
5623,,2025-11-21 15:57:38,email,desktop,1,0,0
5624,,2025-11-21 22:07:15,organic,tablet,1,0,0
5625,137,2025-11-22 00:28:37,organic,mobile,3,0,0
5626,500,2025-11-22 04:20:38,email,desktop,21,1,1
5627,235,2025-11-22 05:16:46,email,desktop,1,0,0
5628,1,2025-11-22 07:45:51,email,mobile,4,0,0
5629,,2025-11-22 10:45:25,organic,desktop,14,0,0
5630,,2025-11-22 11:50:00,organic,mobile,7,0,0
5631,183,2025-11-22 11:50:30,email,mobile,1,1,0
5632,154,2025-11-22 14:32:29,email,mobile,6,1,0
5633,,2025-11-22 17:29:54,direct,tablet,3,0,0
5634,45,2025-11-22 22:24:44,direct,mobile,2,0,0
5635,,2025-11-23 01:01:23,direct,desktop,14,1,1
5636,,2025-11-23 04:00:44,organic,mobile,1,0,0
5637,,2025-11-23 09:59:03,social,mobile,6,0,0
5638,,2025-11-23 10:30:54,email,desktop,1,1,1
5639,,2025-11-23 11:31:55,email,desktop,1,0,0
5640,297,2025-11-23 14:00:49,email,mobile,1,0,0
5641,,2025-11-23 18:20:51,organic,mobile,1,0,0
5642,473,2025-11-24 01:02:50,email,desktop,5,0,0
5643,417,2025-11-24 01:18:58,social,mobile,3,0,0
5644,202,2025-11-24 03:40:03,organic,mobile,2,0,0
5645,,2025-11-24 07:36:44,social,tablet,14,0,0
5646,,2025-11-24 07:37:32,organic,tablet,5,0,0
5647,,2025-11-24 08:09:38,organic,mobile,1,0,0
5648,531,2025-11-24 12:28:54,paid_search,mobile,1,0,0
5649,330,2025-11-24 14:53:59,social,mobile,1,0,0
5650,199,2025-11-24 20:04:23,social,desktop,1,0,0
5651,,2025-11-24 21:18:01,direct,mobile,2,0,0
5652,,2025-11-24 21:40:38,referral,mobile,8,0,0
5653,,2025-11-24 23:51:37,social,desktop,2,0,0
5654,,2025-11-25 02:35:15,organic,desktop,1,0,0
5655,,2025-11-25 02:41:04,organic,mobile,10,0,0
5656,,2025-11-25 03:20:52,organic,desktop,1,0,0
5657,,2025-11-25 04:15:24,organic,desktop,6,0,0
5658,,2025-11-25 06:14:43,referral,mobile,1,0,0
5659,192,2025-11-25 07:46:37,organic,desktop,7,1,0
5660,,2025-11-25 08:10:47,email,desktop,14,0,0
5661,,2025-11-25 10:01:34,email,mobile,8,0,0
5662,328,2025-11-25 12:03:01,email,tablet,2,0,0
5663,58,2025-11-25 13:23:02,organic,desktop,2,0,0
5664,575,2025-11-25 14:24:45,paid_search,mobile,10,1,0
5665,515,2025-11-25 20:33:37,paid_search,desktop,3,0,0
5666,1,2025-11-25 20:36:18,paid_search,mobile,1,0,0
5667,,2025-11-25 23:48:59,social,desktop,3,0,0
5668,,2025-11-26 02:58:37,organic,mobile,6,0,0
5669,,2025-11-26 04:32:01,email,desktop,3,0,0
5670,,2025-11-26 06:21:46,organic,desktop,6,0,0
5671,,2025-11-26 08:35:04,email,mobile,1,0,0
5672,,2025-11-26 08:49:19,paid_search,desktop,3,0,0
5673,26,2025-11-26 09:52:53,referral,desktop,2,0,0
5674,,2025-11-26 15:09:19,organic,mobile,2,0,0
5675,581,2025-11-26 15:23:23,email,mobile,2,0,0
5676,,2025-11-26 17:57:25,direct,mobile,9,0,0
5677,125,2025-11-26 18:04:26,social,desktop,8,0,0
5678,31,2025-11-26 18:15:28,organic,mobile,2,1,0
5679,,2025-11-26 22:32:45,paid_search,desktop,7,0,0
5680,71,2025-11-27 01:23:14,organic,mobile,1,0,0
5681,341,2025-11-27 01:25:03,social,mobile,5,1,0
5682,,2025-11-27 05:45:31,paid_search,tablet,2,0,0
5683,,2025-11-27 06:17:25,direct,mobile,4,0,0
5684,111,2025-11-27 08:30:46,direct,mobile,3,0,0
5685,,2025-11-27 11:12:48,email,mobile,2,0,0
5686,,2025-11-27 14:13:09,organic,mobile,1,0,0
5687,84,2025-11-27 18:16:00,social,desktop,8,0,0
5688,445,2025-11-27 21:13:42,paid_search,tablet,1,0,0
5689,401,2025-11-27 21:55:23,organic,tablet,2,0,0
5690,122,2025-11-27 23:46:48,organic,mobile,3,1,1
5691,325,2025-11-28 02:07:16,paid_search,desktop,29,1,1
5692,482,2025-11-28 02:46:40,social,mobile,1,0,0
5693,,2025-11-28 03:40:04,organic,tablet,6,0,0
5694,108,2025-11-28 04:49:08,paid_search,mobile,12,1,1
5695,195,2025-11-28 05:25:43,social,mobile,1,0,0
5696,153,2025-11-28 05:32:58,organic,mobile,5,0,0
5697,,2025-11-28 11:58:57,social,mobile,3,0,0
5698,,2025-11-29 01:13:47,direct,mobile,3,0,0
5699,236,2025-11-29 04:38:55,paid_search,desktop,3,0,0
5700,,2025-11-29 04:48:03,organic,mobile,3,0,0
5701,534,2025-11-29 07:26:59,social,mobile,7,1,0
5702,,2025-11-29 09:20:32,paid_search,mobile,1,0,0
5703,,2025-11-29 09:52:20,organic,mobile,22,1,1
5704,,2025-11-29 11:27:29,email,mobile,1,0,0
5705,598,2025-11-29 14:15:23,email,mobile,1,0,0
5706,,2025-11-29 16:33:07,social,mobile,17,1,0
5707,,2025-11-29 17:19:08,email,tablet,2,0,0
5708,,2025-11-29 18:14:11,email,tablet,2,0,0
5709,159,2025-11-30 04:19:49,social,mobile,5,0,0
5710,95,2025-11-30 08:20:27,referral,mobile,5,0,0
5711,,2025-11-30 09:25:47,organic,mobile,2,0,0
5712,369,2025-11-30 11:49:39,direct,desktop,1,1,1
5713,,2025-11-30 12:20:41,referral,desktop,19,0,0
5714,16,2025-11-30 18:47:06,referral,mobile,4,0,0
5715,,2025-11-30 21:01:39,organic,tablet,1,0,0
5716,,2025-11-30 21:12:35,social,mobile,1,0,0
5717,,2025-11-30 22:29:41,paid_search,mobile,1,0,0
5718,,2025-12-01 00:03:36,direct,mobile,3,0,0
5719,458,2025-12-01 02:23:55,social,mobile,2,0,0
5720,,2025-12-01 04:09:43,organic,tablet,1,0,0
5721,,2025-12-01 04:38:16,social,mobile,1,0,0
5722,,2025-12-01 05:06:11,paid_search,tablet,15,1,0
5723,,2025-12-01 11:30:45,social,mobile,1,0,0
5724,,2025-12-01 12:43:13,direct,mobile,4,0,0
5725,,2025-12-01 12:44:53,paid_search,desktop,7,0,0
5726,,2025-12-01 16:59:18,email,mobile,7,0,0
5727,376,2025-12-01 18:10:45,social,mobile,7,1,1
5728,519,2025-12-01 19:08:18,email,mobile,4,1,1
5729,192,2025-12-02 00:04:39,social,mobile,1,0,0
5730,,2025-12-02 00:35:18,direct,mobile,2,0,0
5731,,2025-12-02 04:30:17,referral,desktop,6,0,0
5732,,2025-12-02 16:18:05,email,desktop,13,1,1
5733,,2025-12-02 18:31:04,organic,desktop,3,0,0
5734,,2025-12-02 21:16:57,social,desktop,5,0,0
5735,37,2025-12-03 04:33:45,email,mobile,1,0,0
5736,,2025-12-03 05:55:50,referral,mobile,1,0,0
5737,,2025-12-03 09:31:08,email,mobile,3,1,1
5738,,2025-12-03 09:43:20,paid_search,mobile,1,0,0
5739,,2025-12-03 10:22:41,social,desktop,4,0,0
5740,576,2025-12-03 12:17:17,paid_search,mobile,4,0,0
5741,395,2025-12-03 13:55:51,email,mobile,3,0,0
5742,205,2025-12-03 15:32:54,organic,desktop,4,0,0
5743,188,2025-12-03 15:43:46,direct,mobile,3,0,0
5744,325,2025-12-03 16:48:07,organic,mobile,3,0,0
5745,,2025-12-03 17:59:42,organic,desktop,5,0,0
5746,100,2025-12-03 18:28:43,organic,mobile,1,1,1
5747,,2025-12-03 18:50:23,social,desktop,6,0,0
5748,,2025-12-04 02:33:56,organic,mobile,1,0,0
5749,229,2025-12-04 03:06:08,direct,mobile,1,0,0
5750,,2025-12-04 11:11:06,social,mobile,3,0,0
5751,429,2025-12-04 12:21:18,paid_search,mobile,1,0,0
5752,228,2025-12-04 12:44:53,email,desktop,5,0,0
5753,454,2025-12-04 16:01:26,social,mobile,7,0,0
5754,,2025-12-04 18:27:27,paid_search,tablet,2,0,0
5755,173,2025-12-04 20:20:35,organic,desktop,1,0,0
5756,253,2025-12-05 01:19:21,organic,mobile,1,0,0
5757,,2025-12-05 02:10:22,organic,mobile,4,0,0
5758,,2025-12-05 02:48:52,organic,tablet,3,1,0
5759,56,2025-12-05 07:06:03,organic,mobile,5,1,0
5760,,2025-12-05 07:15:30,organic,desktop,1,0,0
5761,546,2025-12-05 11:42:21,organic,mobile,1,0,0
5762,337,2025-12-05 13:27:02,paid_search,desktop,33,1,1
5763,448,2025-12-05 14:12:32,paid_search,mobile,2,0,0
5764,,2025-12-05 14:15:22,organic,mobile,1,0,0
5765,,2025-12-05 19:18:44,paid_search,mobile,6,0,0
5766,,2025-12-05 21:28:22,organic,mobile,1,0,0
5767,,2025-12-05 22:19:19,email,desktop,9,0,0
5768,,2025-12-06 05:02:10,social,mobile,10,0,0
5769,258,2025-12-06 06:24:56,organic,desktop,1,0,0
5770,289,2025-12-06 09:37:42,referral,mobile,1,0,0
5771,8,2025-12-06 10:02:03,organic,mobile,10,1,0
5772,,2025-12-06 10:04:13,direct,desktop,6,0,0
5773,,2025-12-06 11:25:23,paid_search,mobile,1,0,0
5774,,2025-12-06 13:30:46,paid_search,tablet,3,1,1
5775,,2025-12-06 15:06:07,email,desktop,4,0,0
5776,61,2025-12-06 15:52:14,organic,desktop,6,0,0
5777,117,2025-12-06 22:43:39,organic,mobile,7,0,0
5778,,2025-12-07 06:21:55,social,desktop,8,1,0
5779,356,2025-12-07 06:24:42,social,desktop,2,0,0
5780,71,2025-12-07 15:02:45,organic,mobile,3,0,0
5781,,2025-12-07 17:40:50,paid_search,mobile,2,0,0
5782,447,2025-12-07 20:42:03,email,mobile,3,0,0
5783,51,2025-12-07 21:53:31,email,desktop,20,1,0
5784,,2025-12-08 00:58:31,social,mobile,1,0,0
5785,588,2025-12-08 02:03:10,organic,desktop,1,0,0
5786,,2025-12-08 04:40:03,organic,mobile,1,0,0
5787,292,2025-12-08 05:38:37,organic,tablet,1,0,0
5788,22,2025-12-08 06:34:09,referral,tablet,3,0,0
5789,540,2025-12-08 07:51:27,social,desktop,20,1,0
5790,577,2025-12-08 07:58:13,direct,desktop,1,0,0
5791,,2025-12-08 14:17:26,organic,mobile,1,0,0
5792,,2025-12-08 15:14:45,organic,desktop,26,1,1
5793,,2025-12-08 17:45:08,email,desktop,1,1,1
5794,266,2025-12-09 02:36:52,paid_search,desktop,5,0,0
5795,175,2025-12-09 17:32:13,direct,mobile,1,0,0
5796,256,2025-12-09 17:32:26,social,mobile,3,0,0
5797,230,2025-12-09 18:56:17,direct,desktop,1,0,0
5798,,2025-12-09 22:58:03,paid_search,mobile,14,0,0
5799,,2025-12-10 05:25:09,organic,desktop,1,0,0
5800,47,2025-12-10 09:10:59,paid_search,mobile,1,0,0
5801,,2025-12-10 10:39:53,direct,desktop,1,0,0
5802,,2025-12-10 13:37:35,referral,desktop,1,0,0
5803,,2025-12-10 21:24:44,organic,desktop,11,0,0
5804,409,2025-12-10 22:19:45,email,mobile,4,1,0
5805,,2025-12-11 00:13:49,social,mobile,5,1,0
5806,,2025-12-11 03:40:41,organic,tablet,1,0,0
5807,,2025-12-11 06:19:13,organic,mobile,4,0,0
5808,,2025-12-11 08:09:27,social,mobile,4,0,0
5809,,2025-12-11 14:12:29,paid_search,desktop,2,0,0
5810,254,2025-12-11 16:48:26,social,mobile,2,1,1
5811,,2025-12-11 16:56:56,paid_search,mobile,4,0,0
5812,,2025-12-11 19:04:59,organic,mobile,4,0,0
5813,,2025-12-11 19:21:59,direct,desktop,10,0,0
5814,297,2025-12-11 19:34:44,direct,mobile,1,1,0
5815,271,2025-12-11 22:12:47,direct,desktop,1,0,0
5816,,2025-12-11 23:28:56,email,desktop,3,0,0
5817,,2025-12-12 03:32:22,referral,desktop,10,0,0
5818,,2025-12-12 15:38:18,paid_search,desktop,12,1,1
5819,587,2025-12-12 19:50:02,social,desktop,11,0,0
5820,341,2025-12-12 21:24:35,email,mobile,4,0,0
5821,219,2025-12-12 23:10:40,social,desktop,1,0,0
5822,197,2025-12-13 02:16:25,direct,desktop,2,0,0
5823,109,2025-12-13 03:36:53,direct,mobile,1,0,0
5824,572,2025-12-13 04:16:21,paid_search,mobile,5,0,0
5825,,2025-12-13 04:29:43,paid_search,mobile,4,0,0
5826,,2025-12-13 05:11:55,organic,mobile,1,0,0
5827,380,2025-12-13 05:42:33,social,desktop,1,1,0
5828,296,2025-12-13 05:49:05,organic,desktop,1,0,0
5829,207,2025-12-13 08:17:02,organic,mobile,1,0,0
5830,,2025-12-13 08:30:11,referral,mobile,10,0,0
5831,,2025-12-13 09:32:38,organic,mobile,2,0,0
5832,,2025-12-13 09:57:00,paid_search,mobile,1,0,0
5833,,2025-12-13 13:45:03,organic,desktop,1,0,0
5834,396,2025-12-13 14:45:56,email,desktop,5,1,1
5835,532,2025-12-13 16:06:56,organic,desktop,5,0,0
5836,,2025-12-13 17:16:33,paid_search,mobile,11,0,0
5837,,2025-12-13 22:40:31,email,desktop,1,1,1
5838,,2025-12-14 07:56:31,email,desktop,11,0,0
5839,387,2025-12-14 10:25:34,social,tablet,6,0,0
5840,,2025-12-14 11:21:13,organic,mobile,5,1,0
5841,84,2025-12-14 12:31:38,paid_search,mobile,2,0,0
5842,501,2025-12-14 14:33:56,direct,desktop,2,0,0
5843,5,2025-12-14 14:49:55,direct,mobile,10,0,0
5844,,2025-12-14 15:33:36,social,mobile,4,0,0
5845,,2025-12-14 16:47:38,paid_search,desktop,7,1,0
5846,583,2025-12-14 18:50:51,email,mobile,1,1,0
5847,,2025-12-15 00:14:16,organic,mobile,1,0,0
5848,,2025-12-15 01:28:03,paid_search,desktop,3,0,0
5849,,2025-12-15 04:05:46,paid_search,desktop,6,0,0
5850,,2025-12-15 09:47:38,direct,desktop,1,0,0
5851,,2025-12-15 10:01:22,organic,tablet,10,1,1
5852,256,2025-12-15 12:01:48,email,desktop,4,0,0
5853,,2025-12-15 12:08:55,organic,mobile,1,0,0
5854,402,2025-12-15 12:33:17,organic,mobile,1,0,0
5855,308,2025-12-15 14:12:27,organic,desktop,10,0,0
5856,473,2025-12-15 16:53:42,referral,desktop,3,0,0
5857,338,2025-12-15 20:53:13,organic,mobile,3,0,0
5858,,2025-12-15 21:55:15,social,mobile,1,0,0
5859,,2025-12-15 22:00:23,social,mobile,9,0,0
5860,,2025-12-15 22:27:52,social,mobile,6,0,0
5861,,2025-12-16 04:52:04,organic,mobile,5,0,0
5862,53,2025-12-16 07:14:50,organic,mobile,1,0,0
5863,35,2025-12-16 08:21:09,organic,mobile,2,0,0
5864,83,2025-12-16 09:20:12,email,mobile,19,1,0
5865,,2025-12-16 15:16:25,organic,mobile,20,0,0
5866,,2025-12-16 21:23:43,social,tablet,2,0,0
5867,,2025-12-16 21:48:30,direct,desktop,2,0,0
5868,163,2025-12-16 22:20:38,paid_search,mobile,1,0,0
5869,,2025-12-17 04:21:01,paid_search,mobile,1,0,0
5870,,2025-12-17 04:56:57,organic,mobile,1,0,0
5871,,2025-12-17 05:18:18,organic,desktop,6,1,0
5872,,2025-12-17 08:32:38,organic,tablet,3,0,0
5873,,2025-12-17 08:41:00,direct,mobile,7,0,0
5874,,2025-12-17 16:36:56,social,desktop,6,0,0
5875,,2025-12-18 01:42:02,social,mobile,1,0,0
5876,271,2025-12-18 04:50:16,organic,mobile,5,0,0
5877,389,2025-12-18 07:12:19,referral,mobile,1,0,0
5878,,2025-12-18 09:47:20,paid_search,mobile,9,0,0
5879,,2025-12-18 11:50:12,social,mobile,2,0,0
5880,307,2025-12-18 13:09:20,social,desktop,1,0,0
5881,140,2025-12-18 15:14:51,direct,desktop,4,1,1
5882,,2025-12-18 17:54:11,paid_search,mobile,1,0,0
5883,72,2025-12-18 19:47:27,paid_search,mobile,1,0,0
5884,,2025-12-18 20:15:09,direct,mobile,2,0,0
5885,104,2025-12-18 21:08:56,email,mobile,6,0,0
5886,210,2025-12-18 21:18:38,organic,desktop,15,1,1
5887,144,2025-12-19 00:03:52,organic,mobile,4,0,0
5888,1,2025-12-19 00:38:52,organic,tablet,19,1,1
5889,,2025-12-19 04:40:07,paid_search,mobile,4,0,0
5890,79,2025-12-19 06:28:49,referral,desktop,2,0,0
5891,561,2025-12-19 07:25:20,referral,mobile,3,0,0
5892,257,2025-12-19 13:40:45,paid_search,mobile,1,0,0
5893,515,2025-12-19 15:46:12,email,mobile,3,0,0
5894,,2025-12-19 15:53:01,direct,mobile,3,0,0
5895,139,2025-12-19 16:46:26,paid_search,desktop,2,1,0
5896,275,2025-12-19 18:00:38,email,mobile,3,0,0
5897,,2025-12-19 18:45:13,email,desktop,2,0,0
5898,,2025-12-19 19:42:13,direct,desktop,1,0,0
5899,534,2025-12-19 20:04:47,email,desktop,2,0,0
5900,21,2025-12-19 20:12:35,paid_search,mobile,4,0,0
5901,528,2025-12-20 03:36:08,direct,desktop,1,0,0
5902,,2025-12-20 05:36:15,organic,desktop,4,0,0
5903,6,2025-12-20 10:58:43,paid_search,mobile,1,0,0
5904,340,2025-12-20 12:48:44,social,desktop,2,0,0
5905,584,2025-12-20 14:49:02,email,mobile,3,0,0
5906,264,2025-12-20 17:11:36,organic,desktop,2,1,1
5907,,2025-12-20 20:57:52,organic,desktop,1,0,0
5908,,2025-12-20 22:25:21,paid_search,tablet,2,0,0
5909,,2025-12-21 03:21:04,organic,desktop,5,1,1
5910,,2025-12-21 16:00:19,social,mobile,8,0,0
5911,,2025-12-21 16:16:36,direct,mobile,2,0,0
5912,,2025-12-21 18:38:10,email,desktop,2,0,0
5913,,2025-12-22 02:37:35,organic,desktop,5,0,0
5914,,2025-12-22 04:08:45,email,mobile,10,0,0
5915,42,2025-12-22 04:50:12,organic,tablet,3,1,1
5916,,2025-12-22 04:59:36,paid_search,desktop,6,0,0
5917,361,2025-12-22 07:22:32,organic,mobile,14,0,0
5918,,2025-12-22 12:07:19,social,mobile,4,0,0
5919,,2025-12-22 14:49:09,organic,desktop,1,0,0
5920,,2025-12-22 18:08:40,social,desktop,1,0,0
5921,231,2025-12-22 18:34:03,organic,desktop,15,1,1
5922,222,2025-12-23 02:09:25,email,desktop,1,1,1
5923,342,2025-12-23 04:43:09,social,desktop,1,1,0
5924,,2025-12-23 05:33:25,social,mobile,1,0,0
5925,,2025-12-23 07:26:23,organic,mobile,7,1,0
5926,,2025-12-23 07:36:52,social,mobile,5,0,0
5927,,2025-12-23 07:40:33,organic,desktop,2,0,0
5928,,2025-12-23 10:04:39,direct,tablet,1,0,0
5929,410,2025-12-23 13:00:53,direct,desktop,4,0,0
5930,,2025-12-23 13:17:51,direct,desktop,4,0,0
5931,,2025-12-23 14:45:20,social,mobile,13,1,1
5932,2,2025-12-23 17:01:42,email,desktop,1,0,0
5933,,2025-12-23 18:59:21,social,desktop,2,0,0
5934,,2025-12-23 21:26:20,referral,mobile,2,0,0
5935,,2025-12-23 21:30:44,direct,desktop,24,1,1
5936,353,2025-12-23 23:50:16,paid_search,desktop,1,0,0
5937,,2025-12-24 00:03:48,email,mobile,13,0,0
5938,,2025-12-24 00:48:25,organic,desktop,1,0,0
5939,203,2025-12-24 01:54:45,organic,desktop,2,1,0
5940,,2025-12-24 09:23:57,organic,desktop,1,0,0
5941,455,2025-12-24 13:53:19,paid_search,mobile,3,0,0
5942,,2025-12-24 19:46:31,organic,mobile,5,1,0
5943,,2025-12-25 03:15:28,organic,mobile,4,0,0
5944,,2025-12-25 05:24:08,organic,desktop,2,0,0
5945,,2025-12-25 08:00:09,social,mobile,6,0,0
5946,224,2025-12-25 12:43:40,social,mobile,2,0,0
5947,582,2025-12-25 21:23:52,paid_search,mobile,5,1,0
5948,509,2025-12-25 23:09:43,referral,tablet,2,0,0
5949,26,2025-12-26 00:24:32,organic,mobile,1,1,1
5950,49,2025-12-26 03:16:21,paid_search,desktop,1,0,0
5951,55,2025-12-26 03:22:37,direct,mobile,1,0,0
5952,,2025-12-26 06:57:45,organic,mobile,1,0,0
5953,,2025-12-26 09:03:16,organic,mobile,5,1,1
5954,,2025-12-26 13:39:48,referral,mobile,3,0,0
5955,,2025-12-26 21:25:06,direct,desktop,6,0,0
5956,,2025-12-26 23:14:38,direct,mobile,1,0,0
5957,,2025-12-27 01:01:06,organic,mobile,6,0,0
5958,,2025-12-27 01:03:03,email,mobile,1,1,1
5959,,2025-12-27 02:50:05,email,desktop,20,0,0
5960,,2025-12-27 04:53:11,social,mobile,1,0,0
5961,,2025-12-27 04:59:39,direct,desktop,6,1,1
5962,578,2025-12-27 09:42:45,email,mobile,2,0,0
5963,,2025-12-27 10:58:07,organic,tablet,1,0,0
5964,,2025-12-27 18:04:24,paid_search,desktop,1,0,0
5965,,2025-12-27 19:43:47,paid_search,desktop,2,0,0
5966,309,2025-12-27 21:22:04,social,desktop,8,1,0
5967,,2025-12-27 21:56:59,organic,mobile,2,0,0
5968,,2025-12-28 03:21:20,direct,mobile,3,1,0
5969,365,2025-12-28 04:16:54,direct,mobile,6,1,0
5970,,2025-12-28 05:58:22,organic,tablet,2,0,0
5971,427,2025-12-28 08:55:47,organic,tablet,2,0,0
5972,278,2025-12-28 16:46:42,direct,mobile,1,0,0
5973,,2025-12-28 16:46:50,organic,mobile,4,0,0
5974,254,2025-12-28 20:50:19,email,mobile,7,0,0
5975,65,2025-12-28 23:28:24,referral,mobile,1,0,0
5976,198,2025-12-29 02:42:40,email,mobile,2,0,0
5977,,2025-12-29 03:15:10,direct,mobile,2,0,0
5978,51,2025-12-29 06:19:00,organic,mobile,6,0,0
5979,281,2025-12-29 09:10:37,organic,mobile,2,0,0
5980,,2025-12-29 10:27:22,social,tablet,2,0,0
5981,460,2025-12-29 11:28:49,direct,desktop,14,0,0
5982,314,2025-12-29 11:46:46,direct,tablet,6,0,0
5983,508,2025-12-29 15:09:07,social,mobile,4,0,0
5984,,2025-12-29 17:08:11,direct,desktop,3,0,0
5985,,2025-12-29 18:24:56,referral,mobile,1,0,0
5986,,2025-12-29 19:02:22,organic,mobile,7,0,0
5987,,2025-12-30 02:49:13,paid_search,mobile,1,0,0
5988,,2025-12-30 03:46:43,paid_search,desktop,1,0,0
5989,,2025-12-30 13:00:13,paid_search,desktop,4,0,0
5990,403,2025-12-30 15:03:07,email,mobile,1,0,0
5991,456,2025-12-30 17:56:30,organic,desktop,8,0,0
5992,,2025-12-30 18:36:16,email,mobile,1,0,0
5993,437,2025-12-30 19:44:31,organic,mobile,13,0,0
5994,,2025-12-30 23:07:21,direct,mobile,1,0,0
5995,,2025-12-31 06:07:42,organic,mobile,1,0,0
5996,,2025-12-31 06:53:59,email,mobile,2,0,0
5997,166,2025-12-31 08:05:36,organic,mobile,2,0,0
5998,,2025-12-31 08:54:44,social,mobile,1,0,0
5999,110,2025-12-31 13:51:32,social,mobile,7,0,0
6000,,2025-12-31 19:16:30,social,desktop,3,0,0
